age,syn_L_mean,syn_L_hpd_m95,syn_L_hpd_M95,syn_M_mean,syn_M_hpd_m95,syn_M_hpd_M95,syn_R_mean,syn_R_hpd_m95,syn_R_hpd_M95,rep_all_L_mean,rep_all_L_hpd_m95,rep_all_L_hpd_M95,rep_all_M_mean,rep_all_M_hpd_m95,rep_all_M_hpd_M95,rep_all_R_mean,rep_all_R_hpd_m95,rep_all_R_hpd_M95
-198.6296768,,,,,,,,,,0.008501712,0.000221939,0.020434845,0.336833395,0.22577554,0.449366572,-0.328331683,-0.444734924,-0.221849738
-198.7515221,0.026595141,0.000118436,0.085143161,0.242363691,0.097176552,0.402402497,-0.21576855,-0.387238723,-0.05095629,,,,,,,,,
-208,0.026595141,0.000118436,0.085143161,0.242363691,0.097176552,0.402402497,-0.21576855,-0.387238723,-0.05095629,0.008501712,0.000221939,0.020434845,0.336833395,0.22577554,0.449366572,-0.328331683,-0.444734924,-0.221849738
-208.00001,0.021785315,3.76E-05,0.054648177,0.089643421,0.014393749,0.161660314,-0.067858106,-0.146757532,0.01145106,0.008956845,0.000505055,0.020596115,0.018734154,0.003489225,0.035573191,-0.009777309,-0.030167221,0.010857786
-217,0.021785315,3.76E-05,0.054648177,0.089643421,0.014393749,0.161660314,-0.067858106,-0.146757532,0.01145106,0.008956845,0.000505055,0.020596115,0.018734154,0.003489225,0.035573191,-0.009777309,-0.030167221,0.010857786
-217.00001,0.011289138,0.000431848,0.030327546,0.06071998,0.013213407,0.111530243,-0.049430842,-0.104429531,0.005052546,0.010150498,0.000595021,0.024748733,0.012484495,0.001988759,0.024367137,-0.002333997,-0.01833964,0.019048311
-227,0.011289138,0.000431848,0.030327546,0.06071998,0.013213407,0.111530243,-0.049430842,-0.104429531,0.005052546,0.010150498,0.000595021,0.024748733,0.012484495,0.001988759,0.024367137,-0.002333997,-0.01833964,0.019048311
-227.00001,0.029470387,0.000169398,0.087469145,0.109788059,0.031219282,0.177804728,-0.080317672,-0.172813621,0.005236177,0.053758533,0.003590818,0.111729203,0.034520336,0.011372703,0.063833796,0.019238198,-0.046628438,0.088177066
-237,0.029470387,0.000169398,0.087469145,0.109788059,0.031219282,0.177804728,-0.080317672,-0.172813621,0.005236177,0.053758533,0.003590818,0.111729203,0.034520336,0.011372703,0.063833796,0.019238198,-0.046628438,0.088177066
-237.00001,0.08738627,0.015194486,0.169714371,0.148410676,0.046491455,0.242568481,-0.061024406,-0.178115912,0.06884029,0.111213677,0.024284299,0.202118729,0.101829439,0.024414345,0.173606893,0.009384237,-0.114702852,0.132389015
-242,0.08738627,0.015194486,0.169714371,0.148410676,0.046491455,0.242568481,-0.061024406,-0.178115912,0.06884029,0.111213677,0.024284299,0.202118729,0.101829439,0.024414345,0.173606893,0.009384237,-0.114702852,0.132389015
-242.00001,0.093717072,0.001723684,0.183031672,0.184717362,0.069485803,0.278946481,-0.091000291,-0.216929683,0.052757411,0.086988131,0.008386244,0.16340729,0.069646348,0.010072408,0.129573859,0.017341783,-0.089420812,0.117620256
-246.7,0.093717072,0.001723684,0.183031672,0.184717362,0.069485803,0.278946481,-0.091000291,-0.216929683,0.052757411,0.086988131,0.008386244,0.16340729,0.069646348,0.010072408,0.129573859,0.017341783,-0.089420812,0.117620256
-246.70001,0.122367866,0.020339959,0.210102461,0.251374412,0.126400917,0.404893039,-0.129006546,-0.290013744,0.027033876,0.442472624,0.18928024,0.696412251,0.156818724,0.052541296,0.25331646,0.285653901,0.016544745,0.557170228
-252,0.122367866,0.020339959,0.210102461,0.251374412,0.126400917,0.404893039,-0.129006546,-0.290013744,0.027033876,0.442472624,0.18928024,0.696412251,0.156818724,0.052541296,0.25331646,0.285653901,0.016544745,0.557170228
-252.00001,0.036617305,0.001392384,0.077379138,0.162948461,0.080720599,0.244891258,-0.126331156,-0.217506558,-0.037352162,0.06374625,0.00708084,0.12057802,0.081049984,0.014909053,0.159367464,-0.017303734,-0.115428433,0.071167622
-259.5,0.036617305,0.001392384,0.077379138,0.162948461,0.080720599,0.244891258,-0.126331156,-0.217506558,-0.037352162,0.06374625,0.00708084,0.12057802,0.081049984,0.014909053,0.159367464,-0.017303734,-0.115428433,0.071167622
-259.50001,0.168822579,0.01636066,0.295255502,0.048819243,0.003097717,0.099888202,0.120003336,-0.033149136,0.262562765,0.092677497,0.003746559,0.199179255,0.078379744,0.022234592,0.14447291,0.014297752,-0.100220023,0.152429393
-264.3,0.168822579,0.01636066,0.295255502,0.048819243,0.003097717,0.099888202,0.120003336,-0.033149136,0.262562765,0.092677497,0.003746559,0.199179255,0.078379744,0.022234592,0.14447291,0.014297752,-0.100220023,0.152429393
-264.30001,0.185886587,0.022336123,0.3738866,0.078967562,0.017757373,0.144321359,0.106919025,-0.068335828,0.298451037,0.087007669,0.009534435,0.193669614,0.03898389,0.006442177,0.080355719,0.04802378,-0.039548905,0.173044469
-274.4,0.185886587,0.022336123,0.3738866,0.078967562,0.017757373,0.144321359,0.106919025,-0.068335828,0.298451037,0.087007669,0.009534435,0.193669614,0.03898389,0.006442177,0.080355719,0.04802378,-0.039548905,0.173044469
-274.40001,0.047785238,0.001822879,0.116717459,0.074737519,0.01972785,0.140474173,-0.026952281,-0.111452546,0.067338974,0.07436672,0.009455896,0.160747285,0.079744734,0.004819511,0.169504153,-0.005378015,-0.134609227,0.12298445
-283.5,0.047785238,0.001822879,0.116717459,0.074737519,0.01972785,0.140474173,-0.026952281,-0.111452546,0.067338974,0.07436672,0.009455896,0.160747285,0.079744734,0.004819511,0.169504153,-0.005378015,-0.134609227,0.12298445
-283.50001,0.112072715,0.001487119,0.218234803,0.069131395,0.005682957,0.143582741,0.042941319,-0.085201296,0.171808349,0.120281131,0.021751277,0.235137437,0.100630553,0.022664669,0.179904055,0.019650578,-0.112996646,0.15023166
-290.1,0.112072715,0.001487119,0.218234803,0.069131395,0.005682957,0.143582741,0.042941319,-0.085201296,0.171808349,0.120281131,0.021751277,0.235137437,0.100630553,0.022664669,0.179904055,0.019650578,-0.112996646,0.15023166
-290.10001,0.147379012,0.041021725,0.253182128,0.067044405,0.009790381,0.127836872,0.080334608,-0.049033326,0.219659899,0.233578092,0.01989178,0.54371793,0.100186548,0.013998673,0.193632063,0.133391544,-0.146408139,0.437079457
-298.9593811,,,,,,,,,,0.233578092,0.01989178,0.54371793,0.100186548,0.013998673,0.193632063,0.133391544,-0.146408139,0.437079457
-299.9694519,0.147379012,0.041021725,0.253182128,0.067044405,0.009790381,0.127836872,0.080334608,-0.049033326,0.219659899,,,,,,,,,
