"age","L_mean","L_hpd_m95","L_hpd_M95","M_mean","M_hpd_m95","M_hpd_M95","R_mean","R_hpd_m95","R_hpd_M95"
-198.451635360718,0.00716407746519368,0.000100076630943675,0.018119131019349,0.343153685443087,0.199384320743432,0.461849218591024,-0.335989607977893,-0.474865372645156,-0.210474161956202
-208,0.00716407746519368,0.000100076630943675,0.018119131019349,0.343153685443087,0.199384320743432,0.461849218591024,-0.335989607977893,-0.474865372645156,-0.210474161956202
-208.00001,0.00487845726694485,4.54758824608315e-05,0.0113850733169467,0.00762238652213214,0.000256981557118762,0.0171863084367529,-0.00274392925518728,-0.0161114601489462,0.0100550792933555
-217,0.00487845726694485,4.54758824608315e-05,0.0113850733169467,0.00762238652213214,0.000256981557118762,0.0171863084367529,-0.00274392925518728,-0.0161114601489462,0.0100550792933555
-217.00001,0.00767640566238076,0.000352151637045149,0.0169364095785971,0.0053388509951987,0.000364330156414692,0.0121714390726484,0.00233755466718207,-0.00978495447682522,0.0143769389138015
-227,0.00767640566238076,0.000352151637045149,0.0169364095785971,0.0053388509951987,0.000364330156414692,0.0121714390726484,0.00233755466718207,-0.00978495447682522,0.0143769389138015
-227.00001,0.0915976124598682,0.0142892714032729,0.175188169532433,0.0114532087070222,0.0011446763606446,0.0262094726191476,0.080144403752846,0.000134764233763535,0.165685916444819
-237,0.0915976124598682,0.0142892714032729,0.175188169532433,0.0114532087070222,0.0011446763606446,0.0262094726191476,0.080144403752846,0.000134764233763535,0.165685916444819
-237.00001,0.201245717149201,0.069857223782672,0.304682560345148,0.106159617469443,0.0104088684397712,0.221684312917762,0.095086099679758,-0.0652842782331477,0.262381937918122
-242,0.201245717149201,0.069857223782672,0.304682560345148,0.106159617469443,0.0104088684397712,0.221684312917762,0.095086099679758,-0.0652842782331477,0.262381937918122
-242.00001,0.111350500895809,0.00363326750475309,0.243541168713139,0.116696548323744,0.0065269530614314,0.224091570621662,-0.00534604742793408,-0.163435816452275,0.177628593445438
-246.7,0.111350500895809,0.00363326750475309,0.243541168713139,0.116696548323744,0.0065269530614314,0.224091570621662,-0.00534604742793408,-0.163435816452275,0.177628593445438
-246.70001,0.470557306002869,0.216040008904695,0.711159038241526,0.242340995436055,0.0388107314313641,0.409822520821852,0.228216310566813,-0.0775554197384124,0.540266018070673
-252,0.470557306002869,0.216040008904695,0.711159038241526,0.242340995436055,0.0388107314313641,0.409822520821852,0.228216310566813,-0.0775554197384124,0.540266018070673
-252.00001,0.1097604071803,0.00277011893132991,0.217017244324976,0.170653208167709,0.0423757301049557,0.303245584297211,-0.0608928009874095,-0.233423229342851,0.110200098461321
-259.5,0.1097604071803,0.00277011893132991,0.217017244324976,0.170653208167709,0.0423757301049557,0.303245584297211,-0.0608928009874095,-0.233423229342851,0.110200098461321
-259.50001,0.165659435778781,0.0535201671933568,0.278170553012586,0.0724751948367017,0.000860719652829064,0.153951864202128,0.0931842409420793,-0.0464184157773899,0.25376630514505
-264.3,0.165659435778781,0.0535201671933568,0.278170553012586,0.0724751948367017,0.000860719652829064,0.153951864202128,0.0931842409420793,-0.0464184157773899,0.25376630514505
-264.30001,0.105870157791521,0.000798922468923993,0.211106178610867,0.0310192739327711,0.000655844170400356,0.085197224388674,0.0748508838587497,-0.0404177680167974,0.20254869142748
-274.4,0.105870157791521,0.000798922468923993,0.211106178610867,0.0310192739327711,0.000655844170400356,0.085197224388674,0.0748508838587497,-0.0404177680167974,0.20254869142748
-274.40001,0.0817599095729451,0.000719402348068846,0.185925724643302,0.0569813698886861,0.000981516235305338,0.154257465957874,0.0247785396842592,-0.115275749150378,0.182061707699112
-283.5,0.0817599095729451,0.000719402348068846,0.185925724643302,0.0569813698886861,0.000981516235305338,0.154257465957874,0.0247785396842592,-0.115275749150378,0.182061707699112
-283.50001,0.0798683644566304,0.000628667820503366,0.172688704111735,0.06836586938726,0.00245028302608458,0.164564856767543,0.0115024950693703,-0.135049516849909,0.139538051460486
-290.1,0.0798683644566304,0.000628667820503366,0.172688704111735,0.06836586938726,0.00245028302608458,0.164564856767543,0.0115024950693703,-0.135049516849909,0.139538051460486
-290.10001,0.482595511330684,0.0530839837611739,0.966821902484153,0.0554200973655455,0.00028296192048245,0.196221241800497,0.427175413965138,-0.0165981321924525,0.944500557041702
-298.944671630859,0.482595511330684,0.0530839837611739,0.966821902484153,0.0554200973655455,0.00028296192048245,0.196221241800497,0.427175413965138,-0.0165981321924525,0.944500557041702
