genus,Rotated_lat_min,Rotated_lat_max,Arctic,Temperate_N,Tropical,Temperate_S,Antarctic,lat_range,lat_range_z_trans
Acerosodontosaurus,-50.09196,-50.09196,0,0,0,1,0,0.0,-0.3179518273738846
Acrodenta,5.137181,5.137181,0,0,1,0,0,0.0,-0.3179518273738846
Adelosaurus,26.1672,26.1672,0,1,0,0,0,0.0,-0.3179518273738846
Aenigmasaurus,-60.88067,-60.88067,0,0,0,1,0,0.0,-0.3179518273738846
Aenigmastropheus,-47.78411,-47.78411,0,0,0,1,0,0.0,-0.3179518273738846
Agkistrognathus,31.61801,31.61801,0,1,0,0,0,0.0,-0.3179518273738846
Ammorhynchus,8.561859,9.506042,0,0,1,0,0,0.9441830000000007,-0.24450593047704175
Amotosaurus,22.98052,27.06795,0,1,1,0,0,4.087430000000001,2.6703266827895285e-07
Anarosaurus,26.46257,28.4265,0,1,0,0,0,1.9639300000000013,-0.1651820779793111
Anisodontosaurus,8.561859,9.506042,0,0,1,0,0,0.9441830000000007,-0.24450593047704175
Anomoiodon,11.92386,26.46257,0,1,1,0,0,14.53871,0.8129821077563789
Anshunsaurus,18.78245,18.78245,0,0,1,0,0,0.0,-0.3179518273738846
Antarctanax,-76.62466,-76.62466,0,0,0,0,1,0.0,-0.3179518273738846
Anthodon,-63.15948,-47.78411,0,0,0,1,0,15.375370000000004,0.8780640294788764
Archeopelta,-49.04351,-49.04351,0,0,0,1,0,0.0,-0.3179518273738846
Archosaurus,43.07523,46.3931,0,1,0,0,0,3.317869999999999,-0.05986209483567134
Arganaceras,5.137181,5.137181,0,0,1,0,0,0.0,-0.3179518273738846
Arizonasaurus,7.907044,9.506042,0,0,1,0,0,1.5989980000000008,-0.19356932711042094
Asilisaurus,-46.55859,-46.55859,0,0,0,1,0,0.0,-0.3179518273738846
Askeptosaurus,18.78245,20.93788,0,0,1,0,0,2.155429999999999,-0.15028571863398796
Asperoris,-46.55859,-46.55859,0,0,0,1,0,0.0,-0.3179518273738846
Atopodentatus,12.57983,12.57983,0,0,1,0,0,0.0,-0.3179518273738846
Augustaburiania,41.16511,57.37442,0,1,0,0,0,16.209310000000002,0.9429343684472257
Augustasaurus,16.03868,16.03868,0,0,1,0,0,0.0,-0.3179518273738846
Australothyris,-62.75164,-62.75164,0,0,0,1,0,0.0,-0.3179518273738846
Baisesaurus,9.647978,9.647978,0,0,1,0,0,0.0,-0.3179518273738846
Barasaurus,-47.63135,-37.33496,0,0,0,1,0,10.296389999999995,0.48298146452999746
Barberenasuchus,-49.04351,-49.04351,0,0,0,1,0,0.0,-0.3179518273738846
Barracudasauroides,12.57983,12.57983,0,0,1,0,0,0.0,-0.3179518273738846
Barracudasaurus,12.57983,15.06738,0,0,1,0,0,2.4875500000000006,-0.12445084205033886
Bashkyroleter,41.97247,42.68761,0,1,0,0,0,0.7151399999999981,-0.26232267634404394
Batrachotomus,27.72418,27.72418,0,1,0,0,0,0.0,-0.3179518273738846
Belebey,39.6978,42.6534,0,1,0,0,0,2.955599999999997,-0.08804227290371473
Benggwigwishingasuchus,16.03868,16.03868,0,0,1,0,0,0.0,-0.3179518273738846
Bentonyx,21.05439,21.05439,0,0,1,0,0,0.0,-0.3179518273738846
Besanosaurus,20.93788,20.93788,0,0,1,0,0,0.0,-0.3179518273738846
Blezingeria,26.46257,26.46257,0,1,0,0,0,0.0,-0.3179518273738846
Blomosaurus,45.21636,45.21636,0,1,0,0,0,0.0,-0.3179518273738846
Boreopricea,52.70026,52.70026,0,1,0,0,0,0.0,-0.3179518273738846
Bradysaurus,-62.75164,-62.75164,0,0,0,1,0,0.0,-0.3179518273738846
Brasinorhynchus,-49.04351,-49.04351,0,0,0,1,0,0.0,-0.3179518273738846
Bromsgroveia,23.39688,24.55053,0,1,1,0,0,1.153649999999999,-0.22821195813768502
Broomia,-65.18245,-62.75164,0,0,0,1,0,2.430810000000001,-0.1288645205320811
Bunostegos,-9.576991,-9.576991,0,0,1,0,0,0.0,-0.3179518273738846
Bystrowisuchus,41.16511,41.16511,0,1,0,0,0,0.0,-0.3179518273738846
Candelaria,-49.04351,-49.04351,0,0,0,1,0,0.0,-0.3179518273738846
Captorhinus,-47.78411,-47.78411,0,0,0,1,0,0.0,-0.3179518273738846
Cartorhynchus,32.10397,32.10397,0,1,0,0,0,0.0,-0.3179518273738846
Ceresiosaurus,12.62107,22.30036,0,0,1,0,0,9.679290000000002,0.4349786271827446
Chalishevia,51.56832,51.56832,0,1,0,0,0,0.0,-0.3179518273738846
Chanaresuchus,-49.98075,-49.98075,0,0,0,1,0,0.0,-0.3179518273738846
Chaohusaurus,15.79962,32.10397,0,1,1,0,0,16.304349999999996,0.9503273187980321
Chasmatosuchus,45.89776,49.80777,0,1,0,0,0,3.9100099999999998,-0.013800840408831897
Chinchenia,15.06738,15.06738,0,0,1,0,0,0.0,-0.3179518273738846
Cladeiodon,29.56131,29.56131,0,1,0,0,0,0.0,-0.3179518273738846
Clarazia,20.93788,20.93788,0,0,1,0,0,0.0,-0.3179518273738846
Claudiosaurus,-47.63135,-47.63135,0,0,0,1,0,0.0,-0.3179518273738846
Coartaredens,21.05439,21.05439,0,0,1,0,0,0.0,-0.3179518273738846
Coelodontognathus,41.16511,41.16511,0,1,0,0,0,0.0,-0.3179518273738846
Coelurosauravus,-50.09196,27.6348,0,1,0,1,0,77.72676,5.7282400666611135
Coletta,-62.62076,-62.62076,0,0,0,1,0,0.0,-0.3179518273738846
Collilongus,29.45002,29.45002,0,1,0,0,0,0.0,-0.3179518273738846
Contectopalatus,20.93788,20.93788,0,0,1,0,0,0.0,-0.3179518273738846
Corosaurus,16.0684,16.0684,0,0,1,0,0,0.0,-0.3179518273738846
Cosesaurus,12.62107,12.62107,0,0,1,0,0,0.0,-0.3179518273738846
Ctenosauriscus,28.45267,28.45267,0,1,0,0,0,0.0,-0.3179518273738846
Cyamodus,14.2073,31.13755,0,1,1,0,0,16.93025,0.9990146885851754
Cymatosaurus,22.98052,29.8481,0,1,1,0,0,6.86758,0.2162619559825408
Cymbospondylus,16.03868,47.30527,0,1,1,0,0,31.26659,2.1142067112312977
Czatkowiella,29.45002,29.45002,0,1,0,0,0,0.0,-0.3179518273738846
Dactylosaurus,27.06795,29.56131,0,1,0,0,0,2.493359999999999,-0.12399889506445737
Dawazisaurus,12.57983,12.57983,0,0,1,0,0,0.0,-0.3179518273738846
Decuriasuchus,-49.04351,-47.42171,0,0,0,1,0,1.6218000000000004,-0.19179561021333447
Deltavjatia,44.38761,44.38761,0,1,0,0,0,0.0,-0.3179518273738846
Diandongosaurus,12.57983,12.57983,0,0,1,0,0,0.0,-0.3179518273738846
Diandongosuchus,18.78245,18.78245,0,0,1,0,0,0.0,-0.3179518273738846
Dianmeisaurus,12.57983,12.57983,0,0,1,0,0,0.0,-0.3179518273738846
Dianopachysaurus,12.57983,12.57983,0,0,1,0,0,0.0,-0.3179518273738846
Dinocephalosaurus,12.57983,12.57983,0,0,1,0,0,0.0,-0.3179518273738846
Doliovertebra,26.46257,26.46257,0,1,0,0,0,0.0,-0.3179518273738846
Dongusuchus,46.885,48.82432,0,1,0,0,0,1.9393200000000022,-0.1670964351776839
Dorosuchus,48.82432,48.82432,0,1,0,0,0,0.0,-0.3179518273738846
Eifelosaurus,25.02402,25.02402,0,1,0,0,0,0.0,-0.3179518273738846
Elessaurus,-46.32232,-46.32232,0,0,0,1,0,0.0,-0.3179518273738846
Elginia,27.72345,38.44569,0,1,0,0,0,10.72224,0.5161073894762428
Elorhynchus,-49.98075,-49.98075,0,0,0,1,0,0.0,-0.3179518273738846
Embrithosaurus,-62.75164,-62.75164,0,0,0,1,0,0.0,-0.3179518273738846
Emeroleter,44.38761,44.38761,0,1,0,0,0,0.0,-0.3179518273738846
Energosuchus,51.56832,51.56832,0,1,0,0,0,0.0,-0.3179518273738846
Eohupehsuchus,15.35236,15.35236,0,0,1,0,0,0.0,-0.3179518273738846
Eohyosaurus,-61.37537,-61.37537,0,0,0,1,0,0.0,-0.3179518273738846
Eomurruna,-54.016,-52.15324,0,0,0,1,0,1.8627600000000015,-0.17305186740472286
Eorasaurus,43.04599,43.04599,0,1,0,0,0,0.0,-0.3179518273738846
Eretmorhipis,20.78674,20.78674,0,0,1,0,0,0.0,-0.3179518273738846
Erythrosuchus,-63.33496,-61.37537,0,0,0,1,0,1.9595900000000057,-0.1655196769326199
Eumetabolodon,40.04971,42.97892,0,1,0,0,0,2.9292100000000048,-0.09009509234561011
Eunotosaurus,-65.18245,-61.12582,0,0,0,1,0,4.0566300000000055,-0.0023955965069447456
Euparkeria,-61.37537,-61.37537,0,0,0,1,0,0.0,-0.3179518273738846
Eusaurosphargis,20.93788,27.06795,0,1,1,0,0,6.13007,0.1588926923753899
Feralisaurus,21.05439,21.05439,0,0,1,0,0,0.0,-0.3179518273738846
Fodonyx,21.05439,21.05439,0,0,1,0,0,0.0,-0.3179518273738846
Fraxinisaura,27.72418,27.72418,0,1,0,0,0,0.0,-0.3179518273738846
Fugusuchus,40.04971,40.04971,0,1,0,0,0,0.0,-0.3179518273738846
Fuyuansaurus,18.78245,18.78245,0,0,1,0,0,0.0,-0.3179518273738846
Galesphyrus,-61.36501,-58.47538,0,0,0,1,0,2.889629999999997,-0.09317393256956842
Gamatavus,-49.04351,-49.04351,0,0,0,1,0,0.0,-0.3179518273738846
Gansurhinus,38.44569,39.6978,0,1,0,0,0,1.2521100000000018,-0.22055297358864806
Garjainia,-60.68525,48.31328,0,1,0,1,0,108.99853,8.160801545952504
Gecatogomphius,41.45729,41.45729,0,1,0,0,0,0.0,-0.3179518273738846
Germanosaurus,29.56131,29.56131,0,1,0,0,0,0.0,-0.3179518273738846
Glaurung,27.6348,27.6348,0,1,0,0,0,0.0,-0.3179518273738846
Glyphoderma,18.78245,18.78245,0,0,1,0,0,0.0,-0.3179518273738846
Gondwanax,-49.04351,-49.04351,0,0,0,1,0,0.0,-0.3179518273738846
Gracilisuchus,-49.98075,-49.98075,0,0,0,1,0,0.0,-0.3179518273738846
Grippia,31.61801,48.45778,0,1,0,0,0,16.839769999999998,0.9919764504986747
Gualosuchus,-49.98075,-49.98075,0,0,0,1,0,0.0,-0.3179518273738846
Guchengosuchus,42.97892,42.97892,0,1,0,0,0,0.0,-0.3179518273738846
Guizhouichthyosaurus,18.78245,18.78245,0,0,1,0,0,0.0,-0.3179518273738846
Gulosaurus,31.61801,31.61801,0,1,0,0,0,0.0,-0.3179518273738846
Halazhaisuchus,42.97892,42.97892,0,1,0,0,0,0.0,-0.3179518273738846
Hanosaurus,13.32615,13.32615,0,0,1,0,0,0.0,-0.3179518273738846
Helveticosaurus,20.93788,20.93788,0,0,1,0,0,0.0,-0.3179518273738846
Hemilopas,29.45002,29.56131,0,1,0,0,0,0.11129000000000033,-0.3092948256425998
Hescheleria,20.93788,20.93788,0,0,1,0,0,0.0,-0.3179518273738846
Heteropelta,26.0552,26.0552,0,1,0,0,0,0.0,-0.3179518273738846
Hispaniasaurus,10.40624,10.40624,0,0,1,0,0,0.0,-0.3179518273738846
Honghesaurus,12.57983,12.57983,0,0,1,0,0,0.0,-0.3179518273738846
Horaffia,25.88766,27.72418,0,1,0,0,0,1.8365200000000002,-0.17509301868002994
Hovasaurus,-50.09196,-37.33496,0,0,0,1,0,12.756999999999998,0.6743868471341543
Howesia,-61.37537,-61.37537,0,0,0,1,0,0.0,-0.3179518273738846
Hupehsuchus,15.35236,20.78674,0,0,1,0,0,5.434380000000003,0.10477651361325968
Hypselorhachis,-46.55859,-46.55859,0,0,0,1,0,0.0,-0.3179518273738846
Indosauriscus,-42.23717,-42.23717,0,0,0,1,0,0.0,-0.3179518273738846
Isfjordosaurus,47.8035,47.8035,0,1,0,0,0,0.0,-0.3179518273738846
Jaxtasuchus,27.72418,27.72418,0,1,0,0,0,0.0,-0.3179518273738846
Jesairosaurus,-3.863414,-3.863414,0,0,1,0,0,0.0,-0.3179518273738846
Jushatyria,46.885,46.885,0,1,0,0,0,0.0,-0.3179518273738846
Kadimakara,-54.016,-54.016,0,0,0,1,0,0.0,-0.3179518273738846
Kahneria,1.681402,1.681402,0,0,1,0,0,0.0,-0.3179518273738846
Kalisuchus,-54.016,-54.016,0,0,0,1,0,0.0,-0.3179518273738846
Kapes,21.05439,49.80777,0,1,1,0,0,28.753379999999996,1.9187096915432555
Keichousaurus,15.35236,18.78245,0,0,1,0,0,3.4300900000000016,-0.051132750471534434
Kinelia,40.12712,45.40269,0,1,0,0,0,5.275570000000002,0.0924230367065714
Kitchingnathus,-62.62076,-62.62076,0,0,0,1,0,0.0,-0.3179518273738846
Koilamasuchus,-54.97644,-54.97644,0,0,0,1,0,0.0,-0.3179518273738846
Koiloskiosaurus,26.46257,26.46257,0,1,0,0,0,0.0,-0.3179518273738846
Kudnu,-54.016,-54.016,0,0,0,1,0,0.0,-0.3179518273738846
Kwangsisaurus,7.506519,7.506519,0,0,1,0,0,0.0,-0.3179518273738846
Lagerpeton,-49.98075,-49.98075,0,0,0,1,0,0.0,-0.3179518273738846
Langeronyx,23.39688,24.55053,0,1,1,0,0,1.153649999999999,-0.22821195813768502
Lanthaniscus,42.68761,42.68761,0,1,0,0,0,0.0,-0.3179518273738846
Lanthanolania,42.68761,42.68761,0,1,0,0,0,0.0,-0.3179518273738846
Lanthanosuchus,40.12712,40.12712,0,1,0,0,0,0.0,-0.3179518273738846
Largocephalosaurus,12.57983,12.57983,0,0,1,0,0,0.0,-0.3179518273738846
Lariosaurus,12.57983,27.72418,0,1,1,0,0,15.144350000000001,0.8600934971762307
Lasasaurus,-37.33496,-37.33496,0,0,0,1,0,0.0,-0.3179518273738846
Lewisuchus,-49.98075,-49.98075,0,0,0,1,0,0.0,-0.3179518273738846
Litorosuchus,18.78245,18.78245,0,0,1,0,0,0.0,-0.3179518273738846
Lotosaurus,17.90808,18.30839,0,0,1,0,0,0.4003099999999975,-0.28681260225886457
Luopingosaurus,12.57983,12.57983,0,0,1,0,0,0.0,-0.3179518273738846
Luperosuchus,-49.98075,-49.98075,0,0,0,1,0,0.0,-0.3179518273738846
Macrocnemus,18.78245,25.88766,0,1,1,0,0,7.10521,0.23474666549287587
Macroleter,2.689371,42.68761,0,1,1,0,0,39.998239,2.7934222787573177
Majiashanosaurus,32.10397,32.10397,0,1,0,0,0,0.0,-0.3179518273738846
Malutinisuchus,51.56832,56.83089,0,1,0,0,0,5.262569999999997,0.09141179560218873
Mambawakale,-46.55859,-46.55859,0,0,0,1,0,0.0,-0.3179518273738846
Mandaphon,-46.55859,-46.55859,0,0,0,1,0,0.0,-0.3179518273738846
Mandasuchus,-46.55859,-46.55859,0,0,0,1,0,0.0,-0.3179518273738846
Marasuchus,-49.98075,-49.98075,0,0,0,1,0,0.0,-0.3179518273738846
Marcianosuchus,22.98052,22.98052,0,0,1,0,0,0.0,-0.3179518273738846
Megachirella,24.48539,24.48539,0,1,0,0,0,0.0,-0.3179518273738846
Merriamosaurus,47.8035,47.8035,0,1,0,0,0,0.0,-0.3179518273738846
Mesodapedon,-39.82536,-39.82536,0,0,0,1,0,0.0,-0.3179518273738846
Mesosuchus,-61.37537,-61.37537,0,0,0,1,0,0.0,-0.3179518273738846
Microcnemus,27.55627,47.7835,0,1,0,0,0,20.227229999999995,1.2554794344564233
Mikadocephalus,20.93788,46.58566,0,1,1,0,0,25.647779999999997,1.6771319704840593
Milleretta,-63.15948,-60.48301,0,0,0,1,0,2.676470000000002,-0.1097551751703467
Millerinoides,-63.15948,-63.15948,0,0,0,1,0,0.0,-0.3179518273738846
Milleropsis,-63.15948,-60.85079,0,0,0,1,0,2.3086899999999986,-0.13836396389109373
Millerosaurus,-63.15948,-60.85079,0,0,0,1,0,2.3086899999999986,-0.13836396389109373
Mixosaurus,12.57983,20.93788,0,0,1,0,0,8.35805,0.3322023043555123
Moradisaurus,-12.38375,-9.576991,0,0,1,0,0,2.8067589999999996,-0.09962028345889608
Nanchangosaurus,15.35236,20.78674,0,0,1,0,0,5.434380000000003,0.10477651361325968
Nanoparia,-63.15948,-60.85079,0,0,0,1,0,2.3086899999999986,-0.13836396389109373
Neoprocolophon,40.81749,40.81749,0,1,0,0,0,0.0,-0.3179518273738846
Neusticosaurus,20.93788,29.56131,0,1,1,0,0,8.623429999999999,0.3528456246848171
Nochelesaurus,-62.75164,-62.75164,0,0,0,1,0,0.0,-0.3179518273738846
Noteosuchus,-62.64909,-62.64909,0,0,0,1,0,0.0,-0.3179518273738846
Nothosaurus,-12.54747,29.8481,0,1,1,0,0,42.39557,2.9799053286042283
Nundasuchus,-46.55859,-46.55859,0,0,0,1,0,0.0,-0.3179518273738846
Nyasasaurus,-46.55859,-46.55859,0,0,0,1,0,0.0,-0.3179518273738846
Nycteroleter,42.68761,42.68761,0,1,0,0,0,0.0,-0.3179518273738846
Nyctiphruretus,42.68761,43.51609,0,1,0,0,0,0.828479999999999,-0.25350620966937576
Obirkovia,42.45765,43.07523,0,1,0,0,0,0.6175799999999967,-0.26991165189354666
Odoiporosaurus,22.30036,22.30036,0,0,1,0,0,0.0,-0.3179518273738846
Omphalosaurus,17.34627,47.8035,0,1,1,0,0,30.45723,2.051248395828003
Orenburgia,41.16511,57.37442,0,1,0,0,0,16.209310000000002,0.9429343684472257
Oryporan,-46.32232,-46.32232,0,0,0,1,0,0.0,-0.3179518273738846
Osmolskina,29.45002,29.45002,0,1,0,0,0,0.0,-0.3179518273738846
Owenetta,-63.15948,-60.80844,0,0,0,1,0,2.3510400000000047,-0.1350696515241249
Pachypleurosaurus,20.93788,25.88766,0,1,1,0,0,4.9497800000000005,0.06708055675297922
Palacrodon,-77.5844,-58.76185,0,0,0,1,1,18.82255,1.1462124994946026
Palaeagama,-63.02481,-63.02481,0,0,0,1,0,0.0,-0.3179518273738846
Paliguana,-62.64909,-62.64909,0,0,0,1,0,0.0,-0.3179518273738846
Pamelaria,-39.82536,-39.82536,0,0,0,1,0,0.0,-0.3179518273738846
Pamelina,29.45002,29.45002,0,1,0,0,0,0.0,-0.3179518273738846
Panzhousaurus,12.57983,12.57983,0,0,1,0,0,0.0,-0.3179518273738846
Pappochelys,27.72418,27.72418,0,1,0,0,0,0.0,-0.3179518273738846
Parahupehsuchus,15.35236,15.35236,0,0,1,0,0,0.0,-0.3179518273738846
Paralonectes,30.4196,31.61801,0,1,0,0,0,1.1984100000000026,-0.22473017722751934
Paraplacodus,20.93788,24.48539,0,1,1,0,0,3.547509999999999,-0.041998909665645005
Pararcus,27.06795,27.06795,0,1,0,0,0,0.0,-0.3179518273738846
Parasaurus,25.61333,27.6348,0,1,0,0,0,2.021469999999997,-0.160706169275761
Parasuchus,28.45267,28.45267,0,1,0,0,0,0.0,-0.3179518273738846
Pareiasaurus,-63.15948,-47.78411,0,0,0,1,0,15.375370000000004,0.8780640294788764
Pareiasuchus,-63.15948,-47.78411,0,0,0,1,0,15.375370000000004,0.8780640294788764
Parringtonia,-46.55859,-46.55859,0,0,0,1,0,0.0,-0.3179518273738846
Partanosaurus,25.88766,25.88766,0,1,0,0,0,0.0,-0.3179518273738846
Parvosuchus,-49.04351,-49.04351,0,0,0,1,0,0.0,-0.3179518273738846
Pectodens,12.57983,12.57983,0,0,1,0,0,0.0,-0.3179518273738846
Pentaedrusaurus,40.04971,40.04971,0,1,0,0,0,0.0,-0.3179518273738846
Permotriturus,40.12712,40.12712,0,1,0,0,0,0.0,-0.3179518273738846
Pessopteryx,47.29689,47.8035,0,1,0,0,0,0.506610000000002,-0.2785437615361077
Phaanthosaurus,44.04916,48.19791,0,1,0,0,0,4.14875,0.0047702135342620276
Phalarodon,12.57983,47.8035,0,1,1,0,0,35.22367,2.4220191688719863
Phantomosaurus,26.46257,26.46257,0,1,0,0,0,0.0,-0.3179518273738846
Phonodus,-60.80844,-60.80844,0,0,0,1,0,0.0,-0.3179518273738846
Pinheirochampsa,-49.04351,-49.04351,0,0,0,1,0,0.0,-0.3179518273738846
Pintosaurus,-49.05941,-49.05941,0,0,0,1,0,0.0,-0.3179518273738846
Pistosaurus,12.69028,31.13755,0,1,1,0,0,18.447270000000003,1.1170203024444048
Placodus,-9.895147,34.44921,0,1,1,0,0,44.344357,3.131497137687751
Polymorphodon,27.72418,27.72418,0,1,0,0,0,0.0,-0.3179518273738846
Prestosuchus,-49.04351,-49.04351,0,0,0,1,0,0.0,-0.3179518273738846
Procerosuchus,-49.04351,-49.04351,0,0,0,1,0,0.0,-0.3179518273738846
Procolina,29.45002,29.45002,0,1,0,0,0,0.0,-0.3179518273738846
Procolophon,-77.5844,-46.32232,0,0,0,1,1,31.262080000000005,2.1138558883558547
Procolophonichnium,-58.08447,-58.08447,0,0,0,1,0,0.0,-0.3179518273738846
Prolacerta,-77.5844,-58.08447,0,0,0,1,1,19.49993,1.198904384055099
Prolacertoides,61.21759,61.21759,0,1,0,0,0,0.0,-0.3179518273738846
Prosantosaurus,25.88766,25.88766,0,1,0,0,0,0.0,-0.3179518273738846
Prosaurosphargis,15.35236,15.35236,0,0,1,0,0,0.0,-0.3179518273738846
Protanystropheus,22.98052,29.56131,0,1,1,0,0,6.58079,0.1939531993420955
Proterosuchus,-62.64909,61.21759,0,1,0,1,0,123.86668,9.317361886423358
Protorosaurus,25.61333,27.6348,0,1,0,0,0,2.021469999999997,-0.160706169275761
Provelosaurus,-53.79132,-51.32705,0,0,0,1,0,2.464269999999999,-0.12626174150495584
Psephoderma,-9.650311,-9.650311,0,0,1,0,0,0.0,-0.3179518273738846
Psephosauriscus,-12.54747,-9.650311,0,0,1,0,0,2.8971590000000003,-0.0925882683945763
Psephosaurus,-9.650311,26.11694,0,1,1,0,0,35.767251,2.4643031266228492
Pumiliopareia,-60.85079,-60.85079,0,0,0,1,0,0.0,-0.3179518273738846
Qianichthyosaurus,18.78245,18.78245,0,0,1,0,0,0.0,-0.3179518273738846
Qianosuchus,12.57983,12.57983,0,0,1,0,0,0.0,-0.3179518273738846
Qianxisaurus,18.78245,18.78245,0,0,1,0,0,0.0,-0.3179518273738846
Quasianosteosaurus,47.8035,47.8035,0,1,0,0,0,0.0,-0.3179518273738846
Rautiania,45.43791,45.43791,0,1,0,0,0,0.0,-0.3179518273738846
Retymaijychampsa,-49.04351,-49.04351,0,0,0,1,0,0.0,-0.3179518273738846
Rhipaeosaurus,41.97247,44.38761,0,1,0,0,0,2.415140000000001,-0.13008345500174803
Rhombopholis,23.39688,24.55053,0,1,1,0,0,1.153649999999999,-0.22821195813768502
Rothianiscus,2.689371,2.689371,0,0,1,0,0,0.0,-0.3179518273738846
Ruhuhuaria,-46.55859,-46.55859,0,0,0,1,0,0.0,-0.3179518273738846
Sanchiaosaurus,15.06738,15.06738,0,0,1,0,0,0.0,-0.3179518273738846
Sanchuansaurus,35.97523,35.97523,0,1,0,0,0,0.0,-0.3179518273738846
Santaisaurus,61.21759,61.21759,0,1,0,0,0,0.0,-0.3179518273738846
Sarmatosuchus,48.82432,48.82432,0,1,0,0,0,0.0,-0.3179518273738846
Saurodektes,-62.64909,-58.08447,0,0,0,1,0,4.564619999999998,0.037119816463450424
Sauropareion,-62.64909,-58.08447,0,0,0,1,0,4.564619999999998,0.037119816463450424
Saurorictus,-60.85079,-60.85079,0,0,0,1,0,0.0,-0.3179518273738846
Saurosternon,-63.15948,-63.15948,0,0,0,1,0,0.0,-0.3179518273738846
Scharschengia,46.41431,46.41431,0,1,0,0,0,0.0,-0.3179518273738846
Schultzsuchus,-49.04351,-49.04351,0,0,0,1,0,0.0,-0.3179518273738846
Sclerocormus,32.10397,32.10397,0,1,0,0,0,0.0,-0.3179518273738846
Sclerosaurus,11.92386,22.98052,0,0,1,0,0,11.056659999999999,0.5421211779475902
Scolotosuchus,41.16511,41.16511,0,1,0,0,0,0.0,-0.3179518273738846
Scutosaurus,39.54136,44.08246,0,1,0,0,0,4.5411,0.03529024794229131
Scythosuchus,41.16511,41.16511,0,1,0,0,0,0.0,-0.3179518273738846
Serpianosaurus,20.93788,28.4265,0,1,1,0,0,7.488620000000001,0.2645712771721993
Shansisuchus,40.10246,42.97892,0,1,0,0,0,2.8764600000000016,-0.09419839759608453
Shihtienfenia,35.97523,38.09178,0,1,0,0,0,2.1165499999999966,-0.15331010741386372
Shringasaurus,-38.39131,-38.39131,0,0,0,1,0,0.0,-0.3179518273738846
Simosaurus,-14.99022,27.72418,0,1,1,0,0,42.7144,3.0047064056280894
Sinosaurosphargis,12.57983,12.57983,0,0,1,0,0,0.0,-0.3179518273738846
Sophineta,29.45002,29.45002,0,1,0,0,0,0.0,-0.3179518273738846
Spondylolestes,-63.15948,-63.15948,0,0,0,1,0,0.0,-0.3179518273738846
Spondylosoma,-49.04351,-49.04351,0,0,0,1,0,0.0,-0.3179518273738846
Stagonosuchus,-46.55859,-46.55859,0,0,0,1,0,0.0,-0.3179518273738846
Stauromatodon,27.72418,27.72418,0,1,0,0,0,0.0,-0.3179518273738846
Stenaulorhynchus,-46.55859,-46.55859,0,0,0,1,0,0.0,-0.3179518273738846
Styracocephalus,-62.75164,-62.75164,0,0,0,1,0,0.0,-0.3179518273738846
Suchonosaurus,44.03487,44.03487,0,1,0,0,0,0.0,-0.3179518273738846
Tanaisosaurus,41.16511,41.16511,0,1,0,0,0,0.0,-0.3179518273738846
Tangasaurus,-43.64076,-43.64076,0,0,0,1,0,0.0,-0.3179518273738846
Tanystropheus,-9.650311,29.9194,0,1,1,0,0,39.569711,2.76008803814357
Tarjadia,-49.98075,-49.98075,0,0,0,1,0,0.0,-0.3179518273738846
Tasmaniosaurus,-70.84624,-52.15324,0,0,0,1,1,18.692999999999998,1.1361350929505467
Teleocrater,-46.55859,-46.55859,0,0,0,1,0,0.0,-0.3179518273738846
Teratophon,-61.37537,-61.37537,0,0,0,1,0,0.0,-0.3179518273738846
Teratosaurus,-45.49458,26.46257,0,1,0,1,0,71.95715,5.279434929103042
Teyujagua,-46.32232,-46.32232,0,0,0,1,0,0.0,-0.3179518273738846
Thadeosaurus,-50.09196,-50.09196,0,0,0,1,0,0.0,-0.3179518273738846
Thaisaurus,-10.60254,-10.60254,0,0,1,0,0,0.0,-0.3179518273738846
Thalattoarchon,16.03868,16.03868,0,0,1,0,0,0.0,-0.3179518273738846
Thalattosaurus,30.4196,30.4196,0,1,0,0,0,0.0,-0.3179518273738846
Thecodontosaurus,24.21337,26.46257,0,1,0,0,0,2.2491999999999983,-0.1429915587603015
Theledectes,-61.37537,-61.37537,0,0,0,1,0,0.0,-0.3179518273738846
Thelephon,-61.37537,-61.37537,0,0,0,1,0,0.0,-0.3179518273738846
Thelerpeton,-61.37537,-61.37537,0,0,0,1,0,0.0,-0.3179518273738846
Tholodus,12.92433,41.91759,0,1,1,0,0,28.99326,1.9373694235524261
Tichvinskia,46.41431,48.62633,0,1,0,0,0,2.2120200000000025,-0.14588370831883443
Ticinosuchus,20.93788,20.93788,0,0,1,0,0,0.0,-0.3179518273738846
Timanophon,50.88652,52.34648,0,1,0,0,0,1.4599600000000024,-0.20438478408512087
Trachelosaurus,28.4265,28.4265,0,1,0,0,0,0.0,-0.3179518273738846
Tramuntanasaurus,-44.98865,-44.98865,0,0,0,1,0,0.0,-0.3179518273738846
Tropidosuchus,-49.98075,-49.98075,0,0,0,1,0,0.0,-0.3179518273738846
Turfanosuchus,61.32352,61.32352,0,1,0,0,0,0.0,-0.3179518273738846
Uralosaurus,46.885,48.82432,0,1,0,0,0,1.9393200000000022,-0.1670964351776839
Utatsusaurus,17.29201,32.04066,0,1,1,0,0,14.748650000000001,0.82931287371438
Vellbergia,27.72418,27.72418,0,1,0,0,0,0.0,-0.3179518273738846
Vjushkovisaurus,46.885,48.82432,0,1,0,0,0,1.9393200000000022,-0.1670964351776839
Vonhuenia,45.21636,45.21636,0,1,0,0,0,0.0,-0.3179518273738846
Vritramimosaurus,48.31328,48.31328,0,1,0,0,0,0.0,-0.3179518273738846
Vytshegdosuchus,49.80777,49.80777,0,1,0,0,0,0.0,-0.3179518273738846
Wangosaurus,18.78245,18.78245,0,0,1,0,0,0.0,-0.3179518273738846
Wapitisaurus,31.61801,31.61801,0,1,0,0,0,0.0,-0.3179518273738846
Weigeltisaurus,25.61333,27.6348,0,1,0,0,0,2.021469999999997,-0.160706169275761
Wimanius,20.93788,20.93788,0,0,1,0,0,0.0,-0.3179518273738846
Wumengosaurus,12.57983,12.57983,0,0,1,0,0,0.0,-0.3179518273738846
Xilousuchus,40.04971,40.04971,0,1,0,0,0,0.0,-0.3179518273738846
Xinminosaurus,12.57983,12.57983,0,0,1,0,0,0.0,-0.3179518273738846
Xinpusaurus,18.78245,18.78245,0,0,1,0,0,0.0,-0.3179518273738846
Yarasuchus,-39.82536,-39.82536,0,0,0,1,0,0.0,-0.3179518273738846
Youngetta,40.06549,40.06549,0,1,0,0,0,0.0,-0.3179518273738846
Youngina,-63.15948,-60.85079,0,0,0,1,0,2.3086899999999986,-0.13836396389109373
Youngosuchus,61.32352,61.32352,0,1,0,0,0,0.0,-0.3179518273738846
Yunguisaurus,18.78245,18.78245,0,0,1,0,0,0.0,-0.3179518273738846
Zanclodon,26.11694,27.72418,0,1,0,0,0,1.607240000000001,-0.19292820025024257
Zhongjiania,32.58371,32.58371,0,1,0,0,0,0.0,-0.3179518273738846
