Time,mat_z_trans,map_z_trans,wmm_z_trans,cmm_z_trans,wmmcmm_z_trans,wetmon_z_trans,drymon_z_trans,wetdry_z_trans,208-217,217-227,227-237,237-242,242-246.7,246.7-252,252-259.5,259.5-264.3,264.3-274.4,274.4-283.5,283.5-290.1
199.3,0.636282831,-0.125708183,0.935990845,0.23202465,0.315160617,-0.214917596,-0.605214952,-0.006092633,0,0,0,0,0,0,0,0,0,0,0
200,0.636282831,-0.125708183,0.935990845,0.23202465,0.315160617,-0.214917596,-0.605214952,-0.006092633,0,0,0,0,0,0,0,0,0,0,0
201,0.636282831,-0.125708183,0.935990845,0.23202465,0.315160617,-0.214917596,-0.605214952,-0.006092633,0,0,0,0,0,0,0,0,0,0,0
201.3,0.932414708,1.167003166,0.905312061,0.558768521,0.004693377,1.556154685,0.380521132,1.689356665,0,0,0,0,0,0,0,0,0,0,0
202,0.932414708,1.167003166,0.905312061,0.558768521,0.004693377,1.556154685,0.380521132,1.689356665,0,0,0,0,0,0,0,0,0,0,0
203,0.932414708,1.167003166,0.905312061,0.558768521,0.004693377,1.556154685,0.380521132,1.689356665,0,0,0,0,0,0,0,0,0,0,0
204,0.932414708,1.167003166,0.905312061,0.558768521,0.004693377,1.556154685,0.380521132,1.689356665,0,0,0,0,0,0,0,0,0,0,0
205,0.932414708,1.167003166,0.905312061,0.558768521,0.004693377,1.556154685,0.380521132,1.689356665,0,0,0,0,0,0,0,0,0,0,0
206,0.932414708,1.167003166,0.905312061,0.558768521,0.004693377,1.556154685,0.380521132,1.689356665,0,0,0,0,0,0,0,0,0,0,0
207,0.932414708,1.167003166,0.905312061,0.558768521,0.004693377,1.556154685,0.380521132,1.689356665,0,0,0,0,0,0,0,0,0,0,0
208,0.932414708,1.167003166,0.905312061,0.558768521,0.004693377,1.556154685,0.380521132,1.689356665,1,0,0,0,0,0,0,0,0,0,0
208.5,1.193377754,0.479843264,0.666223052,1.147751381,-0.657731143,0.593073361,-0.392123629,0.864680548,1,0,0,0,0,0,0,0,0,0,0
209,1.193377754,0.479843264,0.666223052,1.147751381,-0.657731143,0.593073361,-0.392123629,0.864680548,1,0,0,0,0,0,0,0,0,0,0
210,1.193377754,0.479843264,0.666223052,1.147751381,-0.657731143,0.593073361,-0.392123629,0.864680548,1,0,0,0,0,0,0,0,0,0,0
211,1.193377754,0.479843264,0.666223052,1.147751381,-0.657731143,0.593073361,-0.392123629,0.864680548,1,0,0,0,0,0,0,0,0,0,0
212,1.193377754,0.479843264,0.666223052,1.147751381,-0.657731143,0.593073361,-0.392123629,0.864680548,1,0,0,0,0,0,0,0,0,0,0
213,1.193377754,0.479843264,0.666223052,1.147751381,-0.657731143,0.593073361,-0.392123629,0.864680548,1,0,0,0,0,0,0,0,0,0,0
214,1.193377754,0.479843264,0.666223052,1.147751381,-0.657731143,0.593073361,-0.392123629,0.864680548,1,0,0,0,0,0,0,0,0,0,0
215,1.193377754,0.479843264,0.666223052,1.147751381,-0.657731143,0.593073361,-0.392123629,0.864680548,1,0,0,0,0,0,0,0,0,0,0
216,1.193377754,0.479843264,0.666223052,1.147751381,-0.657731143,0.593073361,-0.392123629,0.864680548,1,0,0,0,0,0,0,0,0,0,0
217,1.193377754,0.479843264,0.666223052,1.147751381,-0.657731143,0.593073361,-0.392123629,0.864680548,0,1,0,0,0,0,0,0,0,0,0
218,1.193377754,0.479843264,0.666223052,1.147751381,-0.657731143,0.593073361,-0.392123629,0.864680548,0,1,0,0,0,0,0,0,0,0,0
219,1.193377754,0.479843264,0.666223052,1.147751381,-0.657731143,0.593073361,-0.392123629,0.864680548,0,1,0,0,0,0,0,0,0,0,0
220,1.193377754,0.479843264,0.666223052,1.147751381,-0.657731143,0.593073361,-0.392123629,0.864680548,0,1,0,0,0,0,0,0,0,0,0
221,1.193377754,0.479843264,0.666223052,1.147751381,-0.657731143,0.593073361,-0.392123629,0.864680548,0,1,0,0,0,0,0,0,0,0,0
222,1.193377754,0.479843264,0.666223052,1.147751381,-0.657731143,0.593073361,-0.392123629,0.864680548,0,1,0,0,0,0,0,0,0,0,0
223,1.193377754,0.479843264,0.666223052,1.147751381,-0.657731143,0.593073361,-0.392123629,0.864680548,0,1,0,0,0,0,0,0,0,0,0
224,1.193377754,0.479843264,0.666223052,1.147751381,-0.657731143,0.593073361,-0.392123629,0.864680548,0,1,0,0,0,0,0,0,0,0,0
225,1.193377754,0.479843264,0.666223052,1.147751381,-0.657731143,0.593073361,-0.392123629,0.864680548,0,1,0,0,0,0,0,0,0,0,0
226,1.193377754,0.479843264,0.666223052,1.147751381,-0.657731143,0.593073361,-0.392123629,0.864680548,0,1,0,0,0,0,0,0,0,0,0
227,0.900076196,0.506931675,0.34512828,0.919133473,-0.632075257,0.663140243,-0.338950471,0.925927484,0,0,1,0,0,0,0,0,0,0,0
228,0.900076196,0.506931675,0.34512828,0.919133473,-0.632075257,0.663140243,-0.338950471,0.925927484,0,0,1,0,0,0,0,0,0,0,0
229,0.900076196,0.506931675,0.34512828,0.919133473,-0.632075257,0.663140243,-0.338950471,0.925927484,0,0,1,0,0,0,0,0,0,0,0
230,0.900076196,0.506931675,0.34512828,0.919133473,-0.632075257,0.663140243,-0.338950471,0.925927484,0,0,1,0,0,0,0,0,0,0,0
231,0.900076196,0.506931675,0.34512828,0.919133473,-0.632075257,0.663140243,-0.338950471,0.925927484,0,0,1,0,0,0,0,0,0,0,0
232,0.900076196,0.506931675,0.34512828,0.919133473,-0.632075257,0.663140243,-0.338950471,0.925927484,0,0,1,0,0,0,0,0,0,0,0
233,0.900076196,0.506931675,0.34512828,0.919133473,-0.632075257,0.663140243,-0.338950471,0.925927484,0,0,1,0,0,0,0,0,0,0,0
234,0.900076196,0.506931675,0.34512828,0.919133473,-0.632075257,0.663140243,-0.338950471,0.925927484,0,0,1,0,0,0,0,0,0,0,0
235,0.900076196,0.506931675,0.34512828,0.919133473,-0.632075257,0.663140243,-0.338950471,0.925927484,0,0,1,0,0,0,0,0,0,0,0
236,0.900076196,0.506931675,0.34512828,0.919133473,-0.632075257,0.663140243,-0.338950471,0.925927484,0,0,1,0,0,0,0,0,0,0,0
237,-0.237793233,0.247215242,0.337867573,-0.40831515,0.55548424,-0.067271449,-0.344019845,0.06164743,0,0,0,1,0,0,0,0,0,0,0
238,-0.237793233,0.247215242,0.337867573,-0.40831515,0.55548424,-0.067271449,-0.344019845,0.06164743,0,0,0,1,0,0,0,0,0,0,0
239,-0.237793233,0.247215242,0.337867573,-0.40831515,0.55548424,-0.067271449,-0.344019845,0.06164743,0,0,0,1,0,0,0,0,0,0,0
240,-0.237793233,0.247215242,0.337867573,-0.40831515,0.55548424,-0.067271449,-0.344019845,0.06164743,0,0,0,1,0,0,0,0,0,0,0
241,-0.237793233,0.247215242,0.337867573,-0.40831515,0.55548424,-0.067271449,-0.344019845,0.06164743,0,0,0,1,0,0,0,0,0,0,0
242,-0.188571064,-0.643099228,-0.22335913,-0.084157458,-0.049365216,-0.769319312,-0.227658904,-0.818914215,0,0,0,0,1,0,0,0,0,0,0
243,-0.188571064,-0.643099228,-0.22335913,-0.084157458,-0.049365216,-0.769319312,-0.227658904,-0.818914215,0,0,0,0,1,0,0,0,0,0,0
244,-0.188571064,-0.643099228,-0.22335913,-0.084157458,-0.049365216,-0.769319312,-0.227658904,-0.818914215,0,0,0,0,1,0,0,0,0,0,0
245,-0.188571064,-0.643099228,-0.22335913,-0.084157458,-0.049365216,-0.769319312,-0.227658904,-0.818914215,0,0,0,0,1,0,0,0,0,0,0
246,-0.188571064,-0.643099228,-0.22335913,-0.084157458,-0.049365216,-0.769319312,-0.227658904,-0.818914215,0,0,0,0,1,0,0,0,0,0,0
247,-0.188571064,-0.643099228,-0.22335913,-0.084157458,-0.049365216,-0.769319312,-0.227658904,-0.818914215,0,0,0,0,0,1,0,0,0,0,0
247.2,-0.668289252,-0.025101059,-1.503622264,-0.074726635,-0.77380577,-0.151211719,0.361305958,-0.327904194,0,0,0,0,0,1,0,0,0,0,0
248,-0.668289252,-0.025101059,-1.503622264,-0.074726635,-0.77380577,-0.151211719,0.361305958,-0.327904194,0,0,0,0,0,1,0,0,0,0,0
249,-0.668289252,-0.025101059,-1.503622264,-0.074726635,-0.77380577,-0.151211719,0.361305958,-0.327904194,0,0,0,0,0,1,0,0,0,0,0
250,-0.668289252,-0.025101059,-1.503622264,-0.074726635,-0.77380577,-0.151211719,0.361305958,-0.327904194,0,0,0,0,0,1,0,0,0,0,0
251,-0.668289252,-0.025101059,-1.503622264,-0.074726635,-0.77380577,-0.151211719,0.361305958,-0.327904194,0,0,0,0,0,1,0,0,0,0,0
251.2,-1.743744482,-0.676594417,0.269638942,-2.255303398,2.175326743,-0.431060027,-0.737230785,-0.208189018,0,0,0,0,0,1,0,0,0,0,0
251.902,0.641031213,-0.85783329,0.400081183,0.601602015,-0.316302722,-1.156699075,-0.045629679,-1.353236972,0,0,0,0,0,1,0,0,0,0,0
252,0.641031213,-0.85783329,0.400081183,0.601602015,-0.316302722,-1.156699075,-0.045629679,-1.353236972,0,0,0,0,0,0,1,0,0,0,0
253,0.641031213,-0.85783329,0.400081183,0.601602015,-0.316302722,-1.156699075,-0.045629679,-1.353236972,0,0,0,0,0,0,1,0,0,0,0
254,0.641031213,-0.85783329,0.400081183,0.601602015,-0.316302722,-1.156699075,-0.045629679,-1.353236972,0,0,0,0,0,0,1,0,0,0,0
254.14,-0.766473746,-0.046076107,1.691979582,-1.769321822,2.534502489,-0.505604034,0.987962875,-1.00590359,0,0,0,0,0,0,1,0,0,0,0
255,-0.766473746,-0.046076107,1.691979582,-1.769321822,2.534502489,-0.505604034,0.987962875,-1.00590359,0,0,0,0,0,0,1,0,0,0,0
256,-0.766473746,-0.046076107,1.691979582,-1.769321822,2.534502489,-0.505604034,0.987962875,-1.00590359,0,0,0,0,0,0,1,0,0,0,0
257,-0.766473746,-0.046076107,1.691979582,-1.769321822,2.534502489,-0.505604034,0.987962875,-1.00590359,0,0,0,0,0,0,1,0,0,0,0
258,-0.766473746,-0.046076107,1.691979582,-1.769321822,2.534502489,-0.505604034,0.987962875,-1.00590359,0,0,0,0,0,0,1,0,0,0,0
259,-0.766473746,-0.046076107,1.691979582,-1.769321822,2.534502489,-0.505604034,0.987962875,-1.00590359,0,0,0,0,0,0,1,0,0,0,0
259.1,-1.833262318,-0.389622535,-1.423499545,-1.369112213,0.432942128,-0.333411258,0.330369084,-0.531297419,0,0,0,0,0,0,1,0,0,0,0
260,-1.833262318,-0.389622535,-1.423499545,-1.369112213,0.432942128,-0.333411258,0.330369084,-0.531297419,0,0,0,0,0,0,0,1,0,0,0
261,-1.833262318,-0.389622535,-1.423499545,-1.369112213,0.432942128,-0.333411258,0.330369084,-0.531297419,0,0,0,0,0,0,0,1,0,0,0
262,-1.833262318,-0.389622535,-1.423499545,-1.369112213,0.432942128,-0.333411258,0.330369084,-0.531297419,0,0,0,0,0,0,0,1,0,0,0
263,-1.833262318,-0.389622535,-1.423499545,-1.369112213,0.432942128,-0.333411258,0.330369084,-0.531297419,0,0,0,0,0,0,0,1,0,0,0
264,-1.833262318,-0.389622535,-1.423499545,-1.369112213,0.432942128,-0.333411258,0.330369084,-0.531297419,0,0,0,0,0,0,0,1,0,0,0
265,-1.833262318,-0.389622535,-1.423499545,-1.369112213,0.432942128,-0.333411258,0.330369084,-0.531297419,0,0,0,0,0,0,0,0,1,0,0
265.1,-1.255380968,0.839680695,-2.049837442,-0.396711451,-0.790232968,0.26010497,1.898150236,-0.47188621,0,0,0,0,0,0,0,0,1,0,0
266,-1.255380968,0.839680695,-2.049837442,-0.396711451,-0.790232968,0.26010497,1.898150236,-0.47188621,0,0,0,0,0,0,0,0,1,0,0
267,-1.255380968,0.839680695,-2.049837442,-0.396711451,-0.790232968,0.26010497,1.898150236,-0.47188621,0,0,0,0,0,0,0,0,1,0,0
268,-1.255380968,0.839680695,-2.049837442,-0.396711451,-0.790232968,0.26010497,1.898150236,-0.47188621,0,0,0,0,0,0,0,0,1,0,0
268.8,0.606329388,-0.140761456,0.170636888,0.563065201,-0.410023608,0.015811136,0.542254147,-0.204188114,0,0,0,0,0,0,0,0,1,0,0
269,0.606329388,-0.140761456,0.170636888,0.563065201,-0.410023608,0.015811136,0.542254147,-0.204188114,0,0,0,0,0,0,0,0,1,0,0
270,0.606329388,-0.140761456,0.170636888,0.563065201,-0.410023608,0.015811136,0.542254147,-0.204188114,0,0,0,0,0,0,0,0,1,0,0
271,0.606329388,-0.140761456,0.170636888,0.563065201,-0.410023608,0.015811136,0.542254147,-0.204188114,0,0,0,0,0,0,0,0,1,0,0
272,0.606329388,-0.140761456,0.170636888,0.563065201,-0.410023608,0.015811136,0.542254147,-0.204188114,0,0,0,0,0,0,0,0,1,0,0
272.95,0.822347339,-1.32411463,0.110798469,0.845616325,-0.697127282,-0.871430848,-1.748380345,-0.314802983,0,0,0,0,0,0,0,0,1,0,0
273,0.822347339,-1.32411463,0.110798469,0.845616325,-0.697127282,-0.871430848,-1.748380345,-0.314802983,0,0,0,0,0,0,0,0,1,0,0
274,0.822347339,-1.32411463,0.110798469,0.845616325,-0.697127282,-0.871430848,-1.748380345,-0.314802983,0,0,0,0,0,0,0,0,1,0,0
275,0.822347339,-1.32411463,0.110798469,0.845616325,-0.697127282,-0.871430848,-1.748380345,-0.314802983,0,0,0,0,0,0,0,0,0,1,0
276,0.822347339,-1.32411463,0.110798469,0.845616325,-0.697127282,-0.871430848,-1.748380345,-0.314802983,0,0,0,0,0,0,0,0,0,1,0
277,0.822347339,-1.32411463,0.110798469,0.845616325,-0.697127282,-0.871430848,-1.748380345,-0.314802983,0,0,0,0,0,0,0,0,0,1,0
278,0.822347339,-1.32411463,0.110798469,0.845616325,-0.697127282,-0.871430848,-1.748380345,-0.314802983,0,0,0,0,0,0,0,0,0,1,0
279,0.822347339,-1.32411463,0.110798469,0.845616325,-0.697127282,-0.871430848,-1.748380345,-0.314802983,0,0,0,0,0,0,0,0,0,1,0
280,0.822347339,-1.32411463,0.110798469,0.845616325,-0.697127282,-0.871430848,-1.748380345,-0.314802983,0,0,0,0,0,0,0,0,0,1,0
281,0.822347339,-1.32411463,0.110798469,0.845616325,-0.697127282,-0.871430848,-1.748380345,-0.314802983,0,0,0,0,0,0,0,0,0,1,0
282,0.822347339,-1.32411463,0.110798469,0.845616325,-0.697127282,-0.871430848,-1.748380345,-0.314802983,0,0,0,0,0,0,0,0,0,1,0
283,0.822347339,-1.32411463,0.110798469,0.845616325,-0.697127282,-0.871430848,-1.748380345,-0.314802983,0,0,0,0,0,0,0,0,0,1,0
283.5,1.338319205,-1.667559157,0.618942645,1.264485545,-0.788961814,-1.343779767,-1.810145641,-0.849676723,0,0,0,0,0,0,0,0,0,1,0
284,1.338319205,-1.667559157,0.618942645,1.264485545,-0.788961814,-1.343779767,-1.810145641,-0.849676723,0,0,0,0,0,0,0,0,0,0,1
285,1.338319205,-1.667559157,0.618942645,1.264485545,-0.788961814,-1.343779767,-1.810145641,-0.849676723,0,0,0,0,0,0,0,0,0,0,1
286,1.338319205,-1.667559157,0.618942645,1.264485545,-0.788961814,-1.343779767,-1.810145641,-0.849676723,0,0,0,0,0,0,0,0,0,0,1
287,1.338319205,-1.667559157,0.618942645,1.264485545,-0.788961814,-1.343779767,-1.810145641,-0.849676723,0,0,0,0,0,0,0,0,0,0,1
288,1.338319205,-1.667559157,0.618942645,1.264485545,-0.788961814,-1.343779767,-1.810145641,-0.849676723,0,0,0,0,0,0,0,0,0,0,1
289,1.338319205,-1.667559157,0.618942645,1.264485545,-0.788961814,-1.343779767,-1.810145641,-0.849676723,0,0,0,0,0,0,0,0,0,0,1
290,1.338319205,-1.667559157,0.618942645,1.264485545,-0.788961814,-1.343779767,-1.810145641,-0.849676723,0,0,0,0,0,0,0,0,0,0,1
291,1.338319205,-1.667559157,0.618942645,1.264485545,-0.788961814,-1.343779767,-1.810145641,-0.849676723,0,0,0,0,0,0,0,0,0,0,0
292,1.338319205,-1.667559157,0.618942645,1.264485545,-0.788961814,-1.343779767,-1.810145641,-0.849676723,0,0,0,0,0,0,0,0,0,0,0
293,1.338319205,-1.667559157,0.618942645,1.264485545,-0.788961814,-1.343779767,-1.810145641,-0.849676723,0,0,0,0,0,0,0,0,0,0,0
293.52,-0.376663572,2.655796018,-1.252281141,0.225201016,-0.902483815,2.75642069,1.748790818,2.550479943,0,0,0,0,0,0,0,0,0,0,0
