id,occurrence_no,occurrence_no_AF,Rotated latitude,genus,age_max,age_min,Epoch,range,cc,state,county,formation,zone,collection_name,collection_aka,
6406,803135,803135,-77.5844,Procolophon,251.902,246.7,Early Triassic,"(251.902, 246.7)",AA,,Fremouw,Fremouw,,Kitching Ridge (Fremouw Fm.),Cumulus Hills,
6407,803158,803158,-77.5844,Procolophon,251.902,246.7,Early Triassic,"(251.902, 246.7)",AA,,Fremouw,Fremouw,,"Collinson Ridge (Fremouw Fm., 85 m above base)",Cumulus Hills; Halfmoon Bluff; Sentinel Hill,
6408,803158,803158,-77.5844,Procolophon,251.902,246.7,Early Triassic,"(251.902, 246.7)",AA,,Fremouw,Fremouw,,"Collinson Ridge (Fremouw Fm., 85 m above base)",Cumulus Hills; Halfmoon Bluff; Sentinel Hill,
6409,803158,803158,-77.5844,Procolophon,251.902,246.7,Early Triassic,"(251.902, 246.7)",AA,,Fremouw,Fremouw,,"Collinson Ridge (Fremouw Fm., 85 m above base)",Cumulus Hills; Halfmoon Bluff; Sentinel Hill,
6412,807184,807184,-77.5844,Procolophon,251.902,246.7,Early Triassic,"(251.902, 246.7)",AA,,Fremouw,Fremouw,Lystrosaurus,Thrinaxodon Col (Fremouw Formation),Mount Kenyon; Cumulus Hills,
6424,853631,853631,-77.5844,Palacrodon,251.902,246.7,Early Triassic,"(251.902, 246.7)",AA,,Fremouw,Fremouw,,Kitching Ridge (Fremouw Fm.),Cumulus Hills,
6435,922693,922693,-77.5844,Prolacerta,251.902,246.7,Early Triassic,"(251.902, 246.7)",AA,,Fremouw,Fremouw,Lystrosaurus,Thrinaxodon Col (Fremouw Formation),Mount Kenyon; Cumulus Hills,
6436,922694,922694,-76.62466,Prolacerta,251.902,246.7,Early Triassic,"(251.902, 246.7)",AA,,Fremouw,Fremouw,,Graphite Peak (Fremouw Fm.),,
6437,922695,922695,-77.5844,Prolacerta,251.902,246.7,Early Triassic,"(251.902, 246.7)",AA,,Fremouw,Fremouw,,"Collinson Ridge (Fremouw Fm., 85 m above base)",Cumulus Hills; Halfmoon Bluff; Sentinel Hill,
6438,922696,922696,-77.5844,Prolacerta,251.902,246.7,Early Triassic,"(251.902, 246.7)",AA,,Fremouw,Fremouw,,Kitching Ridge (Fremouw Fm.),Cumulus Hills,
6467,1431220,1431220,-76.62466,Antarctanax,251.902,246.7,Early Triassic,"(251.902, 246.7)",AA,,Fremouw,Fremouw,,Graphite Peak (Fremouw Fm.),,
6471,1587698,1587698,-76.62466,Procolophon,251.902,246.7,Early Triassic,"(251.902, 246.7)",AA,,Fremouw,Fremouw,,Graphite Peak (Fremouw Fm.),,
5276,1419207,1419207,39.51022,Psephoderma,208.5,201.4,Late Triassic,"(208.5, 201.4)",AT,,Kössen,Kössen,,Schesaplana Mountain,,
4274,1094847,1094847,25.06754,Nothosaurus,246.7,237,Middle Triassic,"(246.7, 237.0)",BG,,Belgium,,,Belogradcik,,
4207,150315,150315,20.93788,Neusticosaurus,246.7,237,Middle Triassic,"(246.7, 237.0)",CH,,Switzerland,Monte San Giorgio bituminous shales,,Monte San Giorgio nothosaurs,,Switzerland is tiny
4208,150316,150316,20.93788,Mixosaurus,246.7,237,Middle Triassic,"(246.7, 237.0)",CH,,Switzerland,Monte San Giorgio bituminous shales,,Monte San Giorgio nothosaurs,,
4276,1134404,1134404,20.93788,Contectopalatus,246.7,237,Middle Triassic,"(246.7, 237.0)",CH,,Switzerland,Monte San Giorgio bituminous shales,,Monte San Giorgio nothosaurs,,
4277,1134405,1134405,20.93788,Mixosaurus,246.7,237,Middle Triassic,"(246.7, 237.0)",CH,,Switzerland,Monte San Giorgio bituminous shales,,Monte San Giorgio nothosaurs,,
4279,1134407,1134407,20.93788,Besanosaurus,246.7,237,Middle Triassic,"(246.7, 237.0)",CH,,Switzerland,Monte San Giorgio bituminous shales,,Monte San Giorgio nothosaurs,,
4280,1134409,1134409,20.93788,Mikadocephalus,246.7,237,Middle Triassic,"(246.7, 237.0)",CH,,Switzerland,Monte San Giorgio bituminous shales,,Monte San Giorgio nothosaurs,,
4281,1134410,1134410,20.93788,Wimanius,246.7,237,Middle Triassic,"(246.7, 237.0)",CH,,Switzerland,Monte San Giorgio bituminous shales,,Monte San Giorgio nothosaurs,,
4286,1306716,1306716,20.93788,Askeptosaurus,246.7,237,Middle Triassic,"(246.7, 237.0)",CH,,Switzerland,Besano,,Monte San Giorgio (MSNM collection),,
6249,1094893,1094893,22.30036,Ceresiosaurus,242,237,Middle Triassic,"(242.0, 237.0)",CH,,Switzerland,,,"Acqua del Ghiffo, near Serpiano, Monte San Giorgio",,
6483,1600123,1600123,20.93788,Serpianosaurus,246.7,239.7,Middle Triassic,"(246.7, 239.7)",CH,,Switzerland,Besano,,"Point 902, Monte San Giorgio, unspecified bed",Mirigioli,
6484,1600124,1600124,20.93788,Macrocnemus,246.7,239.7,Middle Triassic,"(246.7, 239.7)",CH,,Switzerland,Besano,,"Point 902, Monte San Giorgio, unspecified bed",Mirigioli,
6485,1600125,1600125,20.93788,Macrocnemus,246.7,239.7,Middle Triassic,"(246.7, 239.7)",CH,,Switzerland,Besano,,"Point 902, Monte San Giorgio, unspecified bed",Mirigioli,
6486,1600126,1600126,20.93788,Lariosaurus,246.7,239.7,Middle Triassic,"(246.7, 239.7)",CH,,Switzerland,Besano,,"Point 902, Monte San Giorgio, unspecified bed",Mirigioli,
6487,1600127,1600127,20.93788,Askeptosaurus,246.7,239.7,Middle Triassic,"(246.7, 239.7)",CH,,Switzerland,Besano,,"Point 902, Monte San Giorgio, unspecified bed",Mirigioli,
6488,1600128,1600128,20.93788,Helveticosaurus,246.7,239.7,Middle Triassic,"(246.7, 239.7)",CH,,Switzerland,Besano,,"Point 902, Monte San Giorgio, unspecified bed",Mirigioli,
6801,1337530,1337530,22.30036,Ceresiosaurus,242,239.7,Middle Triassic,"(242.0, 239.7)",CH,,Switzerland,Cassina,,"Cassina, bed 38",,
6802,1337532,1337532,22.30036,Ceresiosaurus,242,239.7,Middle Triassic,"(242.0, 239.7)",CH,,Switzerland,Cassina,,"Cassina, bed 37",,
6803,1337536,1337536,22.30036,Ceresiosaurus,242,239.7,Middle Triassic,"(242.0, 239.7)",CH,,Switzerland,Cassina,,"Cassina, bed 36",,
6804,1337540,1337540,22.30036,Neusticosaurus,242,239.7,Middle Triassic,"(242.0, 239.7)",CH,,Switzerland,Cassina,,"Cassina, bed 34",,
6805,1337541,1337541,22.30036,Ceresiosaurus,242,239.7,Middle Triassic,"(242.0, 239.7)",CH,,Switzerland,Cassina,,"Cassina, bed 34",,
6806,1337549,1337549,22.30036,Neusticosaurus,242,239.7,Middle Triassic,"(242.0, 239.7)",CH,,Switzerland,Cassina,,"Cassina, bed 29",,
6807,1337550,1337550,22.30036,Ceresiosaurus,242,239.7,Middle Triassic,"(242.0, 239.7)",CH,,Switzerland,Cassina,,"Cassina, bed 29",,
6808,1337557,1337557,22.30036,Ceresiosaurus,242,239.7,Middle Triassic,"(242.0, 239.7)",CH,,Switzerland,Cassina,,"Cassina, bed 24",,
6809,1337567,1337567,22.30036,Neusticosaurus,242,239.7,Middle Triassic,"(242.0, 239.7)",CH,,Switzerland,Cassina,,"Cassina, bed 18",,
6810,1337578,1337578,22.30036,Ceresiosaurus,242,239.7,Middle Triassic,"(242.0, 239.7)",CH,,Switzerland,Cassina,,"Cassina, bed 9",,
6811,1415286,1415286,22.30036,Neusticosaurus,242,239.7,Middle Triassic,"(242.0, 239.7)",CH,,Switzerland,Cassina,,"Cassina, bed 34",,
6821,1417908,1417908,25.88766,Eusaurosphargis,242,239.7,Middle Triassic,"(242.0, 239.7)",CH,,Switzerland,Prosanto,,Ducanfurgga 4,,
6830,1648022,1648022,25.88766,Prosantosaurus,242,239.7,Middle Triassic,"(242.0, 239.7)",CH,,Switzerland,Prosanto,,Ducanfurgga 4,,
6968,884857,884857,20.93788,Cymbospondylus,246.7,242,Middle Triassic,"(246.7, 242.0)",CH,,Switzerland,Besano,,"Cava Tre Fontane, Tessin collection, Monte San Giorgio",,
6982,1306712,1306712,20.93788,Clarazia,246.7,242,Middle Triassic,"(246.7, 242.0)",CH,,Switzerland,Besano,,"Val Porina, mineraletto or minerale che si divide, Monte San Giorgio",,
6983,1306715,1306715,20.93788,Hescheleria,246.7,242,Middle Triassic,"(246.7, 242.0)",CH,,Switzerland,Besano,,"Val Porina, ""minerale ondolatorio"", Monte San Giorgio",,
6984,1310837,1310837,20.93788,Mixosaurus,246.7,242,Middle Triassic,"(246.7, 242.0)",CH,,Switzerland,Besano,,"Bender collection GPIT, Monte San Giorgio indet.",,
4469,1095300,1095300,26.10174,Henodus,237,227,Late Triassic,"(237.0, 227.0)",DE,,Thuringia,Grabfeld,,Lustnau Gipskeuper near Tübingen,, Thuringia used based on all occs. Grabfeld is in Thuringia
4470,1095300,1095300,26.10174,Henodus,237,227,Late Triassic,"(237.0, 227.0)",DE,,Thuringia,Grabfeld,,Lustnau Gipskeuper near Tübingen,,
4471,1095300,1095300,26.10174,Henodus,237,227,Late Triassic,"(237.0, 227.0)",DE,,Thuringia,Grabfeld,,Lustnau Gipskeuper near Tübingen,,
4472,1095300,1095300,26.10174,Henodus,237,227,Late Triassic,"(237.0, 227.0)",DE,,Thuringia,Grabfeld,,Lustnau Gipskeuper near Tübingen,,
4473,1095300,1095300,26.10174,Henodus,237,227,Late Triassic,"(237.0, 227.0)",DE,,Thuringia,Grabfeld,,Lustnau Gipskeuper near Tübingen,,
4474,1095300,1095300,26.10174,Henodus,237,227,Late Triassic,"(237.0, 227.0)",DE,,Thuringia,Grabfeld,,Lustnau Gipskeuper near Tübingen,,
4475,1095300,1095300,26.10174,Henodus,237,227,Late Triassic,"(237.0, 227.0)",DE,,Thuringia,Grabfeld,,Lustnau Gipskeuper near Tübingen,,
4531,1477148,1477148,27.93197,Nothosaurus,237,227,Late Triassic,"(237.0, 227.0)",DE,,,Raibl,,"Lödensee, Ruhpolding",,
4532,1477149,1477149,27.93197,Simosaurus,237,227,Late Triassic,"(237.0, 227.0)",DE,,,Raibl,,"Rauschberg, Ruhpolding",Rauschenberg,
4533,1477150,1477150,27.93197,Placodus,237,227,Late Triassic,"(237.0, 227.0)",DE,,,Raibl,,"Kienberg, Seehaus, Ruhpolding",,
5254,1162208,1162208,41.1313,Termatosaurus,208.5,201.4,Late Triassic,"(208.5, 201.4)",DE,,,,,"Apfelstädtgrundes, southeast of Gotha",,
5660,1415674,1415674,29.61478,Apatopus,233.4,227,Late Triassic,"(233.4, 227.0)",DE,,,Hassberge,,"Schönbachsmühle quarry, near Ebelsbach",,
5974,1058582,1058582,26.46257,Pistosaurus,246.7,242,Middle Triassic,"(246.7, 242.0)",DE,,,,,"Quarry at the Bindlacher Berg, near Bayreuth",,
5987,1094708,1094708,29.8481,Cymatosaurus,246.7,242,Middle Triassic,"(246.7, 242.0)",DE,,,Röt,,"Rüdersdorf, near Berlin (Buntsandstein)",Rudersdorf,
5991,1094793,1094793,29.8481,Nothosaurus,246.7,242,Middle Triassic,"(246.7, 242.0)",DE,,,,,"Rüdersdorf, near Berlin",Rudersdorf,
5992,1094796,1094796,26.46257,Nothosaurus,246.7,242,Middle Triassic,"(246.7, 242.0)",DE,,,,,"Quarry at the Bindlacher Berg, near Bayreuth",,
5993,1094846,1094846,26.46257,Nothosaurus,246.7,242,Middle Triassic,"(246.7, 242.0)",DE,,,,,"Quarry at the Bindlacher Berg, near Bayreuth",,
5996,1094853,1094853,29.8481,Nothosaurus,246.7,242,Middle Triassic,"(246.7, 242.0)",DE,,,Jena,,"Rüdersdorf, near Berlin (Schaumkalk)",Rudersdorf,
5997,1094856,1094856,29.8481,Nothosaurus,246.7,242,Middle Triassic,"(246.7, 242.0)",DE,,,Jena,,"Rüdersdorf, near Berlin (Schaumkalk)",Rudersdorf,
5999,1094869,1094869,28.4265,Nothosaurus,246.7,242,Middle Triassic,"(246.7, 242.0)",DE,,,,,Halle/Saale,,
6007,1094909,1094909,25.02402,Placodus,246.7,242,Middle Triassic,"(246.7, 242.0)",DE,,,,,Bödigheim,,
6010,1094918,1094918,29.8481,Placodus,246.7,242,Middle Triassic,"(246.7, 242.0)",DE,,,,,"Rüdersdorf, near Berlin",Rudersdorf,
6012,1106822,1106822,26.46257,Thecodontosaurus,246.7,242,Middle Triassic,"(246.7, 242.0)",DE,,,,,"Laineck, near Bayreuth, Bavaria (BMNH)",,
6070,1418992,1418992,29.8481,Placodus,246.7,242,Middle Triassic,"(246.7, 242.0)",DE,,,Jena,,"Rüdersdorf, near Berlin (Schaumkalk)",Rudersdorf,
6197,1094787,1094787,26.11694,Nothosaurus,242,237,Middle Triassic,"(242.0, 237.0)",DE,,,,,"Zuffenhausen, Stuttgart",Stuttgart-Zuffenhausen,
6202,1094801,1094801,27.72418,Nothosaurus,242,237,Middle Triassic,"(242.0, 237.0)",DE,,,,,Wittighausen,,
6203,1094803,1094803,27.72418,Nothosaurus,242,237,Middle Triassic,"(242.0, 237.0)",DE,,,,,"Oschenberg, near Laineck","Lainecker Berg, Bayreuth",
6212,1094808,1094808,27.72418,Nothosaurus,242,237,Middle Triassic,"(242.0, 237.0)",DE,,,,,"Heldenmühle, near Crailsheim (SMNS collection)",Heldenmuhle,
6213,1094809,1094809,26.11694,Nothosaurus,242,237,Middle Triassic,"(242.0, 237.0)",DE,,,,,Gundelsheim,,
6214,1094810,1094810,26.11694,Nothosaurus,242,237,Middle Triassic,"(242.0, 237.0)",DE,,,,,Helmsheim,,
6215,1094828,1094828,27.72418,Nothosaurus,242,237,Middle Triassic,"(242.0, 237.0)",DE,,,,,"Großenbehringer, near Gotha",Grossenbehringer,
6217,1094830,1094830,27.72418,Nothosaurus,242,237,Middle Triassic,"(242.0, 237.0)",DE,,,,,Kleinromstedt near Weimar,,
6219,1094832,1094832,27.72418,Nothosaurus,242,237,Middle Triassic,"(242.0, 237.0)",DE,,,,,Bettenfeld near Rothenburg,,
6228,1094841,1094841,27.72418,Nothosaurus,242,237,Middle Triassic,"(242.0, 237.0)",DE,,,,spinosus,Rugendorf,,
6229,1094842,1094842,27.72418,Nothosaurus,242,237,Middle Triassic,"(242.0, 237.0)",DE,,,,spinosus,Forstlahm-Herlas,,
6230,1094843,1094843,26.11694,Nothosaurus,242,237,Middle Triassic,"(242.0, 237.0)",DE,,,,,"Höfingen, near Leonberg",Hofingen,
6231,1094844,1094844,26.11694,Nothosaurus,242,237,Middle Triassic,"(242.0, 237.0)",DE,,,,,"Zuffenhausen, Stuttgart",Stuttgart-Zuffenhausen,
6232,1094845,1094845,27.72418,Nothosaurus,242,237,Middle Triassic,"(242.0, 237.0)",DE,,,,,Sattelweiler,,
6236,1094863,1094863,27.72418,Nothosaurus,242,237,Middle Triassic,"(242.0, 237.0)",DE,,,,,Erfurt-Drosselberg,"Am Drosselberg, Erfurt",
6237,1094864,1094864,27.72418,Nothosaurus,242,237,Middle Triassic,"(242.0, 237.0)",DE,,,,,"Tiefthal, Erfurt",,
6238,1094874,1094874,27.72418,Nothosaurus,242,237,Middle Triassic,"(242.0, 237.0)",DE,,,,,"Oschenberg, near Laineck","Lainecker Berg, Bayreuth",
6240,1094878,1094878,27.72418,Nothosaurus,242,237,Middle Triassic,"(242.0, 237.0)",DE,,,,spinosus,Weissach,,
6241,1094879,1094879,27.72418,Nothosaurus,242,237,Middle Triassic,"(242.0, 237.0)",DE,,,,,"Heldenmühle, near Crailsheim (SMNS collection)",Heldenmuhle,
6245,1094883,1094883,29.54337,Nothosaurus,242,237,Middle Triassic,"(242.0, 237.0)",DE,,,,,"Lelm, near Braunschweig",,
6253,1094897,1094897,27.72418,Cyamodus,242,237,Middle Triassic,"(242.0, 237.0)",DE,,,,,"Heldenmühle, near Crailsheim (SMNS collection)",Heldenmuhle,
6255,1094899,1094899,26.11694,Cyamodus,242,237,Middle Triassic,"(242.0, 237.0)",DE,,,,,"Zuffenhausen, Stuttgart",Stuttgart-Zuffenhausen,
6256,1094900,1094900,26.11694,Placodus,242,237,Middle Triassic,"(242.0, 237.0)",DE,,,,,"Steinsfurt, near Heidelberg",,
6258,1094905,1094905,28.02403,Placodus,242,237,Middle Triassic,"(242.0, 237.0)",DE,,,,,Münster: Upper Muschelkalk,,
6260,1094908,1094908,24.21337,Placodus,242,237,Middle Triassic,"(242.0, 237.0)",DE,,,,,Lauchringen,,
6263,1094917,1094917,31.12196,Placodus,242,237,Middle Triassic,"(242.0, 237.0)",DE,,,,,"Rüdersdorf, near Berlin",Rudersdorf,
6264,1094919,1094919,27.72418,Placodus,242,237,Middle Triassic,"(242.0, 237.0)",DE,,,,,Jena,,
6295,1432348,1432348,27.72418,Placodus,242,237,Middle Triassic,"(242.0, 237.0)",DE,,,,,"Oschenberg, near Laineck","Lainecker Berg, Bayreuth",
6972,1094854,1094854,29.8481,Nothosaurus,246.7,242,Middle Triassic,"(246.7, 242.0)",DE,,,Karlstadt,,"Rüdersdorf, near Berlin: Orbicularis beds",Rudersdorf,
6973,1094855,1094855,29.8481,Nothosaurus,246.7,242,Middle Triassic,"(246.7, 242.0)",DE,,,Karlstadt,,"Rüdersdorf, near Berlin: Orbicularis beds",Rudersdorf,
6974,1094858,1094858,29.8481,Nothosaurus,246.7,242,Middle Triassic,"(246.7, 242.0)",DE,,,Karlstadt,,"Rüdersdorf, near Berlin: Orbicularis beds",Rudersdorf,
6975,1094858,1094858,29.8481,Nothosaurus,246.7,242,Middle Triassic,"(246.7, 242.0)",DE,,,Karlstadt,,"Rüdersdorf, near Berlin: Orbicularis beds",Rudersdorf,
6976,1094859,1094859,29.8481,Nothosaurus,246.7,242,Middle Triassic,"(246.7, 242.0)",DE,,,Karlstadt,,"Rüdersdorf, near Berlin: Orbicularis beds",Rudersdorf,
7089,1521053,1521053,26.46257,Cymatosaurus,246.7,244.7,Middle Triassic,"(246.7, 244.7)",DE,,,Röt,,"Jenzig, near Jena","Hufeisen-Jenzig, Berg-Jenzig",
6248,1094892,1094892,18.65796,Lariosaurus,242,237,Middle Triassic,"(242.0, 237.0)",FR,,,,,"Amélie-les-Bains, eastern Pyrenees",,
3160,283826,283826,40.08932,Aetosaurus,227,208.5,Late Triassic,"(227.0, 208.5)",GL,,East Greenland,Ørsted Dal,,western Sydkronen,"area VIII, Jameson Land",
3161,283826,283826,40.08932,Aetosaurus,227,208.5,Late Triassic,"(227.0, 208.5)",GL,,East Greenland,Ørsted Dal,,western Sydkronen,"area VIII, Jameson Land",
3162,283828,283828,40.08932,Plateosaurus,227,208.5,Late Triassic,"(227.0, 208.5)",GL,,East Greenland,Ørsted Dal,,western Sydkronen,"area VIII, Jameson Land",
3163,283860,283860,40.08932,Issi,227,208.5,Late Triassic,"(227.0, 208.5)",GL,,East Greenland,Malmros Klint,,"Iron Cake site, northern flank of Macknight Bjerg",area V,
6578,283825,283825,40.08932,Proganochelys,216.7,213.2,Late Triassic,"(216.7, 213.2)",GL,,East Greenland,Fleming Fjord,,south of base camp II,"Jameson Land, area II",
6276,1205247,1205247,14.2073,Nothosaurus,242,237,Middle Triassic,"(242.0, 237.0)",HU,,Hungary,Templomhegy Dolomite,,"Villány, construction site",,
6277,1205251,1205251,14.2073,Cyamodus,242,237,Middle Triassic,"(242.0, 237.0)",HU,,Hungary,Templomhegy Dolomite,,"Villány, construction site",,
4248,943015,943015,-9.650311,Nothosaurus,246.7,237,Middle Triassic,"(246.7, 237.0)",IL,,Israel,Muschelkalk,,Wadi Ramon,,
4610,601687,601687,-9.895147,Placodus,251.2,242,Middle Triassic,"(251.2, 242.0)",IL,,Israel,,,"Horizon 2, Woodbearing Member A, Wadi Raman, Negev Desert",,
5762,601696,601696,-9.650311,Psephosauriscus,246.7,242,Middle Triassic,"(246.7, 242.0)",IL,,Israel,,,"Beneckeia beds, Member B, Wadi Raman, Negev Desert",,
5763,601699,601699,-9.650311,Tanystropheus,246.7,242,Middle Triassic,"(246.7, 242.0)",IL,,Israel,,,"Beneckeia beds, Member B, Wadi Raman, Negev Desert",,
5764,601701,601701,-9.650311,Nothosaurus,246.7,242,Middle Triassic,"(246.7, 242.0)",IL,,Israel,,,"Sandy beds, Member C, Wadi Raman, Negev Desert",,
5765,601702,601702,-9.650311,Psephosaurus,246.7,242,Middle Triassic,"(246.7, 242.0)",IL,,Israel,,,"Sandy beds, Member C, Wadi Raman, Negev Desert",,
6778,601739,601739,-7.490922,Placodus,242,239.7,Middle Triassic,"(242.0, 239.7)",IL,,Israel,,,"Ceratites zone 3, Member D, Wadi Raman, Negev Desert",,
6779,601740,601740,-7.490922,Nothosaurus,242,239.7,Middle Triassic,"(242.0, 239.7)",IL,,Israel,,,"Ceratites zone 3, Member D, Wadi Raman, Negev Desert",,
6956,601711,601711,-9.650311,Nothosaurus,246.7,242,Middle Triassic,"(246.7, 242.0)",IL,,Israel,,,"Sandy limestone, Ceratites zone 1, Member D, Wadi Raman, Negev Desert",,
6957,601712,601712,-9.650311,Placodus,246.7,242,Middle Triassic,"(246.7, 242.0)",IL,,Israel,,,"Sandy limestone, Ceratites zone 1, Member D, Wadi Raman, Negev Desert",,
6958,601714,601714,-9.650311,Psephosaurus,246.7,242,Middle Triassic,"(246.7, 242.0)",IL,,Israel,,,"Sandy limestone, Ceratites zone 1, Member D, Wadi Raman, Negev Desert",,
6989,1419210,1419210,-9.650311,Psephoderma,246.7,242,Middle Triassic,"(246.7, 242.0)",IL,,Israel,Gevanim,,Makhtech Ramon (HUJ collection),Makhtesh Ramon,
6990,1419211,1419211,-9.650311,Psephosauriscus,246.7,242,Middle Triassic,"(246.7, 242.0)",IL,,Israel,Gevanim,,Makhtech Ramon (HUJ collection),Makhtesh Ramon,
6991,1419212,1419212,-9.650311,Psephosauriscus,246.7,242,Middle Triassic,"(246.7, 242.0)",IL,,Israel,Gevanim,,Makhtech Ramon (HUJ collection),Makhtesh Ramon,
6992,1419509,1419509,-9.650311,Simosaurus,246.7,242,Middle Triassic,"(246.7, 242.0)",IL,,Israel,Gevanim,,Makhtech Ramon (HUJ collection),Makhtesh Ramon,
7068,1347595,1347595,-9.650311,Tanystropheus,246.7,243.8,Middle Triassic,"(246.7, 243.8)",IL,,Israel,Gevanim,,"Wadi Ramon, Beneckeia beds",,
3926,1549937,1549937,-25.48265,Kranosaura,227,208.5,Late Triassic,"(227.0, 208.5)",IN,,Andhra Pradesh,Maleri,,Kranosaura type locality,,
4544,1561501,1561501,29.81785,Raibliania,237,227,Late Triassic,"(237.0, 227.0)",IT,,,,Trachyceras aon,"Cave del Predil (Raibl), Fischschiefer",,
6246,1094887,1094887,22.30036,Lariosaurus,242,237,Middle Triassic,"(242.0, 237.0)",IT,,,Perledo-Vaenna,,"Esino, near Perledo",,
6247,1094888,1094888,13.70334,Lariosaurus,242,237,Middle Triassic,"(242.0, 237.0)",IT,,,Perledo-Vaenna,,Surroundings of Lecco,,
6575,1140294,1140294,27.93197,Nothosaurus,237,233.4,Late Triassic,"(237.0, 233.4)",IT,,,Cassian,,St. Cassian (Munster coll),,
6690,1094889,1094889,22.30036,Lariosaurus,239.7,237,Middle Triassic,"(239.7, 237.0)",IT,,,Meride,,"Cà del Frate, Viggiù, Monte San Giorgio",,
6691,1094890,1094890,22.30036,Lariosaurus,239.7,237,Middle Triassic,"(239.7, 237.0)",IT,,,Meride,,"Cà del Frate, Viggiù, Monte San Giorgio",,
6701,1415011,1415011,22.30036,Neusticosaurus,239.7,237,Middle Triassic,"(239.7, 237.0)",IT,,,Meride,,"Cà del Frate, Viggiù, Monte San Giorgio",,
6733,1439334,1439334,22.30036,Odoiporosaurus,239.7,237,Middle Triassic,"(239.7, 237.0)",IT,,,Meride,,"Rio Vallone, Viggiù, Monte San Giorgio",,
6827,1445534,1445534,22.30036,Neusticosaurus,242,239.7,Middle Triassic,"(242.0, 239.7)",IT,,,Cunardo,Eoprotrachyceras curionii,"SEZ.H2, Rasa di Varese",,
6978,1162165,1162165,20.93788,Mixosaurus,246.7,242,Middle Triassic,"(246.7, 242.0)",IT,,,Besano,,Besano (MCSN Milan collection),,
6979,1162174,1162174,20.93788,Neusticosaurus,246.7,242,Middle Triassic,"(246.7, 242.0)",IT,,,Besano,,Besano (MCSN Milan collection),,
6980,1162175,1162175,20.93788,Tanystropheus,246.7,242,Middle Triassic,"(246.7, 242.0)",IT,,,Besano,,Besano (MCSN Milan collection),,
6993,1445529,1445529,20.93788,Helveticosaurus,246.7,242,Middle Triassic,"(246.7, 242.0)",IT,,,San Salvatore,Nevadites secedensis,"SEZ.D, Rasa di Varese",,
6994,1445531,1445531,20.93788,Ticinosuchus,246.7,242,Middle Triassic,"(246.7, 242.0)",IT,,,San Salvatore,Nevadites secedensis,"SEZ.I, Rasa di Varese",,
5178,630027,630027,39.29812,Eudimorphodon,208.5,201.4,Late Triassic,"(208.5, 201.4)",LU,,,,,"Auf dem Heftgen, Syren",SYREN 16561,
7085,1195725,1195725,27.06795,Anarosaurus,246.7,244.7,Middle Triassic,"(246.7, 244.7)",NL,,,Vossenveld,,Winterswijk Quarry III,,
7086,1195726,1195726,27.06795,Eusaurosphargis,246.7,244.7,Middle Triassic,"(246.7, 244.7)",NL,,,Vossenveld,,Winterswijk Quarry III,,
7087,1195727,1195727,27.06795,Cymatosaurus,246.7,244.7,Middle Triassic,"(246.7, 244.7)",NL,,,Vossenveld,,Winterswijk Quarry III,,
5823,818844,818844,29.56131,Placodus,246.7,242,Middle Triassic,"(246.7, 242.0)",PL,,,Wellenkalk,,"Gogoliner Schichten, Muschelkalk, Chorzow",,
5983,1094700,1094700,29.56131,Cymatosaurus,246.7,242,Middle Triassic,"(246.7, 242.0)",PL,,,Wellenkalk,,"Gogoliner Schichten, Muschelkalk, Chorzow",,
5984,1094703,1094703,29.56131,Cymatosaurus,246.7,242,Middle Triassic,"(246.7, 242.0)",PL,,,Wellenkalk,,"Gogoliner Schichten, Muschelkalk, Chorzow",,
5985,1094704,1094704,29.56131,Cymatosaurus,246.7,242,Middle Triassic,"(246.7, 242.0)",PL,,,Gogolin,,"Sacrau, near Goglin",Zakrzów,
5988,1094760,1094760,29.56131,Germanosaurus,246.7,242,Middle Triassic,"(246.7, 242.0)",PL,,,Gogolin,,"Sacrau, near Goglin",Zakrzów,
5989,1094761,1094761,29.56131,Germanosaurus,246.7,242,Middle Triassic,"(246.7, 242.0)",PL,,,Wellenkalk,,"Gogoliner Schichten, Muschelkalk, Chorzow",,
5990,1094788,1094788,29.56131,Cymatosaurus,246.7,242,Middle Triassic,"(246.7, 242.0)",PL,,,Gogolin,,"Sacrau, near Goglin",Zakrzów,
6000,1094870,1094870,29.56131,Cymatosaurus,246.7,242,Middle Triassic,"(246.7, 242.0)",PL,,,Wellenkalk,,"Gogoliner Schichten, Muschelkalk, Chorzow",,
6001,1094871,1094871,29.56131,Nothosaurus,246.7,242,Middle Triassic,"(246.7, 242.0)",PL,,,Wellenkalk,,"Gogoliner Schichten, Muschelkalk, Chorzow",,
6003,1094873,1094873,29.56131,Nothosaurus,246.7,242,Middle Triassic,"(246.7, 242.0)",PL,,,Wellenkalk,,"Gogoliner Schichten, Muschelkalk, Chorzow",,
6058,1415290,1415290,29.56131,Cymatosaurus,246.7,242,Middle Triassic,"(246.7, 242.0)",PL,,,Wellenkalk,,"Gogoliner Schichten, Muschelkalk, Chorzow",,
6059,1415291,1415291,29.56131,Cymatosaurus,246.7,242,Middle Triassic,"(246.7, 242.0)",PL,,,Gogolin,,"Sacrau, near Goglin",Zakrzów,
6060,1415292,1415292,29.56131,Hemilopas,246.7,242,Middle Triassic,"(246.7, 242.0)",PL,,,Wellenkalk,,"Gogoliner Schichten, Muschelkalk, Chorzow",,
6061,1415293,1415293,29.56131,Hemilopas,246.7,242,Middle Triassic,"(246.7, 242.0)",PL,,,Gogolin,,"Sacrau, near Goglin",Zakrzów,
6080,1574347,1574347,29.56131,Cladeiodon,246.7,242,Middle Triassic,"(246.7, 242.0)",PL,,,Wellenkalk,,"Gogoliner Schichten, Muschelkalk, Chorzow",,
6261,1094915,1094915,31.13755,Placodus,242,237,Middle Triassic,"(242.0, 237.0)",PL,,,,,Tarnowitz,Tarnowskie Góry,
6262,1094916,1094916,34.44921,Placodus,242,237,Middle Triassic,"(242.0, 237.0)",PL,,,,,Rybina,,
6265,1095298,1095298,31.13755,Cyamodus,242,237,Middle Triassic,"(242.0, 237.0)",PL,,,,,Tarnowitz,Tarnowskie Góry,
6290,1419164,1419164,31.13755,Pistosaurus,242,237,Middle Triassic,"(242.0, 237.0)",PL,,,,,Tarnowitz,Tarnowskie Góry,
6700,1415008,1415008,29.56131,Dactylosaurus,246.7,242,Middle Triassic,"(246.7, 242.0)",PL,,,Karchowice,,"Kamien Slaski, Opole",Reef 65,
6825,1419165,1419165,31.13755,Pistosaurus,242,239.7,Middle Triassic,"(242.0, 239.7)",PL,,,Boruszowice,,"Laryszów, OS, mo2b",,
5088,1382837,1382837,44.03487,Suchonosaurus,264.28,256.8,Guadalupian,"(264.28, 256.8)",RU,,,Salarevskaya,Scutosaurus karpinskii,Salarevo,,
6743,219963,219963,41.97247,Rhipaeosaurus,266.9,264.28,Guadalupian,"(266.9, 264.28)",RU,,,,Estemmenosuchus uralensis,Belebei,"ETE Locality 1518, Belebei, ",
6754,1424401,1424401,40.12712,Kinelia,266.9,264.28,Guadalupian,"(266.9, 264.28)",RU,,,'Third',,"Monastery Ravine, Volga River ('Third' Formation)",,
6270,1163463,1163463,-12.54747,Simosaurus,242,237,Middle Triassic,"(242.0, 237.0)",SA,,,Jilh,,Ar Rubay'iyah,,
6271,1163464,1163464,-12.54747,Nothosaurus,242,237,Middle Triassic,"(242.0, 237.0)",SA,,,Jilh,,Ar Rubay'iyah,,
6272,1163468,1163468,-12.54747,Psephosauriscus,242,237,Middle Triassic,"(242.0, 237.0)",SA,,,Jilh,,Ar Rubay'iyah (2007 coll),,
6273,1163470,1163470,-12.54747,Nothosaurus,242,237,Middle Triassic,"(242.0, 237.0)",SA,,,Jilh,,Ar Rubay'iyah (2007 coll),,
6274,1163473,1163473,-14.99022,Simosaurus,242,237,Middle Triassic,"(242.0, 237.0)",SA,,,Jilh,,Khasm Dalqan,,
6074,1419483,1419483,47.29689,Pessopteryx,246.7,242,Middle Triassic,"(246.7, 242.0)",SJ,,,,,Heimen Mount,,
6279,1310774,1310774,46.58566,Mikadocephalus,242,237,Middle Triassic,"(242.0, 237.0)",SJ,,,Tschermakjfellet,,Mikadocephalus Middlehook,,
7032,1419116,1419116,47.8035,Phalarodon,251.2,246.7,Early Triassic,"(251.2, 246.7)",SJ,,,,,"Saurie Hook, Ice Fjord",,
7035,1420109,1420109,47.8035,Quasianosteosaurus,251.2,246.7,Early Triassic,"(251.2, 246.7)",SJ,,,Sticky Keep,,"33m Above the Fish Horizon, Mt. Viking",,
7036,1420150,1420150,47.8035,Isfjordosaurus,251.2,246.7,Early Triassic,"(251.2, 246.7)",SJ,,,Vikinghøgda,,Isfjord area,,
7037,1420151,1420151,47.8035,Merriamosaurus,251.2,246.7,Early Triassic,"(251.2, 246.7)",SJ,,,Sticky Keep,,Mts. Heimen and Ibsen,,
7038,1420184,1420184,47.8035,Pessopteryx,251.2,246.7,Early Triassic,"(251.2, 246.7)",SJ,,,Vikinghøgda,,Isfjord area,,
7039,1529048,1529048,47.8035,Omphalosaurus,251.2,246.7,Early Triassic,"(251.2, 246.7)",SJ,,,Vikinghøgda,,"Marmierfjellet, Flowerdalen (Grippia niveau bonebed)",,
6844,1285940,1285940,-43.64076,Tangasaurus,254.14,251.902,Lopingian,"(254.14, 251.902)",TZ,,,,,Tanga marine reptiles,,
6845,1285940,1285940,-43.64076,Tangasaurus,254.14,251.902,Lopingian,"(254.14, 251.902)",TZ,,,,,Tanga marine reptiles,,
6846,1285940,1285940,-43.64076,Tangasaurus,254.14,251.902,Lopingian,"(254.14, 251.902)",TZ,,,,,Tanga marine reptiles,,
5750,1358998,1358998,-47.78411,Pareiasaurus,259.51,254.14,Lopingian,"(259.51, 254.14)",ZM,,,Madumabisa Mudstone,Cistecephalus Assemblage Zone,"Drysdall & Kitching locality 4, Upper Luangwa Valley",,
5177,604143,604143,45.57481,Plateosaurus,208.5,201.4,Late Triassic,"(208.5, 201.4)",,,,Lunde,,Snorre Field well 34/4-9S,,
