id,occurrence_no,occurrence_no_AF,Rotated latitude,genus,age_max,age_min,Epoch,range,cc,state,county,formation,zone,collection_name,collection_aka
7207,1406787,1406787,15.09507,Ascendonanus,293.52,283.5,Cisuralian,"(293.52, 283.5)",DE,,,Leukersdorf,,Chemnitz petrified forest (Chemnitz-Hilbersdorf),
7208,1406787,1406787,15.09507,Ascendonanus,293.52,283.5,Cisuralian,"(293.52, 283.5)",DE,,,Leukersdorf,,Chemnitz petrified forest (Chemnitz-Hilbersdorf),
7209,1406787,1406787,15.09507,Ascendonanus,293.52,283.5,Cisuralian,"(293.52, 283.5)",DE,,,Leukersdorf,,Chemnitz petrified forest (Chemnitz-Hilbersdorf),
7210,1406787,1406787,15.09507,Ascendonanus,293.52,283.5,Cisuralian,"(293.52, 283.5)",DE,,,Leukersdorf,,Chemnitz petrified forest (Chemnitz-Hilbersdorf),
7211,1406787,1406787,15.09507,Ascendonanus,293.52,283.5,Cisuralian,"(293.52, 283.5)",DE,,,Leukersdorf,,Chemnitz petrified forest (Chemnitz-Hilbersdorf),
7643,229268,229268,-62.75164,Diictodon,264.28,254.14,Guadalupian,"(264.28, 254.14)",ZA,,,Teekloof,,Wilgerboschkloof,"ETE Locality 1537, Wilgerboschkloof, "
7685,1567517,1567517,-62.75164,Galepus,264.28,259.51,Guadalupian,"(264.28, 259.51)",ZA,,,,Diictodon - Styracocephalus,Galepus jouberti Type Locality,
8048,1418815,1418815,-63.15948,Moschorhinus,259.51,251.902,Lopingian,"(259.51, 251.902)",ZA,,,,,"Elim, Burghersdorp district",
8058,1385154,1385154,-63.15948,Procynosuchus,259.51,251.902,Lopingian,"(259.51, 251.902)",ZA,,,,,"Elim, Burghersdorp district",
8061,1363613,1363613,-47.78411,Kembawacela,259.51,251.902,Lopingian,"(259.51, 251.902)",ZM,,,Madumabisa Mudstone,Cistecephalus Assemblage Zone,"L53, Luangwa Basin",
8355,1651601,1651601,-47.78411,Aelurognathus,259.51,254.14,Lopingian,"(259.51, 254.14)",ZM,,,Madumabisa Mudstone,Cistecephalus Assemblage Zone,"Drysdall & Kitching locality 4, Upper Luangwa Valley",
8362,1475790,1475790,-47.78411,Kembawacela,259.51,254.14,Lopingian,"(259.51, 254.14)",ZM,,,Madumabisa Mudstone,Cistecephalus Assemblage Zone,"L7, Luangwa Basin",
8372,1419979,1419979,-47.78411,Theriognathus,259.51,254.14,Lopingian,"(259.51, 254.14)",ZM,,,,Cistecephalus Assemblage Zone,"L123, Luangwa Basin",
8373,1419978,1419978,-47.78411,Theriognathus,259.51,254.14,Lopingian,"(259.51, 254.14)",ZM,,,,Cistecephalus Assemblage Zone,"L120, Luangwa Basin",
8374,1419977,1419977,-47.78411,Theriognathus,259.51,254.14,Lopingian,"(259.51, 254.14)",ZM,,,,Cistecephalus Assemblage Zone,"L106, Luangwa Basin",
8375,1419976,1419976,-47.78411,Theriognathus,259.51,254.14,Lopingian,"(259.51, 254.14)",ZM,,,,Cistecephalus Assemblage Zone,"L89, Luangwa Basin",
8404,1387424,1387424,-47.78411,Aelurognathus,259.51,254.14,Lopingian,"(259.51, 254.14)",ZM,,,Madumabisa Mudstone,Cistecephalus Assemblage Zone,"Drysdall & Kitching locality 4, Upper Luangwa Valley",
8405,1387423,1387423,-47.78411,Lycaenops,259.51,254.14,Lopingian,"(259.51, 254.14)",ZM,,,Madumabisa Mudstone,Cistecephalus Assemblage Zone,"Drysdall & Kitching locality 5, Upper Luangwa Valley",
8406,1387422,1387422,-47.78411,Lycaenops,259.51,254.14,Lopingian,"(259.51, 254.14)",ZM,,,Madumabisa Mudstone,Cistecephalus Assemblage Zone,"Drysdall & Kitching locality 4, Upper Luangwa Valley",
8407,1387422,1387422,-47.78411,Lycaenops,259.51,254.14,Lopingian,"(259.51, 254.14)",ZM,,,Madumabisa Mudstone,Cistecephalus Assemblage Zone,"Drysdall & Kitching locality 4, Upper Luangwa Valley",
8483,1384161,1384161,-61.36501,Cistecephalus,259.51,254.14,Lopingian,"(259.51, 254.14)",ZA,,,,,Koppieskraal,
8484,1384160,1384160,-63.15948,Dicynodon,259.51,254.14,Lopingian,"(259.51, 254.14)",ZA,,,,,Doornplaats,
8485,1384159,1384159,-63.15948,Cistecephalus,259.51,254.14,Lopingian,"(259.51, 254.14)",ZA,,,,,Doornplaats,
8495,1363627,1363627,-47.78411,Syops,259.51,254.14,Lopingian,"(259.51, 254.14)",ZM,,,Madumabisa Mudstone,Cistecephalus Assemblage Zone,"L61, Luangwa Basin",
8496,1363626,1363626,-47.78411,Platypodosaurus,259.51,254.14,Lopingian,"(259.51, 254.14)",ZM,,,Madumabisa Mudstone,Cistecephalus Assemblage Zone,"Kerr's 1974 Locality 7, Luangwa Basin",
8497,1363625,1363625,-47.78411,Platypodosaurus,259.51,254.14,Lopingian,"(259.51, 254.14)",ZM,,,Madumabisa Mudstone,Cistecephalus Assemblage Zone,"Kerr's 1974 Locality 3, Luangwa Basin",
8498,1363625,1363625,-47.78411,Platypodosaurus,259.51,254.14,Lopingian,"(259.51, 254.14)",ZM,,,Madumabisa Mudstone,Cistecephalus Assemblage Zone,"Kerr's 1974 Locality 3, Luangwa Basin",
8499,1363624,1363624,-50.10377,Platypodosaurus,259.51,254.14,Lopingian,"(259.51, 254.14)",ZM,,,Madumabisa Mudstone,,"Munyamadzi Corridor, Kerr's 1974 locality 1",Middle Luangwa Valley
8500,1363623,1363623,-47.78411,Kitchinganomodon,259.51,254.14,Lopingian,"(259.51, 254.14)",ZM,,,Madumabisa Mudstone,Cistecephalus Assemblage Zone,"Kerr's 1974 Locality 2, Luangwa Basin",
8501,1363622,1363622,-47.78411,Oudenodon,259.51,254.14,Lopingian,"(259.51, 254.14)",ZM,,,Madumabisa Mudstone,Cistecephalus Assemblage Zone,"L37, Luangwa Basin",
8502,1363621,1363621,-47.78411,Oudenodon,259.51,254.14,Lopingian,"(259.51, 254.14)",ZM,,,Madumabisa Mudstone,Cistecephalus Assemblage Zone,"L30, Luangwa Basin",
8503,1363620,1363620,-47.78411,Oudenodon,259.51,254.14,Lopingian,"(259.51, 254.14)",ZM,,,Madumabisa Mudstone,Cistecephalus Assemblage Zone,"L59, Luangwa Basin",
8504,1363619,1363619,-47.78411,Oudenodon,259.51,254.14,Lopingian,"(259.51, 254.14)",ZM,,,Madumabisa Mudstone,Cistecephalus Assemblage Zone,"Kerr's 1974 Locality 13, Luangwa Basin",
8505,1363618,1363618,-47.78411,Oudenodon,259.51,254.14,Lopingian,"(259.51, 254.14)",ZM,,,Madumabisa Mudstone,Cistecephalus Assemblage Zone,"Kerr's 1974 Locality 11, Luangwa Basin",
8506,1363618,1363618,-47.78411,Oudenodon,259.51,254.14,Lopingian,"(259.51, 254.14)",ZM,,,Madumabisa Mudstone,Cistecephalus Assemblage Zone,"Kerr's 1974 Locality 11, Luangwa Basin",
8507,1363618,1363618,-47.78411,Oudenodon,259.51,254.14,Lopingian,"(259.51, 254.14)",ZM,,,Madumabisa Mudstone,Cistecephalus Assemblage Zone,"Kerr's 1974 Locality 11, Luangwa Basin",
8508,1363618,1363618,-47.78411,Oudenodon,259.51,254.14,Lopingian,"(259.51, 254.14)",ZM,,,Madumabisa Mudstone,Cistecephalus Assemblage Zone,"Kerr's 1974 Locality 11, Luangwa Basin",
8509,1363618,1363618,-47.78411,Oudenodon,259.51,254.14,Lopingian,"(259.51, 254.14)",ZM,,,Madumabisa Mudstone,Cistecephalus Assemblage Zone,"Kerr's 1974 Locality 11, Luangwa Basin",
8510,1363618,1363618,-47.78411,Oudenodon,259.51,254.14,Lopingian,"(259.51, 254.14)",ZM,,,Madumabisa Mudstone,Cistecephalus Assemblage Zone,"Kerr's 1974 Locality 11, Luangwa Basin",
8511,1363618,1363618,-47.78411,Oudenodon,259.51,254.14,Lopingian,"(259.51, 254.14)",ZM,,,Madumabisa Mudstone,Cistecephalus Assemblage Zone,"Kerr's 1974 Locality 11, Luangwa Basin",
8512,1363617,1363617,-47.78411,Odontocyclops,259.51,254.14,Lopingian,"(259.51, 254.14)",ZM,,,Madumabisa Mudstone,Cistecephalus Assemblage Zone,"L39, Luangwa Basin",
8513,1363616,1363616,-47.78411,Odontocyclops,259.51,254.14,Lopingian,"(259.51, 254.14)",ZM,,,Madumabisa Mudstone,Cistecephalus Assemblage Zone,"Drysdall & Kitching locality 3, Upper Luangwa Valley",
8514,1363615,1363615,-47.78411,Katumbia,259.51,254.14,Lopingian,"(259.51, 254.14)",ZM,,,Madumabisa Mudstone,Cistecephalus Assemblage Zone,"L59, Luangwa Basin",
8515,1363614,1363614,-47.78411,Kembawacela,259.51,254.14,Lopingian,"(259.51, 254.14)",ZM,,,Madumabisa Mudstone,Cistecephalus Assemblage Zone,"L55, Luangwa Basin",
8516,1363611,1363611,-47.78411,Kembawacela,259.51,254.14,Lopingian,"(259.51, 254.14)",ZM,,,Madumabisa Mudstone,Cistecephalus Assemblage Zone,"Drysdall & Kitching locality 4, Upper Luangwa Valley",
8517,1363611,1363611,-47.78411,Kembawacela,259.51,254.14,Lopingian,"(259.51, 254.14)",ZM,,,Madumabisa Mudstone,Cistecephalus Assemblage Zone,"Drysdall & Kitching locality 4, Upper Luangwa Valley",
8518,1363611,1363611,-47.78411,Kembawacela,259.51,254.14,Lopingian,"(259.51, 254.14)",ZM,,,Madumabisa Mudstone,Cistecephalus Assemblage Zone,"Drysdall & Kitching locality 4, Upper Luangwa Valley",
8519,1363609,1363609,-47.78411,Dicynodontoides,259.51,254.14,Lopingian,"(259.51, 254.14)",ZM,,,Madumabisa Mudstone,Cistecephalus Assemblage Zone,"L64, Luangwa Basin",
8520,1363608,1363608,-47.78411,Dicynodontoides,259.51,254.14,Lopingian,"(259.51, 254.14)",ZM,,,Madumabisa Mudstone,Cistecephalus Assemblage Zone,"L29, Luangwa Basin",
8521,1363607,1363607,-47.78411,Dicynodontoides,259.51,254.14,Lopingian,"(259.51, 254.14)",ZM,,,Madumabisa Mudstone,Cistecephalus Assemblage Zone,"Drysdall & Kitching locality 4, Upper Luangwa Valley",
8522,1363606,1363606,-47.78411,Emydops,259.51,254.14,Lopingian,"(259.51, 254.14)",ZM,,,Madumabisa Mudstone,Cistecephalus Assemblage Zone,"L52, Luangwa Basin",
8523,1363605,1363605,-47.78411,Emydops,259.51,254.14,Lopingian,"(259.51, 254.14)",ZM,,,Madumabisa Mudstone,Cistecephalus Assemblage Zone,"Drysdall & Kitching locality 4, Upper Luangwa Valley",
8524,1363604,1363604,-47.78411,Compsodon,259.51,254.14,Lopingian,"(259.51, 254.14)",ZM,,,Madumabisa Mudstone,Cistecephalus Assemblage Zone,"L45, Luangwa Basin",
8525,1359046,1359046,-47.78411,Compsodon,259.51,254.14,Lopingian,"(259.51, 254.14)",ZM,,,Madumabisa Mudstone,Cistecephalus Assemblage Zone,"L26, Luangwa Basin",
8526,1359044,1359044,-47.78411,Diictodon,259.51,254.14,Lopingian,"(259.51, 254.14)",ZM,,,Madumabisa Mudstone,Cistecephalus Assemblage Zone,"Kerr's 1974 Locality 13, Luangwa Basin",
8527,1359043,1359043,-47.78411,Diictodon,259.51,254.14,Lopingian,"(259.51, 254.14)",ZM,,,Madumabisa Mudstone,Cistecephalus Assemblage Zone,"Kerr's 1974 Locality 11, Luangwa Basin",
8528,1359042,1359042,-47.78411,Diictodon,259.51,254.14,Lopingian,"(259.51, 254.14)",ZM,,,Madumabisa Mudstone,Cistecephalus Assemblage Zone,"L48, Luangwa Basin",
8529,1359041,1359041,-47.78411,Diictodon,259.51,254.14,Lopingian,"(259.51, 254.14)",ZM,,,Madumabisa Mudstone,Cistecephalus Assemblage Zone,"L38, Luangwa Basin",
8530,1359041,1359041,-47.78411,Diictodon,259.51,254.14,Lopingian,"(259.51, 254.14)",ZM,,,Madumabisa Mudstone,Cistecephalus Assemblage Zone,"L38, Luangwa Basin",
8531,1359041,1359041,-47.78411,Diictodon,259.51,254.14,Lopingian,"(259.51, 254.14)",ZM,,,Madumabisa Mudstone,Cistecephalus Assemblage Zone,"L38, Luangwa Basin",
8532,1359041,1359041,-47.78411,Diictodon,259.51,254.14,Lopingian,"(259.51, 254.14)",ZM,,,Madumabisa Mudstone,Cistecephalus Assemblage Zone,"L38, Luangwa Basin",
8533,1359040,1359040,-47.78411,Diictodon,259.51,254.14,Lopingian,"(259.51, 254.14)",ZM,,,Madumabisa Mudstone,Cistecephalus Assemblage Zone,"L31, Luangwa Basin",
8534,1359039,1359039,-47.78411,Diictodon,259.51,254.14,Lopingian,"(259.51, 254.14)",ZM,,,Madumabisa Mudstone,Cistecephalus Assemblage Zone,"Drysdall & Kitching locality 4, Upper Luangwa Valley",
8535,1359027,1359027,-47.78411,Pristerodon,259.51,254.14,Lopingian,"(259.51, 254.14)",ZM,,,Madumabisa Mudstone,Cistecephalus Assemblage Zone,"L52, Luangwa Basin",
8536,1359027,1359027,-47.78411,Pristerodon,259.51,254.14,Lopingian,"(259.51, 254.14)",ZM,,,Madumabisa Mudstone,Cistecephalus Assemblage Zone,"L52, Luangwa Basin",
8537,1359026,1359026,-47.78411,Pristerodon,259.51,254.14,Lopingian,"(259.51, 254.14)",ZM,,,Madumabisa Mudstone,Cistecephalus Assemblage Zone,"L50, Luangwa Basin",
8538,1359025,1359025,-47.78411,Pristerodon,259.51,254.14,Lopingian,"(259.51, 254.14)",ZM,,,Madumabisa Mudstone,Cistecephalus Assemblage Zone,"L7, Luangwa Basin",
8539,1359024,1359024,-47.78411,Pristerodon,259.51,254.14,Lopingian,"(259.51, 254.14)",ZM,,,Madumabisa Mudstone,Cistecephalus Assemblage Zone,"L6, Luangwa Basin",
8540,1359023,1359023,-47.78411,Pristerodon,259.51,254.14,Lopingian,"(259.51, 254.14)",ZM,,,Madumabisa Mudstone,Cistecephalus Assemblage Zone,"Drysdall & Kitching locality 4, Upper Luangwa Valley",
8541,1359023,1359023,-47.78411,Pristerodon,259.51,254.14,Lopingian,"(259.51, 254.14)",ZM,,,Madumabisa Mudstone,Cistecephalus Assemblage Zone,"Drysdall & Kitching locality 4, Upper Luangwa Valley",
8542,1359023,1359023,-47.78411,Pristerodon,259.51,254.14,Lopingian,"(259.51, 254.14)",ZM,,,Madumabisa Mudstone,Cistecephalus Assemblage Zone,"Drysdall & Kitching locality 4, Upper Luangwa Valley",
8543,1359023,1359023,-47.78411,Pristerodon,259.51,254.14,Lopingian,"(259.51, 254.14)",ZM,,,Madumabisa Mudstone,Cistecephalus Assemblage Zone,"Drysdall & Kitching locality 4, Upper Luangwa Valley",
8544,1359023,1359023,-47.78411,Pristerodon,259.51,254.14,Lopingian,"(259.51, 254.14)",ZM,,,Madumabisa Mudstone,Cistecephalus Assemblage Zone,"Drysdall & Kitching locality 4, Upper Luangwa Valley",
8545,1359022,1359022,-47.78411,Endothiodon,259.51,254.14,Lopingian,"(259.51, 254.14)",ZM,,,Madumabisa Mudstone,Cistecephalus Assemblage Zone,"L49, Luangwa Basin",
8546,1359021,1359021,-47.78411,Endothiodon,259.51,254.14,Lopingian,"(259.51, 254.14)",ZM,,,Madumabisa Mudstone,Cistecephalus Assemblage Zone,"L32, Luangwa Basin",
8547,1359017,1359017,-47.78411,Emydops,259.51,254.14,Lopingian,"(259.51, 254.14)",ZM,,,Madumabisa Mudstone,Cistecephalus Assemblage Zone,"Drysdall & Kitching locality 17, Upper Luangwa Valley",
8548,1359013,1359013,-47.78411,Odontocyclops,259.51,254.14,Lopingian,"(259.51, 254.14)",ZM,,,Madumabisa Mudstone,Cistecephalus Assemblage Zone,"Drysdall & Kitching locality 10, Upper Luangwa Valley",
8549,1359012,1359012,-47.78411,Dinogorgon,259.51,254.14,Lopingian,"(259.51, 254.14)",ZM,,,Madumabisa Mudstone,Cistecephalus Assemblage Zone,"Drysdall & Kitching locality 10, Upper Luangwa Valley",
8550,1359011,1359011,-47.78411,Aelurognathus,259.51,254.14,Lopingian,"(259.51, 254.14)",ZM,,,Madumabisa Mudstone,Cistecephalus Assemblage Zone,"Drysdall & Kitching locality 10, Upper Luangwa Valley",
8552,1359004,1359004,-47.78411,Aelurognathus,259.51,254.14,Lopingian,"(259.51, 254.14)",ZM,,,Madumabisa Mudstone,Cistecephalus Assemblage Zone,"Drysdall & Kitching locality 5, Upper Luangwa Valley",
8553,1359003,1359003,-47.78411,Dinogorgon,259.51,254.14,Lopingian,"(259.51, 254.14)",ZM,,,Madumabisa Mudstone,Cistecephalus Assemblage Zone,"Drysdall & Kitching locality 5, Upper Luangwa Valley",
8554,1359001,1359001,-47.78411,Odontocyclops,259.51,254.14,Lopingian,"(259.51, 254.14)",ZM,,,Madumabisa Mudstone,Cistecephalus Assemblage Zone,"Drysdall & Kitching locality 5, Upper Luangwa Valley",
8555,1358999,1358999,-47.78411,Syops,259.51,254.14,Lopingian,"(259.51, 254.14)",ZM,,,Madumabisa Mudstone,Cistecephalus Assemblage Zone,"Drysdall & Kitching locality 5, Upper Luangwa Valley",
8556,1358999,1358999,-47.78411,Syops,259.51,254.14,Lopingian,"(259.51, 254.14)",ZM,,,Madumabisa Mudstone,Cistecephalus Assemblage Zone,"Drysdall & Kitching locality 5, Upper Luangwa Valley",
8557,1358996,1358996,-47.78411,Scylacops,259.51,254.14,Lopingian,"(259.51, 254.14)",ZM,,,Madumabisa Mudstone,Cistecephalus Assemblage Zone,"Drysdall & Kitching locality 4, Upper Luangwa Valley",
8558,1358994,1358994,-47.78411,Oudenodon,259.51,254.14,Lopingian,"(259.51, 254.14)",ZM,,,Madumabisa Mudstone,Cistecephalus Assemblage Zone,"Drysdall & Kitching locality 4, Upper Luangwa Valley",
8559,1358993,1358993,-47.78411,Oudenodon,259.51,254.14,Lopingian,"(259.51, 254.14)",ZM,,,Madumabisa Mudstone,Cistecephalus Assemblage Zone,"Drysdall & Kitching locality 4, Upper Luangwa Valley",
8560,1358992,1358992,-47.78411,Oudenodon,259.51,254.14,Lopingian,"(259.51, 254.14)",ZM,,,Madumabisa Mudstone,Cistecephalus Assemblage Zone,"Drysdall & Kitching locality 4, Upper Luangwa Valley",
8561,1358991,1358991,-47.78411,Oudenodon,259.51,254.14,Lopingian,"(259.51, 254.14)",ZM,,,Madumabisa Mudstone,Cistecephalus Assemblage Zone,"Drysdall & Kitching locality 4, Upper Luangwa Valley",
8562,1358990,1358990,-47.78411,Oudenodon,259.51,254.14,Lopingian,"(259.51, 254.14)",ZM,,,Madumabisa Mudstone,Cistecephalus Assemblage Zone,"Drysdall & Kitching locality 4, Upper Luangwa Valley",
8563,1358988,1358988,-47.78411,Odontocyclops,259.51,254.14,Lopingian,"(259.51, 254.14)",ZM,,,Madumabisa Mudstone,Cistecephalus Assemblage Zone,"Drysdall & Kitching locality 4, Upper Luangwa Valley",
8564,1358988,1358988,-47.78411,Odontocyclops,259.51,254.14,Lopingian,"(259.51, 254.14)",ZM,,,Madumabisa Mudstone,Cistecephalus Assemblage Zone,"Drysdall & Kitching locality 4, Upper Luangwa Valley",
8565,1358988,1358988,-47.78411,Odontocyclops,259.51,254.14,Lopingian,"(259.51, 254.14)",ZM,,,Madumabisa Mudstone,Cistecephalus Assemblage Zone,"Drysdall & Kitching locality 4, Upper Luangwa Valley",
8566,1358988,1358988,-47.78411,Odontocyclops,259.51,254.14,Lopingian,"(259.51, 254.14)",ZM,,,Madumabisa Mudstone,Cistecephalus Assemblage Zone,"Drysdall & Kitching locality 4, Upper Luangwa Valley",
8567,1358988,1358988,-47.78411,Odontocyclops,259.51,254.14,Lopingian,"(259.51, 254.14)",ZM,,,Madumabisa Mudstone,Cistecephalus Assemblage Zone,"Drysdall & Kitching locality 4, Upper Luangwa Valley",
8568,1358988,1358988,-47.78411,Odontocyclops,259.51,254.14,Lopingian,"(259.51, 254.14)",ZM,,,Madumabisa Mudstone,Cistecephalus Assemblage Zone,"Drysdall & Kitching locality 4, Upper Luangwa Valley",
8569,1358988,1358988,-47.78411,Odontocyclops,259.51,254.14,Lopingian,"(259.51, 254.14)",ZM,,,Madumabisa Mudstone,Cistecephalus Assemblage Zone,"Drysdall & Kitching locality 4, Upper Luangwa Valley",
8570,1358987,1358987,-47.78411,Oudenodon,259.51,254.14,Lopingian,"(259.51, 254.14)",ZM,,,Madumabisa Mudstone,Cistecephalus Assemblage Zone,"Drysdall & Kitching locality 4, Upper Luangwa Valley",
8571,1358986,1358986,-47.78411,Syops,259.51,254.14,Lopingian,"(259.51, 254.14)",ZM,,,Madumabisa Mudstone,Cistecephalus Assemblage Zone,"Drysdall & Kitching locality 4, Upper Luangwa Valley",
8572,1358985,1358985,-47.78411,Oudenodon,259.51,254.14,Lopingian,"(259.51, 254.14)",ZM,,,Madumabisa Mudstone,Cistecephalus Assemblage Zone,"Drysdall & Kitching locality 4, Upper Luangwa Valley",
8573,1358984,1358984,-47.78411,Oudenodon,259.51,254.14,Lopingian,"(259.51, 254.14)",ZM,,,Madumabisa Mudstone,Cistecephalus Assemblage Zone,"Drysdall & Kitching locality 4, Upper Luangwa Valley",
8574,1358505,1358505,-47.78411,Scylacops,259.51,254.14,Lopingian,"(259.51, 254.14)",ZM,,,Madumabisa Mudstone,Cistecephalus Assemblage Zone,"Drysdall & Kitching locality 3, Upper Luangwa Valley",
8575,1358504,1358504,-47.78411,Aelurognathus,259.51,254.14,Lopingian,"(259.51, 254.14)",ZM,,,Madumabisa Mudstone,Cistecephalus Assemblage Zone,"Drysdall & Kitching locality 3, Upper Luangwa Valley",
8576,1358503,1358503,-47.78411,Cyniscops,259.51,254.14,Lopingian,"(259.51, 254.14)",ZM,,,Madumabisa Mudstone,Cistecephalus Assemblage Zone,"Drysdall & Kitching locality 3, Upper Luangwa Valley",
8577,1358502,1358502,-47.78411,Pristerodon,259.51,254.14,Lopingian,"(259.51, 254.14)",ZM,,,Madumabisa Mudstone,Cistecephalus Assemblage Zone,"Drysdall & Kitching locality 3, Upper Luangwa Valley",
8578,1358501,1358501,-47.78411,Emydops,259.51,254.14,Lopingian,"(259.51, 254.14)",ZM,,,Madumabisa Mudstone,Cistecephalus Assemblage Zone,"Drysdall & Kitching locality 3, Upper Luangwa Valley",
8579,1358500,1358500,-47.78411,Diictodon,259.51,254.14,Lopingian,"(259.51, 254.14)",ZM,,,Madumabisa Mudstone,Cistecephalus Assemblage Zone,"Drysdall & Kitching locality 3, Upper Luangwa Valley",
8580,1358499,1358499,-47.78411,Diictodon,259.51,254.14,Lopingian,"(259.51, 254.14)",ZM,,,Madumabisa Mudstone,Cistecephalus Assemblage Zone,"Drysdall & Kitching locality 3, Upper Luangwa Valley",
8581,1358498,1358498,-47.78411,Oudenodon,259.51,254.14,Lopingian,"(259.51, 254.14)",ZM,,,Madumabisa Mudstone,Cistecephalus Assemblage Zone,"Drysdall & Kitching locality 3, Upper Luangwa Valley",
8582,1358497,1358497,-47.78411,Oudenodon,259.51,254.14,Lopingian,"(259.51, 254.14)",ZM,,,Madumabisa Mudstone,Cistecephalus Assemblage Zone,"Drysdall & Kitching locality 3, Upper Luangwa Valley",
8583,1358495,1358495,-47.78411,Endothiodon,259.51,254.14,Lopingian,"(259.51, 254.14)",ZM,,,Madumabisa Mudstone,Cistecephalus Assemblage Zone,"Drysdall & Kitching locality 3, Upper Luangwa Valley",
8584,1358495,1358495,-47.78411,Endothiodon,259.51,254.14,Lopingian,"(259.51, 254.14)",ZM,,,Madumabisa Mudstone,Cistecephalus Assemblage Zone,"Drysdall & Kitching locality 3, Upper Luangwa Valley",
9253,1607015,1607015,-77.5844,Notictoides,251.902,246.7,Early Triassic,"(251.902, 246.7)",AA,,,Fremouw,,Halfmoon Bluff (UWBM locality C2951),
9255,1587697,1587697,-76.62466,Lystrosaurus,251.902,246.7,Early Triassic,"(251.902, 246.7)",AA,,,Fremouw,,Graphite Peak (Fremouw Fm.),
9257,1442949,1442949,-2.617971,Repelinosaurus,251.902,246.7,Early Triassic,"(251.902, 246.7)",LA,,,Purple Claystone,,Counillonia and Repelinosaurus Type Locality,Luang Prabang Basin
9258,1442948,1442948,-2.617971,Counillonia,251.902,246.7,Early Triassic,"(251.902, 246.7)",LA,,,Purple Claystone,,Counillonia and Repelinosaurus Type Locality,Luang Prabang Basin
9282,1418585,1418585,-77.5844,Lystrosaurus,251.902,246.7,Early Triassic,"(251.902, 246.7)",AA,,,Fremouw,,"Collinson Ridge (Fremouw Fm., 85 m above base)",Cumulus Hills; Halfmoon Bluff; Sentinel Hill
9294,1385156,1385156,-62.64909,Olivierosuchus,251.902,246.7,Early Triassic,"(251.902, 246.7)",ZA,,,,,Lystrosaurus Assemblage,
9295,1385143,1385143,-60.88067,Thrinaxodon,251.902,246.7,Early Triassic,"(251.902, 246.7)",ZA,,,,,Hill overlooking Wilge River,
9296,1385142,1385142,-60.80844,Lystrosaurus,251.902,246.7,Early Triassic,"(251.902, 246.7)",ZA,,,,,"Katburg Formation, South of Orange River",
9324,1167760,1167760,-77.5844,Ericiolacerta,251.902,246.7,Early Triassic,"(251.902, 246.7)",AA,,,Fremouw,,Kitching Ridge (Fremouw Fm.),Cumulus Hills
9386,922660,922660,-77.5844,Myosaurus,251.902,246.7,Early Triassic,"(251.902, 246.7)",AA,,,Fremouw,,Collinson Ridge (42.5 metres above base),Cumulus Hills
9387,922660,922660,-77.5844,Myosaurus,251.902,246.7,Early Triassic,"(251.902, 246.7)",AA,,,Fremouw,,Collinson Ridge (42.5 metres above base),Cumulus Hills
9388,896181,896181,-76.62466,Kombuisia,251.902,246.7,Early Triassic,"(251.902, 246.7)",AA,,,Fremouw,,Graphite Peak (Fremouw Fm.),
9389,896180,896180,-77.5844,Kombuisia,251.902,246.7,Early Triassic,"(251.902, 246.7)",AA,,,Fremouw,Lystrosaurus,Shenk Peak (uncertain stratigraphic level),
9426,807229,807229,-77.5844,Thrinaxodon,251.902,246.7,Early Triassic,"(251.902, 246.7)",AA,,,Fremouw,Lystrosaurus,Thrinaxodon Col (Fremouw Formation),Mount Kenyon; Cumulus Hills
9427,807186,807186,-76.62466,Thrinaxodon,251.902,246.7,Early Triassic,"(251.902, 246.7)",AA,,,Fremouw,,Graphite Peak (Fremouw Fm.),
9431,286246,286246,-77.5844,Lystrosaurus,251.902,246.7,Early Triassic,"(251.902, 246.7)",AA,,,Fremouw,Lystrosaurus,Thrinaxodon Col (Fremouw Formation),Mount Kenyon; Cumulus Hills
9432,286245,286245,-77.5844,Lystrosaurus,251.902,246.7,Early Triassic,"(251.902, 246.7)",AA,,,Fremouw,Lystrosaurus,"Shenk Peak (Fremouw Fm., 28 m above base of section)",Cumulus Hills
9550,897149,897149,-47.29913,Cynognathus,246.7,237.0,Middle Triassic,"(246.7, 237.0)",,,,Omingonde,Cynognathus subzone B or C,"Etjo Nord, EN-4",
9551,897136,897136,-47.29913,Luangwa,246.7,237.0,Middle Triassic,"(246.7, 237.0)",,,,Omingonde,Cynognathus subzone C,"Rhenosterkloof, RK-4",
9552,897136,897136,-47.29913,Luangwa,246.7,237.0,Middle Triassic,"(246.7, 237.0)",,,,Omingonde,Cynognathus subzone C,"Rhenosterkloof, RK-4",
9553,897136,897136,-47.29913,Luangwa,246.7,237.0,Middle Triassic,"(246.7, 237.0)",,,,Omingonde,Cynognathus subzone C,"Rhenosterkloof, RK-4",
9554,896674,896674,-47.29913,Luangwa,246.7,237.0,Middle Triassic,"(246.7, 237.0)",,,,Omingonde,Cynognathus subzone C,"Omingonde 96, OM-2",
9555,896673,896673,-47.29913,Chiniquodon,246.7,237.0,Middle Triassic,"(246.7, 237.0)",,,,Omingonde,Cynognathus subzone C,"Omingonde 96, OM-3",
9556,896672,896672,-47.29913,Kannemeyeria,246.7,237.0,Middle Triassic,"(246.7, 237.0)",,,,Omingonde,Cynognathus subzone C,"Omingonde 96, OM-1",
9557,896671,896671,-47.29913,Aleodon,246.7,237.0,Middle Triassic,"(246.7, 237.0)",,,,Omingonde,Cynognathus subzone C,"Etjo Nord, EN-3",
9558,896313,896313,-47.29913,Trirachodon,246.7,237.0,Middle Triassic,"(246.7, 237.0)",,,,Omingonde,Cynognathus subzone B or C,"western Etjo Mtn, above lower arenaceous layer",
9559,896306,896306,-47.29913,Titanogomphodon,246.7,237.0,Middle Triassic,"(246.7, 237.0)",,,,Omingonde,Cynognathus subzone C,"N slope, Etjo Mtn, upper arenaceous layer",
9560,896303,896303,-47.29913,Microgomphodon,246.7,237.0,Middle Triassic,"(246.7, 237.0)",,,,Omingonde,Cynognathus subzone C,"western Etjo Mtn, above upper arenaceous layer",
9589,1385141,1385141,-61.37537,Kannemeyeria,246.7,242.0,Middle Triassic,"(246.7, 242.0)",ZA,,,Burgersdorp,Cynognathus Assemblage Zone,Karoo Basin 2,
9609,1286785,1286785,-74.17096,Angonisaurus,246.7,242.0,Middle Triassic,"(246.7, 242.0)",AA,,,Fremouw,,Fremouw Peak Saddle,Fremouw Peak
9667,921157,921157,-74.17096,Diademodon,246.7,242.0,Middle Triassic,"(246.7, 242.0)",AA,,,Fremouw,,Gordon Valley,
9668,921155,921155,-74.17096,Cynognathus,246.7,242.0,Middle Triassic,"(246.7, 242.0)",AA,,,Fremouw,,Gordon Valley,
9713,897150,897150,-47.29913,Cynognathus,246.7,242.0,Middle Triassic,"(246.7, 242.0)",,,,Omingonde,Cynognathus subzone B,"Etjo Nord, EN-2",
9714,897143,897143,-47.29913,Diademodon,246.7,242.0,Middle Triassic,"(246.7, 242.0)",,,,Omingonde,Cynognathus subzone B,"Rhenosterkloof, RK-3",
9715,897137,897137,-47.29913,Diademodon,246.7,242.0,Middle Triassic,"(246.7, 242.0)",,,,Omingonde,Cynognathus subzone B,"Rhenosterkloof, RK-2",
9716,896364,896364,-47.29913,Dolichuranus,246.7,242.0,Middle Triassic,"(246.7, 242.0)",,,,Omingonde,Cynognathus subzone B,"Mt Etjo, general",
9717,896364,896364,-47.29913,Dolichuranus,246.7,242.0,Middle Triassic,"(246.7, 242.0)",,,,Omingonde,Cynognathus subzone B,"Mt Etjo, general",
9718,896364,896364,-47.29913,Dolichuranus,246.7,242.0,Middle Triassic,"(246.7, 242.0)",,,,Omingonde,Cynognathus subzone B,"Mt Etjo, general",
9719,896364,896364,-47.29913,Dolichuranus,246.7,242.0,Middle Triassic,"(246.7, 242.0)",,,,Omingonde,Cynognathus subzone B,"Mt Etjo, general",
9720,896364,896364,-47.29913,Dolichuranus,246.7,242.0,Middle Triassic,"(246.7, 242.0)",,,,Omingonde,Cynognathus subzone B,"Mt Etjo, general",
9721,896364,896364,-47.29913,Dolichuranus,246.7,242.0,Middle Triassic,"(246.7, 242.0)",,,,Omingonde,Cynognathus subzone B,"Mt Etjo, general",
9722,896364,896364,-47.29913,Dolichuranus,246.7,242.0,Middle Triassic,"(246.7, 242.0)",,,,Omingonde,Cynognathus subzone B,"Mt Etjo, general",
9723,896305,896305,-47.29913,Diademodon,246.7,242.0,Middle Triassic,"(246.7, 242.0)",,,,Omingonde,Cynognathus subzone B,"Etjo Mtn general, btwn lower + middle arenaceous layers",
9724,896304,896304,-47.29913,Cynognathus,246.7,242.0,Middle Triassic,"(246.7, 242.0)",,,,Omingonde,Cynognathus subzone B,"Etjo Mtn general, below lowest arenaceous layer",
9725,896302,896302,-47.29913,Dolichuranus,246.7,242.0,Middle Triassic,"(246.7, 242.0)",,,,Omingonde,Cynognathus subzone B,"N slopes, Etjo Mtn, btwn lower + middle arenaceous layers",
9726,896299,896299,-47.29913,Dolichuranus,246.7,242.0,Middle Triassic,"(246.7, 242.0)",,,,Omingonde,Cynognathus subzone B,"S slope, hill north of Etjo Mtn",
9727,896297,896297,-47.29913,Kannemeyeria,246.7,242.0,Middle Triassic,"(246.7, 242.0)",,,,Omingonde,Cynognathus subzone B,"N slopes, Etjo Mtn, btwn lower + middle arenaceous layers",
9729,896225,896225,-46.55859,Kannemeyeria,246.7,242.0,Middle Triassic,"(246.7, 242.0)",ZM,,,Ntawere,Cynognathus B,"Locality 16, Upper Luangwa Valley, 0.75 miles north Sitwe",
9735,896217,896217,-46.55859,Diademodon,246.7,242.0,Middle Triassic,"(246.7, 242.0)",ZM,,,Ntawere,Cynognathus B,"Locality 16, Upper Luangwa Valley, 0.75 miles north Sitwe",
9736,896216,896216,-46.55859,Dolichuranus,246.7,242.0,Middle Triassic,"(246.7, 242.0)",ZM,,,Ntawere,Cynognathus B,"Locality 16, Upper Luangwa Valley, 0.75 miles north Sitwe",
10292,630036,630036,39.29812,Kuehneotherium,208.5,201.4,Late Triassic,"(208.5, 201.4)",LU,,,,,"Auf dem Heftgen, Syren",SYREN 16561
10293,630034,630034,39.29812,Thomasia,208.5,201.4,Late Triassic,"(208.5, 201.4)",LU,,,,,"Auf dem Heftgen, Syren",SYREN 16561
10294,630033,630033,39.29812,Pseudotriconodon,208.5,201.4,Late Triassic,"(208.5, 201.4)",LU,,,,,"Auf dem Heftgen, Syren",SYREN 16561
10295,630032,630032,39.29812,Tricuspes,208.5,201.4,Late Triassic,"(208.5, 201.4)",LU,,,,,"Auf dem Heftgen, Syren",SYREN 16561
10296,630031,630031,39.29812,Tricuspes,208.5,201.4,Late Triassic,"(208.5, 201.4)",LU,,,,,"Auf dem Heftgen, Syren",SYREN 16561
10311,283944,283944,46.8713,Brachyzostrodon,208.5,201.4,Late Triassic,"(208.5, 201.4)",GL,,,Fleming Fjord,,"western slope, Tait Bjerg (Tait Bjerg beds)","area VI, Jameson Land"
10312,283943,283943,46.8713,Kuehneotherium,208.5,201.4,Late Triassic,"(208.5, 201.4)",GL,,,Fleming Fjord,,"western slope, Tait Bjerg (Tait Bjerg beds)","area VI, Jameson Land"
