id,MinAge,MaxAge,Taxon,Rotated Lat,Rotated Lon,range
4362,237.0,242.0,Lewisuchus,-49.9808,-33.9335,"(242.0, 237.0)"
4361,237.0,242.0,Lagerpeton,-49.9808,-33.9335,"(242.0, 237.0)"
4355,237.0,247.2,Neusticosaurus,20.9379,22.0121,"(247.2, 237.0)"
4354,237.0,247.2,Mixosaurus,20.9379,22.0121,"(247.2, 237.0)"
4329,237.0,242.0,Luperosuchus,-49.9808,-33.9335,"(242.0, 237.0)"
4328,237.0,242.0,Lagerpeton,-49.9808,-33.9335,"(242.0, 237.0)"
4327,237.0,242.0,Chanaresuchus,-49.9808,-33.9335,"(242.0, 237.0)"
4326,237.0,242.0,Gualosuchus,-49.9808,-33.9335,"(242.0, 237.0)"
4325,237.0,242.0,Gracilisuchus,-49.9808,-33.9335,"(242.0, 237.0)"
4324,237.0,242.0,Marasuchus,-49.9808,-33.9335,"(242.0, 237.0)"
4323,237.0,242.0,Lewisuchus,-49.9808,-33.9335,"(242.0, 237.0)"
4322,237.0,242.0,Tropidosuchus,-49.9808,-33.9335,"(242.0, 237.0)"
4321,237.0,242.0,Tarjadia,-49.9808,-33.9335,"(242.0, 237.0)"
4311,242.0,251.2,Eumetabolodon,42.9789,121.7034,"(251.2, 242.0)"
4310,242.0,251.2,Eumetabolodon,42.9789,121.7034,"(251.2, 242.0)"
4247,237.0,247.2,Omphalosaurus,17.3463,-49.8163,"(247.2, 237.0)"
4248,237.0,247.2,Omphalosaurus,17.3463,-49.8163,"(247.2, 237.0)"
4241,244.7,247.2,Arizonasaurus,8.5619,-43.658,"(247.2, 244.7)"
4240,244.7,247.2,Anisodontosaurus,8.5619,-43.658,"(247.2, 244.7)"
4220,242.0,247.2,Paraplacodus,24.4854,22.6839,"(247.2, 242.0)"
4219,237.0,247.2,Barracudasaurus,15.0674,119.7846,"(247.2, 237.0)"
4198,237.0,247.2,Cyamodus,26.4626,20.9891,"(247.2, 237.0)"
4190,242.0,247.2,Nothosaurus,25.024,18.7935,"(247.2, 242.0)"
4180,237.0,247.2,Cymbospondylus,17.3463,-49.8163,"(247.2, 237.0)"
4179,237.0,247.2,Cymbospondylus,17.3463,-49.8163,"(247.2, 237.0)"
4178,237.0,247.2,Cymbospondylus,17.3463,-49.8163,"(247.2, 237.0)"
4177,237.0,247.2,Phalarodon,17.3463,-49.8163,"(247.2, 237.0)"
4143,237.0,242.0,Spondylosoma,-49.0435,-14.582,"(242.0, 237.0)"
4140,237.0,242.0,Zanclodon,27.7242,17.4803,"(242.0, 237.0)"
4086,244.7,247.2,Ammorhynchus,8.5619,-43.658,"(247.2, 244.7)"
4085,244.7,247.2,Ammorhynchus,8.5619,-43.658,"(247.2, 244.7)"
4084,244.7,247.2,Ammorhynchus,9.506,-46.6177,"(247.2, 244.7)"
4083,244.7,247.2,Ammorhynchus,9.506,-46.6177,"(247.2, 244.7)"
3830,242.0,247.2,Rhombopholis,24.5505,12.962,"(247.2, 242.0)"
3829,242.0,247.2,Bromsgroveia,24.5505,12.962,"(247.2, 242.0)"
3828,242.0,247.2,Bromsgroveia,24.5505,12.962,"(247.2, 242.0)"
3827,242.0,247.2,Bromsgroveia,24.5505,12.962,"(247.2, 242.0)"
3814,242.0,247.2,Langeronyx,24.5505,12.962,"(247.2, 242.0)"
3798,237.0,247.2,Tetrasauropus,-49.5084,-37.0935,"(247.2, 237.0)"
3799,237.0,247.2,Tetrasauropus,-49.5084,-37.0935,"(247.2, 237.0)"
3770,237.0,242.0,Gracilisuchus,-49.9808,-33.9335,"(242.0, 237.0)"
3769,237.0,242.0,Luperosuchus,-49.9808,-33.9335,"(242.0, 237.0)"
3768,237.0,242.0,Lagerpeton,-49.9808,-33.9335,"(242.0, 237.0)"
3767,237.0,242.0,Chanaresuchus,-49.9808,-33.9335,"(242.0, 237.0)"
3766,237.0,242.0,Gualosuchus,-49.9808,-33.9335,"(242.0, 237.0)"
3733,242.0,251.2,Placodus,-9.6503,31.2677,"(251.2, 242.0)"
3732,242.0,247.2,Psephosauriscus,-9.6503,31.2677,"(247.2, 242.0)"
3731,242.0,247.2,Tanystropheus,-9.6503,31.2677,"(247.2, 242.0)"
3730,242.0,247.2,Nothosaurus,-9.6503,31.2677,"(247.2, 242.0)"
3729,242.0,247.2,Psephosaurus,-9.6503,31.2677,"(247.2, 242.0)"
3728,242.0,243.8,Nothosaurus,-9.6503,31.2677,"(243.8, 242.0)"
3727,242.0,243.8,Placodus,-9.6503,31.2677,"(243.8, 242.0)"
3726,242.0,243.8,Psephosaurus,-9.6503,31.2677,"(243.8, 242.0)"
3725,239.7,242.0,Placodus,-7.4909,30.7115,"(242.0, 239.7)"
3724,239.7,242.0,Nothosaurus,-7.4909,30.7115,"(242.0, 239.7)"
3723,242.0,247.2,Parringtonia,-46.5586,19.7779,"(247.2, 242.0)"
3721,237.0,242.0,Nothosaurus,27.7242,17.4803,"(242.0, 237.0)"
3488,237.0,242.0,Prestosuchus,-49.0435,-14.582,"(242.0, 237.0)"
3456,237.0,247.2,Rhombopholis,24.5505,12.962,"(247.2, 237.0)"
3455,237.0,247.2,Langeronyx,24.5505,12.962,"(247.2, 237.0)"
3453,237.0,242.0,Chirotherium,-49.9808,-33.9335,"(242.0, 237.0)"
3454,237.0,242.0,Chirotherium,-49.9808,-33.9335,"(242.0, 237.0)"
3452,237.0,247.2,Psephosauriscus,-9.6503,31.2677,"(247.2, 237.0)"
3451,237.0,247.2,Psephosauriscus,-9.6503,31.2677,"(247.2, 237.0)"
3438,237.0,247.2,Teratosaurus,26.4626,20.9891,"(247.2, 237.0)"
3186,237.0,242.0,Chalishevia,51.5683,36.4314,"(242.0, 237.0)"
3185,237.0,242.0,Energosuchus,51.5683,36.4314,"(242.0, 237.0)"
3118,237.0,242.0,Zanclodon,27.7242,17.4803,"(242.0, 237.0)"
3113,244.7,247.2,Sclerosaurus,22.9805,20.4578,"(247.2, 244.7)"
3112,244.7,247.2,Sclerosaurus,22.9805,20.4578,"(247.2, 244.7)"
3098,242.0,247.2,Euparkeria,-61.3754,-6.6214,"(247.2, 242.0)"
3099,242.0,247.2,Euparkeria,-61.3754,-6.6214,"(247.2, 242.0)"
3100,242.0,247.2,Euparkeria,-61.3754,-6.6214,"(247.2, 242.0)"
3101,242.0,247.2,Euparkeria,-61.3754,-6.6214,"(247.2, 242.0)"
3102,242.0,247.2,Euparkeria,-61.3754,-6.6214,"(247.2, 242.0)"
3103,242.0,247.2,Euparkeria,-61.3754,-6.6214,"(247.2, 242.0)"
3104,242.0,247.2,Euparkeria,-61.3754,-6.6214,"(247.2, 242.0)"
3105,242.0,247.2,Euparkeria,-61.3754,-6.6214,"(247.2, 242.0)"
3106,242.0,247.2,Euparkeria,-61.3754,-6.6214,"(247.2, 242.0)"
3107,242.0,247.2,Euparkeria,-61.3754,-6.6214,"(247.2, 242.0)"
3108,242.0,247.2,Euparkeria,-61.3754,-6.6214,"(247.2, 242.0)"
3109,242.0,247.2,Euparkeria,-61.3754,-6.6214,"(247.2, 242.0)"
3094,242.0,247.2,Mesosuchus,-61.3754,-6.6214,"(247.2, 242.0)"
3095,242.0,247.2,Mesosuchus,-61.3754,-6.6214,"(247.2, 242.0)"
3096,242.0,247.2,Mesosuchus,-61.3754,-6.6214,"(247.2, 242.0)"
3097,242.0,247.2,Mesosuchus,-61.3754,-6.6214,"(247.2, 242.0)"
3093,242.0,247.2,Euparkeria,-61.3754,-6.6214,"(247.2, 242.0)"
3087,245.5,247.2,Anomoiodon,26.4626,20.9891,"(247.2, 245.5)"
3088,245.5,247.2,Anomoiodon,26.4626,20.9891,"(247.2, 245.5)"
3073,237.0,247.2,Macrocnemus,20.9379,22.0121,"(247.2, 237.0)"
3074,237.0,247.2,Macrocnemus,20.9379,22.0121,"(247.2, 237.0)"
3075,237.0,247.2,Macrocnemus,20.9379,22.0121,"(247.2, 237.0)"
3071,242.0,247.2,Macrocnemus,20.9379,22.0121,"(247.2, 242.0)"
3072,242.0,247.2,Macrocnemus,20.9379,22.0121,"(247.2, 242.0)"
3070,242.0,243.8,Serpianosaurus,20.9379,22.0121,"(243.8, 242.0)"
3069,242.0,243.8,Serpianosaurus,20.9379,22.0121,"(243.8, 242.0)"
3067,242.0,243.8,Serpianosaurus,20.9379,22.0121,"(243.8, 242.0)"
3068,242.0,243.8,Serpianosaurus,20.9379,22.0121,"(243.8, 242.0)"
3063,242.0,243.8,Serpianosaurus,20.9379,22.0121,"(243.8, 242.0)"
3064,242.0,243.8,Serpianosaurus,20.9379,22.0121,"(243.8, 242.0)"
3065,242.0,243.8,Serpianosaurus,20.9379,22.0121,"(243.8, 242.0)"
3066,242.0,243.8,Serpianosaurus,20.9379,22.0121,"(243.8, 242.0)"
3061,239.7,242.0,Serpianosaurus,22.3004,19.0343,"(242.0, 239.7)"
3062,239.7,242.0,Serpianosaurus,22.3004,19.0343,"(242.0, 239.7)"
3058,239.7,242.0,Serpianosaurus,22.3004,19.0343,"(242.0, 239.7)"
3059,239.7,242.0,Serpianosaurus,22.3004,19.0343,"(242.0, 239.7)"
3060,239.7,242.0,Serpianosaurus,22.3004,19.0343,"(242.0, 239.7)"
3053,239.7,242.0,Serpianosaurus,22.3004,19.0343,"(242.0, 239.7)"
3054,239.7,242.0,Serpianosaurus,22.3004,19.0343,"(242.0, 239.7)"
3055,239.7,242.0,Serpianosaurus,22.3004,19.0343,"(242.0, 239.7)"
3056,239.7,242.0,Serpianosaurus,22.3004,19.0343,"(242.0, 239.7)"
3057,239.7,242.0,Serpianosaurus,22.3004,19.0343,"(242.0, 239.7)"
3052,242.0,247.2,Serpianosaurus,20.9379,22.0121,"(247.2, 242.0)"
3047,237.0,247.2,Serpianosaurus,20.9379,22.0121,"(247.2, 237.0)"
3048,237.0,247.2,Serpianosaurus,20.9379,22.0121,"(247.2, 237.0)"
3049,237.0,247.2,Serpianosaurus,20.9379,22.0121,"(247.2, 237.0)"
3050,237.0,247.2,Serpianosaurus,20.9379,22.0121,"(247.2, 237.0)"
3051,237.0,247.2,Serpianosaurus,20.9379,22.0121,"(247.2, 237.0)"
3046,237.0,247.2,Macrocnemus,20.9379,22.0121,"(247.2, 237.0)"
3045,237.0,247.2,Serpianosaurus,20.9379,22.0121,"(247.2, 237.0)"
3044,237.0,247.2,Serpianosaurus,20.9379,22.0121,"(247.2, 237.0)"
3040,237.0,247.2,Serpianosaurus,20.9379,22.0121,"(247.2, 237.0)"
3041,237.0,247.2,Serpianosaurus,20.9379,22.0121,"(247.2, 237.0)"
3042,237.0,247.2,Serpianosaurus,20.9379,22.0121,"(247.2, 237.0)"
3043,237.0,247.2,Serpianosaurus,20.9379,22.0121,"(247.2, 237.0)"
3039,237.0,242.0,Macrocnemus,22.3004,19.0343,"(242.0, 237.0)"
3017,243.8,244.7,Qianosuchus,12.5798,120.0412,"(244.7, 243.8)"
3018,243.8,244.7,Qianosuchus,12.5798,120.0412,"(244.7, 243.8)"
3019,243.8,244.7,Qianosuchus,12.5798,120.0412,"(244.7, 243.8)"
3016,242.0,247.2,Turfanosuchus,61.3235,78.0895,"(247.2, 242.0)"
2993,242.0,247.2,Fodonyx,21.0544,12.2826,"(247.2, 242.0)"
2992,242.0,247.2,Fodonyx,21.0544,12.2826,"(247.2, 242.0)"
2991,242.0,247.2,Fodonyx,21.0544,12.2826,"(247.2, 242.0)"
2990,242.0,247.2,Fodonyx,21.0544,12.2826,"(247.2, 242.0)"
2989,242.0,247.2,Fodonyx,21.0544,12.2826,"(247.2, 242.0)"
2988,242.0,247.2,Fodonyx,21.0544,12.2826,"(247.2, 242.0)"
2987,242.0,247.2,Fodonyx,21.0544,12.2826,"(247.2, 242.0)"
2986,242.0,247.2,Fodonyx,21.0544,12.2826,"(247.2, 242.0)"
2985,242.0,247.2,Fodonyx,21.0544,12.2826,"(247.2, 242.0)"
2984,242.0,247.2,Fodonyx,21.0544,12.2826,"(247.2, 242.0)"
2983,242.0,247.2,Fodonyx,21.0544,12.2826,"(247.2, 242.0)"
2982,242.0,247.2,Fodonyx,21.0544,12.2826,"(247.2, 242.0)"
2981,242.0,247.2,Fodonyx,21.0544,12.2826,"(247.2, 242.0)"
2980,242.0,247.2,Fodonyx,21.0544,12.2826,"(247.2, 242.0)"
2979,242.0,247.2,Fodonyx,21.0544,12.2826,"(247.2, 242.0)"
2978,242.0,247.2,Fodonyx,21.0544,12.2826,"(247.2, 242.0)"
2977,242.0,247.2,Fodonyx,21.0544,12.2826,"(247.2, 242.0)"
2976,242.0,247.2,Fodonyx,21.0544,12.2826,"(247.2, 242.0)"
2975,242.0,247.2,Bentonyx,21.0544,12.2826,"(247.2, 242.0)"
2974,242.0,247.2,Kapes,21.0544,12.2826,"(247.2, 242.0)"
2973,242.0,247.2,Kapes,21.0544,12.2826,"(247.2, 242.0)"
2972,242.0,247.2,Coartaredens,21.0544,12.2826,"(247.2, 242.0)"
2971,242.0,247.2,Coartaredens,21.0544,12.2826,"(247.2, 242.0)"
2970,242.0,247.2,Fodonyx,21.0544,12.2826,"(247.2, 242.0)"
2969,242.0,247.2,Tanystropheus,21.0544,12.2826,"(247.2, 242.0)"
2968,242.0,247.2,Fodonyx,21.0544,12.2826,"(247.2, 242.0)"
2967,242.0,247.2,Fodonyx,21.0544,12.2826,"(247.2, 242.0)"
2902,242.0,247.2,Yarasuchus,-39.8254,56.37,"(247.2, 242.0)"
2903,242.0,247.2,Yarasuchus,-39.8254,56.37,"(247.2, 242.0)"
2896,242.0,247.2,Pamelaria,-39.8254,56.37,"(247.2, 242.0)"
2897,242.0,247.2,Pamelaria,-39.8254,56.37,"(247.2, 242.0)"
2898,242.0,247.2,Pamelaria,-39.8254,56.37,"(247.2, 242.0)"
2899,242.0,247.2,Pamelaria,-39.8254,56.37,"(247.2, 242.0)"
2900,242.0,247.2,Pamelaria,-39.8254,56.37,"(247.2, 242.0)"
2901,242.0,247.2,Pamelaria,-39.8254,56.37,"(247.2, 242.0)"
2843,242.0,247.2,Erythrosuchus,-61.3754,-6.6214,"(247.2, 242.0)"
2641,242.0,247.2,Teratophon,-61.3754,-6.6214,"(247.2, 242.0)"
2642,242.0,247.2,Teratophon,-61.3754,-6.6214,"(247.2, 242.0)"
2643,242.0,247.2,Teratophon,-61.3754,-6.6214,"(247.2, 242.0)"
2644,242.0,247.2,Teratophon,-61.3754,-6.6214,"(247.2, 242.0)"
2645,242.0,247.2,Teratophon,-61.3754,-6.6214,"(247.2, 242.0)"
2640,242.0,247.2,Thelephon,-61.3754,-6.6214,"(247.2, 242.0)"
2637,242.0,247.2,Thelerpeton,-61.3754,-6.6214,"(247.2, 242.0)"
2638,242.0,247.2,Thelerpeton,-61.3754,-6.6214,"(247.2, 242.0)"
2639,242.0,247.2,Thelerpeton,-61.3754,-6.6214,"(247.2, 242.0)"
2636,242.0,247.2,Theledectes,-61.3754,-6.6214,"(247.2, 242.0)"
2624,242.0,251.2,Pentaedrusaurus,42.9789,121.7034,"(251.2, 242.0)"
2623,242.0,247.2,Eumetabolodon,42.9789,121.7034,"(247.2, 242.0)"
2622,242.0,247.2,Neoprocolophon,40.8175,120.0152,"(247.2, 242.0)"
2601,237.0,242.0,Candelaria,-49.0435,-14.582,"(242.0, 237.0)"
2597,237.0,242.0,Candelaria,-49.0435,-14.582,"(242.0, 237.0)"
2598,237.0,242.0,Candelaria,-49.0435,-14.582,"(242.0, 237.0)"
2569,245.5,247.2,Koiloskiosaurus,26.4626,20.9891,"(247.2, 245.5)"
2511,242.0,247.2,Hypselorhachis,-46.5586,19.7779,"(247.2, 242.0)"
2451,242.0,247.2,Kapes,48.8243,42.2106,"(247.2, 242.0)"
2450,242.0,247.2,Dorosuchus,48.8243,42.2106,"(247.2, 242.0)"
2258,242.0,247.2,Teratophon,-61.3754,-6.6214,"(247.2, 242.0)"
2216,242.0,247.2,Phantomosaurus,26.4626,20.9891,"(247.2, 242.0)"
2202,242.0,247.2,Asilisaurus,-46.5586,19.7779,"(247.2, 242.0)"
2203,242.0,247.2,Asilisaurus,-46.5586,19.7779,"(247.2, 242.0)"
2204,242.0,247.2,Asilisaurus,-46.5586,19.7779,"(247.2, 242.0)"
2205,242.0,247.2,Asilisaurus,-46.5586,19.7779,"(247.2, 242.0)"
2206,242.0,247.2,Asilisaurus,-46.5586,19.7779,"(247.2, 242.0)"
2207,242.0,247.2,Asilisaurus,-46.5586,19.7779,"(247.2, 242.0)"
2208,242.0,247.2,Asilisaurus,-46.5586,19.7779,"(247.2, 242.0)"
2209,242.0,247.2,Asilisaurus,-46.5586,19.7779,"(247.2, 242.0)"
2210,242.0,247.2,Asilisaurus,-46.5586,19.7779,"(247.2, 242.0)"
2211,242.0,247.2,Asilisaurus,-46.5586,19.7779,"(247.2, 242.0)"
2212,242.0,247.2,Asilisaurus,-46.5586,19.7779,"(247.2, 242.0)"
2213,242.0,247.2,Asilisaurus,-46.5586,19.7779,"(247.2, 242.0)"
2214,242.0,247.2,Asilisaurus,-46.5586,19.7779,"(247.2, 242.0)"
2215,242.0,247.2,Asilisaurus,-46.5586,19.7779,"(247.2, 242.0)"
2185,244.7,247.2,Arizonasaurus,8.5619,-43.658,"(247.2, 244.7)"
2184,244.7,247.2,Arizonasaurus,8.5619,-43.658,"(247.2, 244.7)"
2183,244.7,247.2,Arizonasaurus,9.506,-46.6177,"(247.2, 244.7)"
2182,244.7,247.2,Anisodontosaurus,9.506,-46.6177,"(247.2, 244.7)"
2181,244.7,247.2,Arizonasaurus,9.506,-46.6177,"(247.2, 244.7)"
2169,242.0,247.2,Anarosaurus,27.0679,17.1911,"(247.2, 242.0)"
2168,242.0,247.2,Dactylosaurus,27.0679,17.1911,"(247.2, 242.0)"
2167,242.0,247.2,Nothosaurus,27.0679,17.1911,"(247.2, 242.0)"
2166,242.0,247.2,Eusaurosphargis,27.0679,17.1911,"(247.2, 242.0)"
2165,242.0,247.2,Placodus,27.0679,17.1911,"(247.2, 242.0)"
2164,242.0,247.2,Amotosaurus,27.0679,17.1911,"(247.2, 242.0)"
2163,242.0,247.2,Procolophonichnium,27.0679,17.1911,"(247.2, 242.0)"
2161,242.0,247.2,Sarmatosuchus,48.8243,42.2106,"(247.2, 242.0)"
2160,242.0,247.2,Vjushkovisaurus,48.8243,42.2106,"(247.2, 242.0)"
2159,242.0,247.2,Uralosaurus,48.8243,42.2106,"(247.2, 242.0)"
2158,242.0,247.2,Uralosaurus,48.8243,42.2106,"(247.2, 242.0)"
2157,237.0,242.0,Chalishevia,51.5683,36.4314,"(242.0, 237.0)"
2156,242.0,247.2,Dorosuchus,48.8243,42.2106,"(247.2, 242.0)"
2155,242.0,247.2,Dongusuchus,48.8243,42.2106,"(247.2, 242.0)"
2154,237.0,242.0,Chalishevia,51.5683,36.4314,"(242.0, 237.0)"
2153,237.0,242.0,Malutinisuchus,51.5683,36.4314,"(242.0, 237.0)"
2152,237.0,242.0,Chalishevia,51.5683,36.4314,"(242.0, 237.0)"
2151,237.0,242.0,Energosuchus,51.5683,36.4314,"(242.0, 237.0)"
2150,242.0,247.2,Dongusuchus,46.885,40.4161,"(247.2, 242.0)"
2149,242.0,247.2,Uralosaurus,46.885,40.4161,"(247.2, 242.0)"
2148,242.0,247.2,Vjushkovisaurus,46.885,40.4161,"(247.2, 242.0)"
2138,242.0,247.2,Lotosaurus,17.9081,122.9112,"(247.2, 242.0)"
2139,242.0,247.2,Lotosaurus,17.9081,122.9112,"(247.2, 242.0)"
2140,242.0,247.2,Lotosaurus,17.9081,122.9112,"(247.2, 242.0)"
2141,242.0,247.2,Lotosaurus,17.9081,122.9112,"(247.2, 242.0)"
2142,242.0,247.2,Lotosaurus,17.9081,122.9112,"(247.2, 242.0)"
2143,242.0,247.2,Lotosaurus,17.9081,122.9112,"(247.2, 242.0)"
2144,242.0,247.2,Lotosaurus,17.9081,122.9112,"(247.2, 242.0)"
2145,242.0,247.2,Lotosaurus,17.9081,122.9112,"(247.2, 242.0)"
2146,242.0,247.2,Lotosaurus,17.9081,122.9112,"(247.2, 242.0)"
2147,242.0,247.2,Lotosaurus,17.9081,122.9112,"(247.2, 242.0)"
2137,242.0,247.2,Lotosaurus,18.3084,126.3019,"(247.2, 242.0)"
2136,242.0,247.2,Rhombopholis,23.3969,10.8064,"(247.2, 242.0)"
2135,242.0,247.2,Langeronyx,23.3969,10.8064,"(247.2, 242.0)"
2134,242.0,247.2,Bromsgroveia,23.3969,10.8064,"(247.2, 242.0)"
2115,237.0,242.0,Omphalosaurus,25.8877,19.3809,"(242.0, 237.0)"
2111,242.0,247.2,Sanchiaosaurus,15.0674,119.7846,"(247.2, 242.0)"
2110,237.0,247.2,Chinchenia,15.0674,119.7846,"(247.2, 237.0)"
2106,242.0,243.8,Augustasaurus,16.0387,-47.1461,"(243.8, 242.0)"
2105,242.0,243.8,Cymbospondylus,20.9379,22.0121,"(243.8, 242.0)"
2099,242.0,251.2,Xilousuchus,42.9789,121.7034,"(251.2, 242.0)"
2081,237.0,242.0,Lariosaurus,18.7825,119.7653,"(242.0, 237.0)"
2078,242.0,247.2,Nothosaurus,12.5798,120.0412,"(247.2, 242.0)"
2079,242.0,247.2,Nothosaurus,12.5798,120.0412,"(247.2, 242.0)"
2071,237.0,242.0,Barberenasuchus,-49.0435,-14.582,"(242.0, 237.0)"
2070,243.8,244.7,Placodus,12.6903,17.2425,"(244.7, 243.8)"
2069,243.8,244.7,Nothosaurus,12.6903,17.2425,"(244.7, 243.8)"
2067,237.0,247.2,Pistosaurus,12.6903,17.2425,"(247.2, 237.0)"
2065,237.0,242.0,Cymbospondylus,25.8877,19.3809,"(242.0, 237.0)"
2064,237.0,242.0,Spondylosoma,-49.0435,-14.582,"(242.0, 237.0)"
2063,237.0,242.0,Prestosuchus,-49.0435,-14.582,"(242.0, 237.0)"
2062,237.0,242.0,Prestosuchus,-49.0435,-14.582,"(242.0, 237.0)"
2061,237.0,242.0,Prestosuchus,-49.0435,-14.582,"(242.0, 237.0)"
2060,237.0,242.0,Spondylosoma,-49.0435,-14.582,"(242.0, 237.0)"
2055,242.0,247.2,Halazhaisuchus,42.9789,121.7034,"(247.2, 242.0)"
2052,242.0,247.2,Barracudasauroides,12.5798,120.0412,"(247.2, 242.0)"
2051,242.0,247.2,Barracudasauroides,12.5798,120.0412,"(247.2, 242.0)"
2050,243.8,244.7,Barracudasauroides,12.5798,120.0412,"(244.7, 243.8)"
2049,242.0,247.2,Barracudasauroides,12.5798,120.0412,"(247.2, 242.0)"
2048,242.0,247.2,Barracudasauroides,12.5798,120.0412,"(247.2, 242.0)"
2047,242.0,247.2,Barracudasauroides,12.5798,120.0412,"(247.2, 242.0)"
2046,242.0,247.2,Barracudasauroides,12.5798,120.0412,"(247.2, 242.0)"
2045,243.8,244.7,Barracudasauroides,12.5798,120.0412,"(244.7, 243.8)"
2041,242.0,247.2,Shansisuchus,40.8175,120.0152,"(247.2, 242.0)"
2040,242.0,247.2,Shansisuchus,40.8175,120.0152,"(247.2, 242.0)"
2038,242.0,247.2,Shansisuchus,40.8175,120.0152,"(247.2, 242.0)"
2039,242.0,247.2,Shansisuchus,40.8175,120.0152,"(247.2, 242.0)"
2005,242.0,247.2,Shansisuchus,40.8175,120.0152,"(247.2, 242.0)"
2006,242.0,247.2,Shansisuchus,40.8175,120.0152,"(247.2, 242.0)"
2007,242.0,247.2,Shansisuchus,40.8175,120.0152,"(247.2, 242.0)"
2008,242.0,247.2,Shansisuchus,40.8175,120.0152,"(247.2, 242.0)"
2009,242.0,247.2,Shansisuchus,40.8175,120.0152,"(247.2, 242.0)"
2010,242.0,247.2,Shansisuchus,40.8175,120.0152,"(247.2, 242.0)"
2011,242.0,247.2,Shansisuchus,40.8175,120.0152,"(247.2, 242.0)"
2012,242.0,247.2,Shansisuchus,40.8175,120.0152,"(247.2, 242.0)"
2013,242.0,247.2,Shansisuchus,40.8175,120.0152,"(247.2, 242.0)"
2014,242.0,247.2,Shansisuchus,40.8175,120.0152,"(247.2, 242.0)"
2015,242.0,247.2,Shansisuchus,40.8175,120.0152,"(247.2, 242.0)"
2016,242.0,247.2,Shansisuchus,40.8175,120.0152,"(247.2, 242.0)"
2017,242.0,247.2,Shansisuchus,40.8175,120.0152,"(247.2, 242.0)"
2018,242.0,247.2,Shansisuchus,40.8175,120.0152,"(247.2, 242.0)"
2019,242.0,247.2,Shansisuchus,40.8175,120.0152,"(247.2, 242.0)"
2020,242.0,247.2,Shansisuchus,40.8175,120.0152,"(247.2, 242.0)"
2021,242.0,247.2,Shansisuchus,40.8175,120.0152,"(247.2, 242.0)"
2022,242.0,247.2,Shansisuchus,40.8175,120.0152,"(247.2, 242.0)"
2023,242.0,247.2,Shansisuchus,40.8175,120.0152,"(247.2, 242.0)"
2024,242.0,247.2,Shansisuchus,40.8175,120.0152,"(247.2, 242.0)"
2025,242.0,247.2,Shansisuchus,40.8175,120.0152,"(247.2, 242.0)"
2026,242.0,247.2,Shansisuchus,40.8175,120.0152,"(247.2, 242.0)"
2027,242.0,247.2,Shansisuchus,40.8175,120.0152,"(247.2, 242.0)"
2028,242.0,247.2,Shansisuchus,40.8175,120.0152,"(247.2, 242.0)"
2029,242.0,247.2,Shansisuchus,40.8175,120.0152,"(247.2, 242.0)"
2030,242.0,247.2,Shansisuchus,40.8175,120.0152,"(247.2, 242.0)"
2031,242.0,247.2,Shansisuchus,40.8175,120.0152,"(247.2, 242.0)"
2032,242.0,247.2,Shansisuchus,40.8175,120.0152,"(247.2, 242.0)"
2033,242.0,247.2,Shansisuchus,40.8175,120.0152,"(247.2, 242.0)"
2034,242.0,247.2,Shansisuchus,40.8175,120.0152,"(247.2, 242.0)"
2035,242.0,247.2,Shansisuchus,40.8175,120.0152,"(247.2, 242.0)"
2036,242.0,247.2,Shansisuchus,40.8175,120.0152,"(247.2, 242.0)"
2037,242.0,247.2,Shansisuchus,40.8175,120.0152,"(247.2, 242.0)"
2002,242.0,247.2,Guchengosuchus,42.9789,121.7034,"(247.2, 242.0)"
2001,242.0,247.2,Youngosuchus,61.3235,78.0895,"(247.2, 242.0)"
2000,242.0,247.2,Shansisuchus,40.8175,120.0152,"(247.2, 242.0)"
1999,242.0,247.2,Shansisuchus,40.8175,120.0152,"(247.2, 242.0)"
1998,242.0,247.2,Shansisuchus,40.8175,120.0152,"(247.2, 242.0)"
1997,242.0,247.2,Shansisuchus,40.8175,120.0152,"(247.2, 242.0)"
1996,242.0,247.2,Shansisuchus,40.8175,120.0152,"(247.2, 242.0)"
1995,242.0,247.2,Shansisuchus,40.8175,120.0152,"(247.2, 242.0)"
1994,242.0,247.2,Shansisuchus,42.9789,121.7034,"(247.2, 242.0)"
1992,242.0,247.2,Shansisuchus,42.9789,121.7034,"(247.2, 242.0)"
1993,242.0,247.2,Shansisuchus,42.9789,121.7034,"(247.2, 242.0)"
1991,242.0,247.2,Shansisuchus,42.9789,121.7034,"(247.2, 242.0)"
1986,242.0,247.2,Shansisuchus,40.8175,120.0152,"(247.2, 242.0)"
1987,242.0,247.2,Shansisuchus,40.8175,120.0152,"(247.2, 242.0)"
1988,242.0,247.2,Shansisuchus,40.8175,120.0152,"(247.2, 242.0)"
1989,242.0,247.2,Shansisuchus,40.8175,120.0152,"(247.2, 242.0)"
1990,242.0,247.2,Shansisuchus,40.8175,120.0152,"(247.2, 242.0)"
1985,242.0,247.2,Shansisuchus,40.8175,120.0152,"(247.2, 242.0)"
1984,242.0,247.2,Shansisuchus,40.8175,120.0152,"(247.2, 242.0)"
1983,242.0,247.2,Shansisuchus,40.8175,120.0152,"(247.2, 242.0)"
1982,242.0,247.2,Shansisuchus,42.9789,121.7034,"(247.2, 242.0)"
1981,242.0,247.2,Shansisuchus,40.8175,120.0152,"(247.2, 242.0)"
1980,242.0,251.2,Fugusuchus,42.9789,121.7034,"(251.2, 242.0)"
1979,242.0,243.8,Cymbospondylus,16.0387,-47.1461,"(243.8, 242.0)"
1975,237.0,242.0,Cymbospondylus,46.5857,-8.0902,"(242.0, 237.0)"
1974,237.0,242.0,Cymbospondylus,47.3053,-7.5408,"(242.0, 237.0)"
1966,237.0,247.2,Mixosaurus,16.0387,-47.1461,"(247.2, 237.0)"
1965,237.0,247.2,Mixosaurus,16.0387,-47.1461,"(247.2, 237.0)"
1960,242.0,243.8,Mixosaurus,16.0387,-47.1461,"(243.8, 242.0)"
1956,243.8,244.7,Xinminosaurus,12.5798,120.0412,"(244.7, 243.8)"
1955,237.0,242.0,Omphalosaurus,27.7242,17.4803,"(242.0, 237.0)"
1953,243.8,244.7,Phalarodon,12.5798,120.0412,"(244.7, 243.8)"
1951,243.8,244.7,Phalarodon,22.9805,20.4578,"(244.7, 243.8)"
1950,237.0,242.0,Cyamodus,24.2134,17.2823,"(242.0, 237.0)"
1949,244.7,245.5,Cymatosaurus,29.5613,25.1704,"(245.5, 244.7)"
1947,242.0,247.2,Barracudasaurus,12.5798,120.0412,"(247.2, 242.0)"
1948,242.0,247.2,Barracudasaurus,12.5798,120.0412,"(247.2, 242.0)"
1941,242.0,243.8,Lariosaurus,25.024,18.7935,"(243.8, 242.0)"
1940,242.0,247.2,Cymatosaurus,26.4626,20.9891,"(247.2, 242.0)"
1939,242.0,247.2,Stenaulorhynchus,-46.5586,19.7779,"(247.2, 242.0)"
1938,242.0,247.2,Stagonosuchus,-46.5586,19.7779,"(247.2, 242.0)"
1937,242.0,247.2,Ruhuhuaria,-46.5586,19.7779,"(247.2, 242.0)"
1936,237.0,247.2,Cyamodus,26.4626,20.9891,"(247.2, 237.0)"
1935,237.0,247.2,Placodus,26.4626,20.9891,"(247.2, 237.0)"
1934,237.0,247.2,Placodus,26.4626,20.9891,"(247.2, 237.0)"
1933,237.0,247.2,Placodus,26.4626,20.9891,"(247.2, 237.0)"
1932,237.0,242.0,Tropidosuchus,-49.9808,-33.9335,"(242.0, 237.0)"
1931,237.0,242.0,Marasuchus,-49.9808,-33.9335,"(242.0, 237.0)"
1930,237.0,242.0,Luperosuchus,-49.9808,-33.9335,"(242.0, 237.0)"
1929,237.0,242.0,Tarjadia,-49.9808,-33.9335,"(242.0, 237.0)"
1928,237.0,242.0,Tarjadia,-49.9808,-33.9335,"(242.0, 237.0)"
1927,237.0,242.0,Tarjadia,-49.9808,-33.9335,"(242.0, 237.0)"
1919,237.0,242.0,Brasinorhynchus,-49.0435,-14.582,"(242.0, 237.0)"
1890,242.0,247.2,Erythrosuchus,-63.335,-9.9696,"(247.2, 242.0)"
1888,242.0,247.2,Stagonosuchus,-46.5586,19.7779,"(247.2, 242.0)"
1889,242.0,247.2,Stagonosuchus,-46.5586,19.7779,"(247.2, 242.0)"
1887,242.0,247.2,Ticinosuchus,20.9379,22.0121,"(247.2, 242.0)"
1886,242.0,247.2,Ticinosuchus,20.9379,22.0121,"(247.2, 242.0)"
1883,237.0,242.0,Lewisuchus,-49.9808,-33.9335,"(242.0, 237.0)"
1884,237.0,242.0,Lewisuchus,-49.9808,-33.9335,"(242.0, 237.0)"
1885,237.0,242.0,Lewisuchus,-49.9808,-33.9335,"(242.0, 237.0)"
1881,237.0,242.0,Lagerpeton,-49.9808,-33.9335,"(242.0, 237.0)"
1882,237.0,242.0,Lagerpeton,-49.9808,-33.9335,"(242.0, 237.0)"
1874,237.0,242.0,Tropidosuchus,-49.9808,-33.9335,"(242.0, 237.0)"
1875,237.0,242.0,Tropidosuchus,-49.9808,-33.9335,"(242.0, 237.0)"
1876,237.0,242.0,Tropidosuchus,-49.9808,-33.9335,"(242.0, 237.0)"
1877,237.0,242.0,Tropidosuchus,-49.9808,-33.9335,"(242.0, 237.0)"
1878,237.0,242.0,Tropidosuchus,-49.9808,-33.9335,"(242.0, 237.0)"
1879,237.0,242.0,Tropidosuchus,-49.9808,-33.9335,"(242.0, 237.0)"
1880,237.0,242.0,Tropidosuchus,-49.9808,-33.9335,"(242.0, 237.0)"
1873,237.0,242.0,Prestosuchus,-49.0435,-14.582,"(242.0, 237.0)"
1872,237.0,242.0,Prestosuchus,-49.0435,-14.582,"(242.0, 237.0)"
1871,237.0,242.0,Procerosuchus,-49.0435,-14.582,"(242.0, 237.0)"
1861,237.0,242.0,Pachypleurosaurus,22.3004,19.0343,"(242.0, 237.0)"
1862,237.0,242.0,Pachypleurosaurus,22.3004,19.0343,"(242.0, 237.0)"
1854,244.7,245.5,Cymatosaurus,28.4265,19.2638,"(245.5, 244.7)"
1853,237.0,242.0,Archeopelta,-49.0435,-14.582,"(242.0, 237.0)"
1837,237.0,242.0,Macrocnemus,18.7825,119.7653,"(242.0, 237.0)"
1838,237.0,242.0,Macrocnemus,18.7825,119.7653,"(242.0, 237.0)"
1836,237.0,242.0,Keichousaurus,18.7825,119.7653,"(242.0, 237.0)"
1835,237.0,242.0,Tanystropheus,22.3004,19.0343,"(242.0, 237.0)"
1834,237.0,242.0,Nothosaurus,27.7242,17.4803,"(242.0, 237.0)"
1833,237.0,242.0,Tanystropheus,27.7242,17.4803,"(242.0, 237.0)"
1828,243.8,244.7,Wumengosaurus,12.5798,120.0412,"(244.7, 243.8)"
1829,243.8,244.7,Wumengosaurus,12.5798,120.0412,"(244.7, 243.8)"
1830,243.8,244.7,Wumengosaurus,12.5798,120.0412,"(244.7, 243.8)"
1831,243.8,244.7,Wumengosaurus,12.5798,120.0412,"(244.7, 243.8)"
1832,243.8,244.7,Wumengosaurus,12.5798,120.0412,"(244.7, 243.8)"
1823,242.0,247.2,Wumengosaurus,12.5798,120.0412,"(247.2, 242.0)"
1824,242.0,247.2,Wumengosaurus,12.5798,120.0412,"(247.2, 242.0)"
1825,242.0,247.2,Wumengosaurus,12.5798,120.0412,"(247.2, 242.0)"
1826,242.0,247.2,Wumengosaurus,12.5798,120.0412,"(247.2, 242.0)"
1827,242.0,247.2,Wumengosaurus,12.5798,120.0412,"(247.2, 242.0)"
1822,242.0,248.9,Jesairosaurus,-3.8634,11.3887,"(248.9, 242.0)"
1803,237.0,242.0,Decuriasuchus,-49.0435,-14.582,"(242.0, 237.0)"
1804,237.0,242.0,Decuriasuchus,-49.0435,-14.582,"(242.0, 237.0)"
1805,237.0,242.0,Decuriasuchus,-49.0435,-14.582,"(242.0, 237.0)"
1806,237.0,242.0,Decuriasuchus,-49.0435,-14.582,"(242.0, 237.0)"
1807,237.0,242.0,Decuriasuchus,-49.0435,-14.582,"(242.0, 237.0)"
1808,237.0,242.0,Decuriasuchus,-49.0435,-14.582,"(242.0, 237.0)"
1809,237.0,242.0,Decuriasuchus,-49.0435,-14.582,"(242.0, 237.0)"
1810,237.0,242.0,Decuriasuchus,-49.0435,-14.582,"(242.0, 237.0)"
1811,237.0,242.0,Decuriasuchus,-49.0435,-14.582,"(242.0, 237.0)"
1802,237.0,242.0,Decuriasuchus,-49.0435,-14.582,"(242.0, 237.0)"
1795,237.0,247.2,Cymbospondylus,17.3463,-49.8163,"(247.2, 237.0)"
1790,243.8,244.7,Dianopachysaurus,12.5798,120.0412,"(244.7, 243.8)"
1789,243.8,244.7,Sinosaurosphargis,12.5798,120.0412,"(244.7, 243.8)"
1788,243.8,244.7,Sinosaurosphargis,12.5798,120.0412,"(244.7, 243.8)"
1786,237.0,247.2,Nothosaurus,-9.6503,31.2677,"(247.2, 237.0)"
1784,237.0,242.0,Cymbospondylus,25.8877,19.3809,"(242.0, 237.0)"
1774,237.0,242.0,Lariosaurus,12.6211,11.7369,"(242.0, 237.0)"
1773,237.0,247.2,Cyamodus,20.9379,22.0121,"(247.2, 237.0)"
1767,237.0,247.2,Paraplacodus,20.9379,22.0121,"(247.2, 237.0)"
1768,237.0,247.2,Paraplacodus,20.9379,22.0121,"(247.2, 237.0)"
1769,237.0,247.2,Paraplacodus,20.9379,22.0121,"(247.2, 237.0)"
1770,237.0,247.2,Paraplacodus,20.9379,22.0121,"(247.2, 237.0)"
1771,237.0,247.2,Paraplacodus,20.9379,22.0121,"(247.2, 237.0)"
1772,237.0,247.2,Paraplacodus,20.9379,22.0121,"(247.2, 237.0)"
1765,237.0,247.2,Mixosaurus,20.9379,22.0121,"(247.2, 237.0)"
1766,237.0,247.2,Mixosaurus,20.9379,22.0121,"(247.2, 237.0)"
1764,237.0,247.2,Nothosaurus,20.9379,22.0121,"(247.2, 237.0)"
1763,237.0,247.2,Tanystropheus,20.9379,22.0121,"(247.2, 237.0)"
1762,237.0,242.0,Ceresiosaurus,22.3004,19.0343,"(242.0, 237.0)"
1758,237.0,242.0,Pachypleurosaurus,22.3004,19.0343,"(242.0, 237.0)"
1759,237.0,242.0,Pachypleurosaurus,22.3004,19.0343,"(242.0, 237.0)"
1760,237.0,242.0,Pachypleurosaurus,22.3004,19.0343,"(242.0, 237.0)"
1761,237.0,242.0,Pachypleurosaurus,22.3004,19.0343,"(242.0, 237.0)"
1757,237.0,242.0,Lariosaurus,22.3004,19.0343,"(242.0, 237.0)"
1755,243.8,244.7,Diandongosaurus,12.5798,120.0412,"(244.7, 243.8)"
1751,237.0,247.2,Hupehsuchus,20.7867,125.9534,"(247.2, 237.0)"
1752,237.0,247.2,Hupehsuchus,20.7867,125.9534,"(247.2, 237.0)"
1753,237.0,247.2,Hupehsuchus,20.7867,125.9534,"(247.2, 237.0)"
1754,237.0,247.2,Hupehsuchus,20.7867,125.9534,"(247.2, 237.0)"
1747,244.7,247.2,Amotosaurus,22.9805,20.4578,"(247.2, 244.7)"
1729,242.0,247.2,Erythrosuchus,-61.3754,-6.6214,"(247.2, 242.0)"
1730,242.0,247.2,Erythrosuchus,-61.3754,-6.6214,"(247.2, 242.0)"
1731,242.0,247.2,Erythrosuchus,-61.3754,-6.6214,"(247.2, 242.0)"
1719,242.0,247.2,Lariosaurus,27.0679,17.1911,"(247.2, 242.0)"
1709,243.8,244.7,Largocephalosaurus,12.5798,120.0412,"(244.7, 243.8)"
1704,237.0,242.0,Yunguisaurus,18.7825,119.7653,"(242.0, 237.0)"
1703,237.0,242.0,Yunguisaurus,18.7825,119.7653,"(242.0, 237.0)"
1695,237.0,242.0,Diandongosuchus,18.7825,119.7653,"(242.0, 237.0)"
1694,242.0,247.2,Stenaulorhynchus,-46.5586,19.7779,"(247.2, 242.0)"
1693,244.7,247.2,Eifelosaurus,25.024,18.7935,"(247.2, 244.7)"
1691,244.7,247.2,Amotosaurus,22.9805,20.4578,"(247.2, 244.7)"
1690,244.7,247.2,Amotosaurus,22.9805,20.4578,"(247.2, 244.7)"
1689,244.7,247.2,Anomoiodon,22.9805,20.4578,"(247.2, 244.7)"
1688,244.7,247.2,Amotosaurus,22.9805,20.4578,"(247.2, 244.7)"
1687,244.7,247.2,Amotosaurus,22.9805,20.4578,"(247.2, 244.7)"
1686,245.5,247.2,Trachelosaurus,28.4265,19.2638,"(247.2, 245.5)"
1683,244.7,247.2,Arizonasaurus,7.907,-40.8135,"(247.2, 244.7)"
1682,237.0,242.0,Qianxisaurus,18.7825,119.7653,"(242.0, 237.0)"
1674,242.0,247.2,Mesodapedon,-39.8254,56.37,"(247.2, 242.0)"
1672,242.0,247.2,Nyasasaurus,-46.5586,19.7779,"(247.2, 242.0)"
1671,242.0,247.2,Nyasasaurus,-46.5586,19.7779,"(247.2, 242.0)"
1670,242.0,247.2,Stagonosuchus,-46.5586,19.7779,"(247.2, 242.0)"
1668,237.0,247.2,Tanystropheus,26.4626,20.9891,"(247.2, 237.0)"
1667,237.0,247.2,Blezingeria,26.4626,20.9891,"(247.2, 237.0)"
1666,237.0,247.2,Nothosaurus,26.4626,20.9891,"(247.2, 237.0)"
1665,237.0,247.2,Simosaurus,26.4626,20.9891,"(247.2, 237.0)"
1664,237.0,247.2,Nothosaurus,26.4626,20.9891,"(247.2, 237.0)"
1661,237.0,247.2,Tanystropheus,26.4626,20.9891,"(247.2, 237.0)"
1643,242.0,247.2,Nothosaurus,27.0679,17.1911,"(247.2, 242.0)"
1644,242.0,247.2,Nothosaurus,27.0679,17.1911,"(247.2, 242.0)"
1645,242.0,247.2,Nothosaurus,27.0679,17.1911,"(247.2, 242.0)"
1641,244.7,247.2,Cymatosaurus,22.9805,20.4578,"(247.2, 244.7)"
1638,242.0,247.2,Cymatosaurus,24.4854,22.6839,"(247.2, 242.0)"
1631,237.0,242.0,Simosaurus,26.1169,15.4142,"(242.0, 237.0)"
1629,237.0,242.0,Simosaurus,25.8877,19.3809,"(242.0, 237.0)"
1630,237.0,242.0,Simosaurus,25.8877,19.3809,"(242.0, 237.0)"
1628,237.0,242.0,Simosaurus,27.7242,17.4803,"(242.0, 237.0)"
1627,237.0,242.0,Simosaurus,27.7242,17.4803,"(242.0, 237.0)"
1626,237.0,242.0,Nothosaurus,27.7242,17.4803,"(242.0, 237.0)"
1625,237.0,242.0,Simosaurus,24.2134,17.2823,"(242.0, 237.0)"
1624,237.0,242.0,Nothosaurus,24.2134,17.2823,"(242.0, 237.0)"
1617,237.0,247.2,Placodus,26.4626,20.9891,"(247.2, 237.0)"
1618,237.0,247.2,Placodus,26.4626,20.9891,"(247.2, 237.0)"
1619,237.0,247.2,Placodus,26.4626,20.9891,"(247.2, 237.0)"
1620,237.0,247.2,Placodus,26.4626,20.9891,"(247.2, 237.0)"
1616,237.0,242.0,Nothosaurus,27.7242,17.4803,"(242.0, 237.0)"
1613,237.0,242.0,Cyamodus,27.7242,17.4803,"(242.0, 237.0)"
1612,237.0,242.0,Simosaurus,27.7242,17.4803,"(242.0, 237.0)"
1610,237.0,242.0,Placodus,27.7242,17.4803,"(242.0, 237.0)"
1606,237.0,242.0,Nothosaurus,24.2134,17.2823,"(242.0, 237.0)"
1603,237.0,242.0,Nothosaurus,27.7242,17.4803,"(242.0, 237.0)"
1604,237.0,242.0,Nothosaurus,27.7242,17.4803,"(242.0, 237.0)"
1605,237.0,242.0,Nothosaurus,27.7242,17.4803,"(242.0, 237.0)"
1602,237.0,242.0,Nothosaurus,27.7242,17.4803,"(242.0, 237.0)"
1599,237.0,242.0,Nothosaurus,25.8877,19.3809,"(242.0, 237.0)"
1600,237.0,242.0,Nothosaurus,25.8877,19.3809,"(242.0, 237.0)"
1601,237.0,242.0,Nothosaurus,25.8877,19.3809,"(242.0, 237.0)"
1594,237.0,242.0,Nothosaurus,27.7242,17.4803,"(242.0, 237.0)"
1592,237.0,242.0,Nothosaurus,26.1169,15.4142,"(242.0, 237.0)"
1590,237.0,242.0,Nothosaurus,27.7242,17.4803,"(242.0, 237.0)"
1589,237.0,242.0,Nothosaurus,27.7242,17.4803,"(242.0, 237.0)"
1588,237.0,242.0,Nothosaurus,27.7242,17.4803,"(242.0, 237.0)"
1587,237.0,242.0,Nothosaurus,27.7242,17.4803,"(242.0, 237.0)"
1586,237.0,242.0,Nothosaurus,27.7242,17.4803,"(242.0, 237.0)"
1585,237.0,242.0,Nothosaurus,27.7242,17.4803,"(242.0, 237.0)"
1584,237.0,242.0,Nothosaurus,27.7242,17.4803,"(242.0, 237.0)"
1583,237.0,242.0,Nothosaurus,27.7242,17.4803,"(242.0, 237.0)"
1576,237.0,247.2,Nothosaurus,25.0675,32.7352,"(247.2, 237.0)"
1574,237.0,242.0,Nothosaurus,27.7242,17.4803,"(242.0, 237.0)"
1575,237.0,242.0,Nothosaurus,27.7242,17.4803,"(242.0, 237.0)"
1573,242.0,247.2,Nothosaurus,28.4265,19.2638,"(247.2, 242.0)"
1572,242.0,247.2,Nothosaurus,28.4265,19.2638,"(247.2, 242.0)"
1564,242.0,247.2,Nothosaurus,26.4626,20.9891,"(247.2, 242.0)"
1563,237.0,242.0,Nothosaurus,27.7242,17.4803,"(242.0, 237.0)"
1557,242.0,247.2,Nothosaurus,26.4626,20.9891,"(247.2, 242.0)"
1552,237.0,242.0,Nothosaurus,27.7242,17.4803,"(242.0, 237.0)"
1549,237.0,242.0,Nothosaurus,27.7242,17.4803,"(242.0, 237.0)"
1548,237.0,242.0,Nothosaurus,27.7242,17.4803,"(242.0, 237.0)"
1547,237.0,242.0,Nothosaurus,27.7242,17.4803,"(242.0, 237.0)"
1545,242.0,247.2,Nothosaurus,26.4626,20.9891,"(247.2, 242.0)"
1537,237.0,242.0,Ceresiosaurus,22.3004,19.0343,"(242.0, 237.0)"
1536,237.0,242.0,Cyamodus,25.8877,19.3809,"(242.0, 237.0)"
1535,237.0,242.0,Placodus,25.8877,19.3809,"(242.0, 237.0)"
1534,237.0,242.0,Placodus,27.7242,17.4803,"(242.0, 237.0)"
1532,237.0,242.0,Cyamodus,27.7242,17.4803,"(242.0, 237.0)"
1529,237.0,247.2,Placodus,26.4626,20.9891,"(247.2, 237.0)"
1528,237.0,242.0,Placodus,27.7242,17.4803,"(242.0, 237.0)"
1527,242.0,247.2,Placodus,26.4626,20.9891,"(247.2, 242.0)"
1525,237.0,242.0,Placodus,27.7242,17.4803,"(242.0, 237.0)"
1524,242.0,247.2,Placodus,26.4626,20.9891,"(247.2, 242.0)"
1521,242.0,247.2,Placodus,22.9805,20.4578,"(247.2, 242.0)"
1520,242.0,247.2,Placodus,26.4626,20.9891,"(247.2, 242.0)"
1514,242.0,247.2,Placodus,28.4265,19.2638,"(247.2, 242.0)"
1512,237.0,242.0,Cyamodus,24.2134,17.2823,"(242.0, 237.0)"
1503,237.0,242.0,Cyamodus,27.7242,17.4803,"(242.0, 237.0)"
1501,243.8,244.7,Thalattoarchon,16.0387,-47.1461,"(244.7, 243.8)"
1474,242.0,243.8,Nothosaurus,28.4265,19.2638,"(243.8, 242.0)"
1473,243.8,244.7,Phalarodon,12.5798,120.0412,"(244.7, 243.8)"
1459,237.0,242.0,Thecodontosaurus,24.2134,17.2823,"(242.0, 237.0)"
1457,242.0,247.2,Protanystropheus,29.5613,25.1704,"(247.2, 242.0)"
1441,242.0,247.2,Palatodonta,27.0679,17.1911,"(247.2, 242.0)"
1439,242.0,247.2,Pararcus,27.0679,17.1911,"(247.2, 242.0)"
1431,237.0,242.0,Malutinisuchus,56.8309,16.6639,"(242.0, 237.0)"
1428,243.8,244.7,Dinocephalosaurus,12.5798,120.0412,"(244.7, 243.8)"
1429,243.8,244.7,Dinocephalosaurus,12.5798,120.0412,"(244.7, 243.8)"
1423,242.0,247.2,Howesia,-61.3754,-6.6214,"(247.2, 242.0)"
1424,242.0,247.2,Howesia,-61.3754,-6.6214,"(247.2, 242.0)"
1422,242.0,247.2,Asperoris,-46.5586,19.7779,"(247.2, 242.0)"
1418,237.0,247.2,Contectopalatus,20.9379,22.0121,"(247.2, 237.0)"
1417,237.0,247.2,Mixosaurus,20.9379,22.0121,"(247.2, 237.0)"
1416,237.0,247.2,Tholodus,12.9243,20.6392,"(247.2, 237.0)"
1415,237.0,247.2,Besanosaurus,20.9379,22.0121,"(247.2, 237.0)"
1413,237.0,247.2,Mikadocephalus,20.9379,22.0121,"(247.2, 237.0)"
1412,237.0,247.2,Wimanius,20.9379,22.0121,"(247.2, 237.0)"
1399,243.8,244.7,Largocephalosaurus,12.5798,120.0412,"(244.7, 243.8)"
1367,242.0,247.2,Jushatyria,46.885,40.4161,"(247.2, 242.0)"
1354,237.0,247.2,Paralonectes,30.4196,-41.7441,"(247.2, 237.0)"
1353,237.0,247.2,Thalattosaurus,30.4196,-41.7441,"(247.2, 237.0)"
1351,237.0,247.2,Thalattosaurus,30.4196,-41.7441,"(247.2, 237.0)"
1350,242.0,243.8,Cymbospondylus,16.0387,-47.1461,"(243.8, 242.0)"
1349,237.0,242.0,Yunguisaurus,18.7825,119.7653,"(242.0, 237.0)"
1343,243.8,244.7,Atopodentatus,12.5798,120.0412,"(244.7, 243.8)"
1341,244.7,245.5,Anarosaurus,27.0679,17.1911,"(245.5, 244.7)"
1340,244.7,245.5,Eusaurosphargis,27.0679,17.1911,"(245.5, 244.7)"
1339,244.7,245.5,Cymatosaurus,27.0679,17.1911,"(245.5, 244.7)"
1308,242.0,247.2,Erythrosuchus,-61.3754,-6.6214,"(247.2, 242.0)"
1307,242.0,247.2,Palacrodon,-61.3754,-6.6214,"(247.2, 242.0)"
1300,237.0,247.2,Eusaurosphargis,20.9379,22.0121,"(247.2, 237.0)"
1298,242.0,247.2,Eohyosaurus,-61.3754,-6.6214,"(247.2, 242.0)"
1297,242.0,247.2,Erythrosuchus,-61.3754,-6.6214,"(247.2, 242.0)"
964,239.7,242.0,Macrocnemus,25.8877,19.3809,"(242.0, 239.7)"
963,239.7,242.0,Macrocnemus,25.8877,19.3809,"(242.0, 239.7)"
961,237.0,242.0,Fuyuansaurus,18.7825,119.7653,"(242.0, 237.0)"
950,242.0,243.8,Clarazia,20.9379,22.0121,"(243.8, 242.0)"
949,242.0,243.8,Hescheleria,20.9379,22.0121,"(243.8, 242.0)"
948,237.0,247.2,Askeptosaurus,20.9379,22.0121,"(247.2, 237.0)"
945,242.0,247.2,Shansisuchus,40.1025,114.9447,"(247.2, 242.0)"
937,237.0,242.0,Mikadocephalus,46.5857,-8.0902,"(242.0, 237.0)"
936,242.0,243.8,Mixosaurus,20.9379,22.0121,"(243.8, 242.0)"
888,242.0,247.2,Erythrosuchus,-63.335,-9.9696,"(247.2, 242.0)"
878,239.7,242.0,Ceresiosaurus,22.3004,19.0343,"(242.0, 239.7)"
877,239.7,242.0,Ceresiosaurus,22.3004,19.0343,"(242.0, 239.7)"
876,239.7,242.0,Ceresiosaurus,22.3004,19.0343,"(242.0, 239.7)"
875,239.7,242.0,Neusticosaurus,22.3004,19.0343,"(242.0, 239.7)"
874,239.7,242.0,Ceresiosaurus,22.3004,19.0343,"(242.0, 239.7)"
873,239.7,242.0,Neusticosaurus,22.3004,19.0343,"(242.0, 239.7)"
872,239.7,242.0,Ceresiosaurus,22.3004,19.0343,"(242.0, 239.7)"
871,239.7,242.0,Ceresiosaurus,22.3004,19.0343,"(242.0, 239.7)"
870,239.7,242.0,Neusticosaurus,22.3004,19.0343,"(242.0, 239.7)"
869,239.7,242.0,Ceresiosaurus,22.3004,19.0343,"(242.0, 239.7)"
864,242.0,247.2,Asilisaurus,-46.5586,19.7779,"(247.2, 242.0)"
863,242.0,247.2,Asilisaurus,-46.5586,19.7779,"(247.2, 242.0)"
861,242.0,247.2,Asilisaurus,-46.5586,19.7779,"(247.2, 242.0)"
862,242.0,247.2,Asilisaurus,-46.5586,19.7779,"(247.2, 242.0)"
854,244.7,245.5,Protanystropheus,29.5613,25.1704,"(245.5, 244.7)"
853,242.0,247.2,Protanystropheus,22.9805,20.4578,"(247.2, 242.0)"
852,243.8,244.7,Tanystropheus,-9.6503,31.2677,"(244.7, 243.8)"
841,237.0,242.0,Litorosuchus,18.7825,119.7653,"(242.0, 237.0)"
813,242.0,247.2,Teleocrater,-46.5586,19.7779,"(247.2, 242.0)"
808,237.0,247.2,Tanystropheus,26.4626,20.9891,"(247.2, 237.0)"
807,237.0,247.2,Thecodontosaurus,26.4626,20.9891,"(247.2, 237.0)"
789,242.0,247.2,Teleocrater,-46.5586,19.7779,"(247.2, 242.0)"
783,243.8,244.7,Dinocephalosaurus,12.5798,120.0412,"(244.7, 243.8)"
775,237.0,247.2,Decuriasuchus,-47.4217,-18.3424,"(247.2, 237.0)"
772,242.0,247.2,Dongusuchus,48.8243,42.2106,"(247.2, 242.0)"
756,237.0,242.0,Simosaurus,24.2134,17.2823,"(242.0, 237.0)"
751,242.0,247.2,Cymbospondylus,26.4626,20.9891,"(247.2, 242.0)"
750,242.0,247.2,Phalarodon,26.4626,20.9891,"(247.2, 242.0)"
749,242.0,247.2,Phalarodon,26.4626,20.9891,"(247.2, 242.0)"
748,242.0,247.2,Tholodus,26.4626,20.9891,"(247.2, 242.0)"
746,242.0,247.2,Mandaphon,-46.5586,19.7779,"(247.2, 242.0)"
745,242.0,247.2,Teleocrater,-46.5586,19.7779,"(247.2, 242.0)"
721,242.0,247.2,Shringasaurus,-38.3913,59.0094,"(247.2, 242.0)"
722,242.0,247.2,Shringasaurus,-38.3913,59.0094,"(247.2, 242.0)"
723,242.0,247.2,Shringasaurus,-38.3913,59.0094,"(247.2, 242.0)"
724,242.0,247.2,Shringasaurus,-38.3913,59.0094,"(247.2, 242.0)"
725,242.0,247.2,Shringasaurus,-38.3913,59.0094,"(247.2, 242.0)"
726,242.0,247.2,Shringasaurus,-38.3913,59.0094,"(247.2, 242.0)"
727,242.0,247.2,Shringasaurus,-38.3913,59.0094,"(247.2, 242.0)"
716,242.0,247.2,Mandasuchus,-46.5586,19.7779,"(247.2, 242.0)"
717,242.0,247.2,Mandasuchus,-46.5586,19.7779,"(247.2, 242.0)"
715,242.0,247.2,Stenaulorhynchus,-46.5586,19.7779,"(247.2, 242.0)"
714,242.0,247.2,Mandasuchus,-46.5586,19.7779,"(247.2, 242.0)"
713,242.0,247.2,Mandasuchus,-46.5586,19.7779,"(247.2, 242.0)"
712,242.0,244.7,Megachirella,24.4854,22.6839,"(244.7, 242.0)"
694,242.0,247.2,Nundasuchus,-46.5586,19.7779,"(247.2, 242.0)"
685,243.8,244.7,Nothosaurus,12.5798,120.0412,"(244.7, 243.8)"
684,239.7,243.8,Nothosaurus,-7.4909,30.7115,"(243.8, 239.7)"
683,237.0,242.0,Nothosaurus,27.7242,17.4803,"(242.0, 237.0)"
682,243.8,244.7,Nothosaurus,12.5798,120.0412,"(244.7, 243.8)"
680,242.0,247.2,Dawazisaurus,12.5798,120.0412,"(247.2, 242.0)"
679,237.0,242.0,Neusticosaurus,22.3004,19.0343,"(242.0, 237.0)"
676,242.0,247.2,Tholodus,41.9176,144.9227,"(247.2, 242.0)"
673,237.0,247.2,Chaohusaurus,20.7867,125.9534,"(247.2, 237.0)"
672,237.0,247.2,Eretmorhipis,20.7867,125.9534,"(247.2, 237.0)"
671,242.0,247.2,Anarosaurus,28.4265,19.2638,"(247.2, 242.0)"
670,242.0,247.2,Anarosaurus,26.4626,20.9891,"(247.2, 242.0)"
669,242.0,247.2,Dactylosaurus,29.5613,25.1704,"(247.2, 242.0)"
667,242.0,247.2,Dactylosaurus,29.5613,25.1704,"(247.2, 242.0)"
663,239.7,242.0,Neusticosaurus,22.3004,19.0343,"(242.0, 239.7)"
658,242.0,247.2,Hemilopas,29.5613,25.1704,"(247.2, 242.0)"
656,242.0,247.2,Hemilopas,29.5613,25.1704,"(247.2, 242.0)"
651,237.0,242.0,Hispaniasaurus,10.4062,10.5534,"(242.0, 237.0)"
650,243.8,244.7,Atopodentatus,12.5798,120.0412,"(244.7, 243.8)"
612,242.0,243.8,Cyamodus,26.4626,20.9891,"(243.8, 242.0)"
611,242.0,243.8,Cyamodus,26.4626,20.9891,"(243.8, 242.0)"
610,237.0,247.2,Cyamodus,20.9379,22.0121,"(247.2, 237.0)"
609,242.0,247.2,Cymbospondylus,16.0387,-47.1461,"(247.2, 242.0)"
608,243.8,244.7,Dianmeisaurus,12.5798,120.0412,"(244.7, 243.8)"
599,239.7,242.0,Eusaurosphargis,25.8877,19.3809,"(242.0, 239.7)"
573,243.8,244.7,Lariosaurus,12.5798,120.0412,"(244.7, 243.8)"
572,242.0,247.2,Lariosaurus,27.0679,17.1911,"(247.2, 242.0)"
568,242.0,243.8,Lariosaurus,26.4626,20.9891,"(243.8, 242.0)"
567,237.0,242.0,Lariosaurus,27.7242,17.4803,"(242.0, 237.0)"
566,243.8,244.7,Lariosaurus,27.0679,17.1911,"(244.7, 243.8)"
557,243.8,244.7,Mixosaurus,12.5798,120.0412,"(244.7, 243.8)"
556,242.0,247.2,Mixosaurus,12.5798,120.0412,"(247.2, 242.0)"
555,237.0,247.2,Nanchangosaurus,20.7867,125.9534,"(247.2, 237.0)"
553,242.0,247.2,Neusticosaurus,29.5613,25.1704,"(247.2, 242.0)"
550,242.0,247.2,Nothosaurus,27.0679,17.1911,"(247.2, 242.0)"
551,242.0,247.2,Nothosaurus,27.0679,17.1911,"(247.2, 242.0)"
549,237.0,242.0,Lariosaurus,18.7825,119.7653,"(242.0, 237.0)"
548,237.0,247.2,Lariosaurus,20.9379,22.0121,"(247.2, 237.0)"
546,242.0,247.2,Omphalosaurus,29.5613,25.1704,"(247.2, 242.0)"
544,237.0,247.2,Pachypleurosaurus,20.9379,22.0121,"(247.2, 237.0)"
543,237.0,242.0,Pachypleurosaurus,22.3004,19.0343,"(242.0, 237.0)"
541,239.7,242.0,Pachypleurosaurus,25.8877,19.3809,"(242.0, 239.7)"
538,243.8,244.7,Placodus,12.5798,120.0412,"(244.7, 243.8)"
537,237.0,242.0,Glyphoderma,18.7825,119.7653,"(242.0, 237.0)"
533,237.0,247.2,Phalarodon,30.4196,-41.7441,"(247.2, 237.0)"
532,242.0,247.2,Phalarodon,22.9805,20.4578,"(247.2, 242.0)"
531,242.0,243.8,Phalarodon,16.0387,-47.1461,"(243.8, 242.0)"
530,242.0,247.2,Pistosaurus,26.4626,20.9891,"(247.2, 242.0)"
529,237.0,242.0,Pistosaurus,27.7242,17.4803,"(242.0, 237.0)"
528,239.7,243.8,Pistosaurus,31.1375,21.3872,"(243.8, 239.7)"
522,239.7,243.8,Psephoderma,-7.4909,30.7115,"(243.8, 239.7)"
521,242.0,243.8,Psephoderma,-9.6503,31.2677,"(243.8, 242.0)"
520,242.0,243.8,Psephosauriscus,-9.6503,31.2677,"(243.8, 242.0)"
519,242.0,243.8,Psephosauriscus,-9.6503,31.2677,"(243.8, 242.0)"
516,237.0,242.0,Horaffia,25.8877,19.3809,"(242.0, 237.0)"
512,243.8,244.7,Serpianosaurus,28.4265,19.2638,"(244.7, 243.8)"
504,242.0,247.2,Pessopteryx,47.2969,-1.9218,"(247.2, 242.0)"
503,242.0,243.8,Simosaurus,-9.6503,31.2677,"(243.8, 242.0)"
497,242.0,247.2,Tanystropheus,29.9194,29.3769,"(247.2, 242.0)"
495,237.0,242.0,Ceresiosaurus,22.3004,19.0343,"(242.0, 237.0)"
494,237.0,242.0,Tanystropheus,22.3004,19.0343,"(242.0, 237.0)"
492,242.0,244.7,Tholodus,24.4854,22.6839,"(244.7, 242.0)"
487,237.0,248.9,Parvinatator,30.4196,-41.7441,"(248.9, 237.0)"
479,242.0,247.2,Pectodens,12.5798,120.0412,"(247.2, 242.0)"
471,242.0,247.2,Stagonosuchus,-46.5586,19.7779,"(247.2, 242.0)"
445,237.0,242.0,Partanosaurus,25.8877,19.3809,"(242.0, 237.0)"
441,242.0,247.2,Procolophonichnium,27.0679,17.1911,"(247.2, 242.0)"
440,242.0,247.2,Doliovertebra,26.4626,20.9891,"(247.2, 242.0)"
438,242.0,243.8,Chirotherium,9.7523,12.6012,"(243.8, 242.0)"
437,242.0,247.2,Coelurosaurichnus,9.7523,12.6012,"(247.2, 242.0)"
427,243.8,244.7,Panzhousaurus,12.5798,120.0412,"(244.7, 243.8)"
422,242.0,251.2,Nothosaurus,-8.5276,35.3253,"(251.2, 242.0)"
417,237.0,242.0,Nothosaurus,27.7242,17.4803,"(242.0, 237.0)"
395,242.0,243.8,Cymbospondylus,16.0387,-47.1461,"(243.8, 242.0)"
388,237.0,242.0,Xinpusaurus,18.7825,119.7653,"(242.0, 237.0)"
387,237.0,242.0,Guizhouichthyosaurus,18.7825,119.7653,"(242.0, 237.0)"
380,242.0,247.2,Feralisaurus,21.0544,12.2826,"(247.2, 242.0)"
379,243.8,244.7,Psephosauriscus,-9.6503,31.2677,"(244.7, 243.8)"
335,242.0,247.2,Coelurosaurichnus,27.0679,17.1911,"(247.2, 242.0)"
334,242.0,247.2,Batrachopus,27.0679,17.1911,"(247.2, 242.0)"
331,237.0,247.2,Tanystropheus,20.9379,22.0121,"(247.2, 237.0)"
325,237.0,242.0,Chanaresuchus,-49.9808,-33.9335,"(242.0, 237.0)"
300,242.0,247.2,Heteropelta,26.0552,24.8826,"(247.2, 242.0)"
245,242.0,247.2,Mambawakale,-46.5586,19.7779,"(247.2, 242.0)"
235,239.7,243.8,Serpianosaurus,22.3004,19.0343,"(243.8, 239.7)"
234,239.7,243.8,Macrocnemus,22.3004,19.0343,"(243.8, 239.7)"
233,239.7,243.8,Macrocnemus,22.3004,19.0343,"(243.8, 239.7)"
232,239.7,243.8,Lariosaurus,22.3004,19.0343,"(243.8, 239.7)"
231,239.7,243.8,Askeptosaurus,22.3004,19.0343,"(243.8, 239.7)"
230,239.7,243.8,Helveticosaurus,22.3004,19.0343,"(243.8, 239.7)"
215,242.0,247.2,Sclerosaurus,11.9239,-7.7995,"(247.2, 242.0)"
214,242.0,247.2,Anomoiodon,11.9239,-7.7995,"(247.2, 242.0)"
213,242.0,247.2,Tanystropheus,11.9239,-7.7995,"(247.2, 242.0)"
207,237.0,242.0,Gamatavus,-49.0435,-14.582,"(242.0, 237.0)"
186,242.0,247.2,Nothosaurus,26.4626,20.9891,"(247.2, 242.0)"
185,242.0,247.2,Nothosaurus,26.4626,20.9891,"(247.2, 242.0)"
184,237.0,247.2,Anisodontosaurus,8.5619,-43.658,"(247.2, 237.0)"
183,237.0,247.2,Anisodontosaurus,9.506,-46.6177,"(247.2, 237.0)"
179,242.0,247.2,Dianmeisaurus,12.5798,120.0412,"(247.2, 242.0)"
177,243.8,244.7,Honghesaurus,12.5798,120.0412,"(244.7, 243.8)"
176,239.7,242.0,Prosantosaurus,25.8877,19.3809,"(242.0, 239.7)"
175,243.8,244.7,Luopingosaurus,12.5798,120.0412,"(244.7, 243.8)"
171,242.0,247.2,Mixosaurus,12.5798,120.0412,"(247.2, 242.0)"
170,242.0,247.2,Benggwigwishingasuchus,16.0387,-47.1461,"(247.2, 242.0)"
168,244.7,247.2,Marcianosuchus,22.9805,20.4578,"(247.2, 244.7)"
165,242.0,247.2,Erythrosuchus,-47.4217,-18.3424,"(247.2, 242.0)"
164,242.0,247.2,Erythrosuchus,-47.4217,-18.3424,"(247.2, 242.0)"
163,242.0,247.2,Erythrosuchus,-47.4217,-18.3424,"(247.2, 242.0)"
161,242.0,247.2,Eohyosaurus,-47.4217,-18.3424,"(247.2, 242.0)"
160,242.0,247.2,Erythrosuchus,-47.4217,-18.3424,"(247.2, 242.0)"
159,242.0,247.2,Erythrosuchus,-47.4217,-18.3424,"(247.2, 242.0)"
158,242.0,247.2,Erythrosuchus,-47.4217,-18.3424,"(247.2, 242.0)"
157,242.0,247.2,Erythrosuchus,-47.4217,-18.3424,"(247.2, 242.0)"
156,242.0,247.2,Erythrosuchus,-47.4217,-18.3424,"(247.2, 242.0)"
155,242.0,247.2,Stenaulorhynchus,-47.4217,-18.3424,"(247.2, 242.0)"
154,242.0,247.2,Stenaulorhynchus,-47.4217,-18.3424,"(247.2, 242.0)"
66,237.0,242.0,Prestosuchus,-49.0435,-14.582,"(242.0, 237.0)"
39,237.0,242.0,Candelaria,-49.0435,-14.582,"(242.0, 237.0)"
32,237.0,242.0,Parvosuchus,-49.0435,-14.582,"(242.0, 237.0)"
27,237.0,242.0,Gamatavus,-49.0435,-14.582,"(242.0, 237.0)"
26,237.0,242.0,Prestosuchus,-49.0435,-14.582,"(242.0, 237.0)"
22,237.0,242.0,Brasinorhynchus,-49.0435,-14.582,"(242.0, 237.0)"
17,237.0,242.0,Prestosuchus,-49.0435,-14.582,"(242.0, 237.0)"
11,237.0,242.0,Prestosuchus,-49.0435,-14.582,"(242.0, 237.0)"
6,242.0,247.2,Mesosuchus,-47.4217,-18.3424,"(247.2, 242.0)"
5,242.0,247.2,Eohyosaurus,-47.4217,-18.3424,"(247.2, 242.0)"
4,242.0,247.2,Mesosuchus,-47.4217,-18.3424,"(247.2, 242.0)"
3,242.0,247.2,Mesosuchus,-47.4217,-18.3424,"(247.2, 242.0)"
2,242.0,247.2,Mesosuchus,-47.4217,-18.3424,"(247.2, 242.0)"
1,242.0,247.2,Stenaulorhynchus,-47.4217,-18.3424,"(247.2, 242.0)"
3417,237.0,242.0,Massetognathus,-49.9808,-33.9335,"(242.0, 237.0)"
3397,237.0,242.0,Dinodontosaurus,-49.9808,-33.9335,"(242.0, 237.0)"
3396,237.0,242.0,Jachaleria,-49.9808,-33.9335,"(242.0, 237.0)"
3395,237.0,242.0,Dinodontosaurus,-49.9808,-33.9335,"(242.0, 237.0)"
3394,237.0,242.0,Chiniquodon,-49.9808,-33.9335,"(242.0, 237.0)"
3393,237.0,242.0,Massetognathus,-49.9808,-33.9335,"(242.0, 237.0)"
3392,237.0,242.0,Probainognathus,-49.9808,-33.9335,"(242.0, 237.0)"
3299,242.0,247.2,Rhadiodromus,48.8243,42.2106,"(247.2, 242.0)"
3270,237.0,242.0,Stahleckeria,-49.0435,-14.582,"(242.0, 237.0)"
3269,237.0,242.0,Dinodontosaurus,-49.0435,-14.582,"(242.0, 237.0)"
3257,237.0,242.0,Stahleckeria,-49.0435,-14.582,"(242.0, 237.0)"
3256,237.0,242.0,Exaeretodon,-49.0435,-14.582,"(242.0, 237.0)"
3230,237.0,242.0,Chiniquodon,-49.9808,-33.9335,"(242.0, 237.0)"
3229,237.0,242.0,Probainognathus,-49.9808,-33.9335,"(242.0, 237.0)"
3228,237.0,242.0,Massetognathus,-49.9808,-33.9335,"(242.0, 237.0)"
3227,237.0,242.0,Massetognathus,-49.9808,-33.9335,"(242.0, 237.0)"
3226,237.0,242.0,Massetognathus,-49.9808,-33.9335,"(242.0, 237.0)"
3225,237.0,242.0,Massetognathus,-49.9808,-33.9335,"(242.0, 237.0)"
3208,242.0,247.2,Lumkuia,-63.335,-9.9696,"(247.2, 242.0)"
3206,237.0,242.0,Chiniquodon,-49.0435,-14.582,"(242.0, 237.0)"
3204,237.0,242.0,Stahleckeria,-49.0435,-14.582,"(242.0, 237.0)"
3203,237.0,242.0,Traversodon,-49.0435,-14.582,"(242.0, 237.0)"
3015,237.0,242.0,Elephantosaurus,51.5683,36.4314,"(242.0, 237.0)"
2750,201.4,247.2,Pentasauropus,-61.5423,-24.319,"(247.2, 201.4)"
2712,242.0,247.2,Antecosuchus,48.8243,42.2106,"(247.2, 242.0)"
2711,242.0,247.2,Rhadiodromus,48.8243,42.2106,"(247.2, 242.0)"
2710,242.0,247.2,Rhinodicynodon,48.8243,42.2106,"(247.2, 242.0)"
2705,237.0,242.0,Protheriodon,-49.0435,-14.582,"(242.0, 237.0)"
2684,227.0,242.0,Menadon,-43.4206,36.3862,"(242.0, 227.0)"
2683,227.0,242.0,Menadon,-43.4206,36.3862,"(242.0, 227.0)"
2681,227.0,242.0,Menadon,-43.4206,36.3862,"(242.0, 227.0)"
2682,227.0,242.0,Menadon,-43.4206,36.3862,"(242.0, 227.0)"
2679,227.0,242.0,Dadadon,-43.4206,36.3862,"(242.0, 227.0)"
2680,227.0,242.0,Dadadon,-43.4206,36.3862,"(242.0, 227.0)"
2678,242.0,247.2,Kannemeyeria,-61.3754,-6.6214,"(247.2, 242.0)"
2677,242.0,247.2,Nothogomphodon,48.8243,42.2106,"(247.2, 242.0)"
2676,242.0,247.2,Antecosuchus,48.8243,42.2106,"(247.2, 242.0)"
2675,242.0,247.2,Antecosuchus,48.8243,42.2106,"(247.2, 242.0)"
2674,242.0,247.2,Uralokannemeyeria,48.8243,42.2106,"(247.2, 242.0)"
2673,242.0,247.2,Uralokannemeyeria,48.8243,42.2106,"(247.2, 242.0)"
2672,242.0,247.2,Rhadiodromus,46.885,40.4161,"(247.2, 242.0)"
2671,242.0,247.2,Rabidosaurus,46.885,40.4161,"(247.2, 242.0)"
2670,242.0,247.2,Rabidosaurus,48.8243,42.2106,"(247.2, 242.0)"
2646,237.0,242.0,Dinodontosaurus,-49.0435,-14.582,"(242.0, 237.0)"
2645,237.0,242.0,Massetognathus,-49.0435,-14.582,"(242.0, 237.0)"
2640,237.0,242.0,Dinodontosaurus,-49.0435,-14.582,"(242.0, 237.0)"
2639,237.0,242.0,Protuberum,-49.0435,-14.582,"(242.0, 237.0)"
2638,237.0,242.0,Protuberum,-49.0435,-14.582,"(242.0, 237.0)"
2637,237.0,242.0,Massetognathus,-49.0435,-14.582,"(242.0, 237.0)"
2636,237.0,242.0,Chiniquodon,-49.0435,-14.582,"(242.0, 237.0)"
2635,237.0,242.0,Dinodontosaurus,-49.0435,-14.582,"(242.0, 237.0)"
2634,237.0,242.0,Stahleckeria,-49.0435,-14.582,"(242.0, 237.0)"
2633,237.0,242.0,Stahleckeria,-49.0435,-14.582,"(242.0, 237.0)"
2632,237.0,242.0,Dicynodon,-49.0435,-14.582,"(242.0, 237.0)"
2630,237.0,242.0,Chiniquodon,-49.0435,-14.582,"(242.0, 237.0)"
2629,237.0,242.0,Traversodon,-49.0435,-14.582,"(242.0, 237.0)"
2628,237.0,242.0,Chiniquodon,-49.0435,-14.582,"(242.0, 237.0)"
2627,237.0,242.0,Chiniquodon,-49.0435,-14.582,"(242.0, 237.0)"
2626,237.0,242.0,Traversodon,-49.0435,-14.582,"(242.0, 237.0)"
2625,237.0,242.0,Exaeretodon,-49.0435,-14.582,"(242.0, 237.0)"
2619,242.0,247.2,Dolichuranus,-46.5586,19.7779,"(247.2, 242.0)"
2618,242.0,247.2,Diademodon,-46.5586,19.7779,"(247.2, 242.0)"
2617,242.0,247.2,Trirachodon,-46.5586,19.7779,"(247.2, 242.0)"
2614,242.0,247.2,Luangwa,-46.5586,19.7779,"(247.2, 242.0)"
2615,242.0,247.2,Luangwa,-46.5586,19.7779,"(247.2, 242.0)"
2616,242.0,247.2,Luangwa,-46.5586,19.7779,"(247.2, 242.0)"
2613,242.0,247.2,Sangusaurus,-46.5586,19.7779,"(247.2, 242.0)"
2612,242.0,247.2,Kannemeyeria,-46.5586,19.7779,"(247.2, 242.0)"
2611,242.0,247.2,Zambiasaurus,-46.5586,19.7779,"(247.2, 242.0)"
2582,242.0,247.2,Bauria,-61.3754,-6.6214,"(247.2, 242.0)"
2581,227.0,242.0,Chiniquodon,-43.4206,36.3862,"(242.0, 227.0)"
2580,227.0,242.0,Dadadon,-43.4206,36.3862,"(242.0, 227.0)"
2579,242.0,247.2,Parakannemeyeria,40.8175,120.0152,"(247.2, 242.0)"
2577,242.0,247.2,Shansiodon,40.8175,120.0152,"(247.2, 242.0)"
2578,242.0,247.2,Shansiodon,40.8175,120.0152,"(247.2, 242.0)"
2576,242.0,247.2,Sinognathus,40.8175,120.0152,"(247.2, 242.0)"
2575,242.0,247.2,Sinokannemeyeria,40.8175,120.0152,"(247.2, 242.0)"
2574,242.0,247.2,Parakannemeyeria,40.8175,120.0152,"(247.2, 242.0)"
2573,242.0,247.2,Shansiodon,40.8175,120.0152,"(247.2, 242.0)"
2572,242.0,247.2,Parakannemeyeria,40.8175,120.0152,"(247.2, 242.0)"
2571,242.0,247.2,Sinokannemeyeria,40.8175,120.0152,"(247.2, 242.0)"
2570,242.0,247.2,Shansiodon,40.8175,120.0152,"(247.2, 242.0)"
2569,242.0,247.2,Parakannemeyeria,42.9789,121.7034,"(247.2, 242.0)"
2568,242.0,247.2,Parakannemeyeria,42.9789,121.7034,"(247.2, 242.0)"
2567,242.0,247.2,Parakannemeyeria,42.9789,121.7034,"(247.2, 242.0)"
2566,242.0,247.2,Parakannemeyeria,42.9789,121.7034,"(247.2, 242.0)"
2565,242.0,247.2,Shansiodon,40.8175,120.0152,"(247.2, 242.0)"
2564,242.0,247.2,Sinokannemeyeria,40.8175,120.0152,"(247.2, 242.0)"
2563,242.0,247.2,Andescynodon,-49.5084,-37.0935,"(247.2, 242.0)"
2562,242.0,247.2,Andescynodon,-49.5084,-37.0935,"(247.2, 242.0)"
2561,242.0,247.2,Bauria,-61.3754,-6.6214,"(247.2, 242.0)"
2560,242.0,247.2,Bauria,-63.335,-9.9696,"(247.2, 242.0)"
2559,242.0,247.2,Bauria,-61.3754,-6.6214,"(247.2, 242.0)"
2558,242.0,247.2,Bauria,-61.3754,-6.6214,"(247.2, 242.0)"
2557,242.0,247.2,Diademodon,-61.3754,-6.6214,"(247.2, 242.0)"
2556,242.0,247.2,Bauria,-63.335,-9.9696,"(247.2, 242.0)"
2538,242.0,247.2,Rechnisaurus,-39.8254,56.37,"(247.2, 242.0)"
2537,242.0,247.2,Wadiasaurus,-39.8254,56.37,"(247.2, 242.0)"
2532,242.0,247.2,Vinceria,-49.5084,-37.0935,"(247.2, 242.0)"
2533,242.0,247.2,Vinceria,-49.5084,-37.0935,"(247.2, 242.0)"
2534,242.0,247.2,Vinceria,-49.5084,-37.0935,"(247.2, 242.0)"
2531,242.0,247.2,Cromptodon,-49.5084,-37.0935,"(247.2, 242.0)"
2530,227.0,242.0,Acratophorus,-54.9764,-33.592,"(242.0, 227.0)"
2525,242.0,247.2,Cricodon,-63.335,-9.9696,"(247.2, 242.0)"
2526,242.0,247.2,Cricodon,-63.335,-9.9696,"(247.2, 242.0)"
2527,242.0,247.2,Cricodon,-63.335,-9.9696,"(247.2, 242.0)"
2528,242.0,247.2,Cricodon,-63.335,-9.9696,"(247.2, 242.0)"
2524,242.0,247.2,Diademodon,-63.335,-9.9696,"(247.2, 242.0)"
2523,242.0,247.2,Cynognathus,-63.335,-9.9696,"(247.2, 242.0)"
2522,242.0,247.2,Diademodon,-63.335,-9.9696,"(247.2, 242.0)"
2521,242.0,247.2,Cricodon,-63.335,-9.9696,"(247.2, 242.0)"
2520,242.0,247.2,Cynognathus,-63.335,-9.9696,"(247.2, 242.0)"
2519,242.0,247.2,Cynognathus,-63.335,-9.9696,"(247.2, 242.0)"
2518,242.0,247.2,Cynognathus,-63.335,-9.9696,"(247.2, 242.0)"
2517,242.0,247.2,Cynognathus,-63.335,-9.9696,"(247.2, 242.0)"
2516,242.0,247.2,Bolotridon,-63.335,-9.9696,"(247.2, 242.0)"
2513,242.0,247.2,Cricodon,-46.5586,19.7779,"(247.2, 242.0)"
2512,242.0,247.2,Scalenodon,-46.5586,19.7779,"(247.2, 242.0)"
2511,242.0,247.2,Aleodon,-46.5586,19.7779,"(247.2, 242.0)"
2510,242.0,247.2,Scalenodon,-46.5586,19.7779,"(247.2, 242.0)"
2509,242.0,247.2,Diademodon,-63.335,-9.9696,"(247.2, 242.0)"
2507,237.0,242.0,Dinodontosaurus,-49.0435,-14.582,"(242.0, 237.0)"
2506,237.0,242.0,Dinodontosaurus,-49.0435,-14.582,"(242.0, 237.0)"
2505,237.0,242.0,Dinodontosaurus,-49.0435,-14.582,"(242.0, 237.0)"
2504,237.0,242.0,Dinodontosaurus,-49.0435,-14.582,"(242.0, 237.0)"
2503,237.0,242.0,Chiniquodon,-49.0435,-14.582,"(242.0, 237.0)"
2501,237.0,242.0,Chiniquodon,-49.0435,-14.582,"(242.0, 237.0)"
2502,237.0,242.0,Chiniquodon,-49.0435,-14.582,"(242.0, 237.0)"
2499,237.0,242.0,Dinodontosaurus,-49.9808,-33.9335,"(242.0, 237.0)"
2498,237.0,242.0,Dinodontosaurus,-49.9808,-33.9335,"(242.0, 237.0)"
2497,237.0,242.0,Jachaleria,-49.9808,-33.9335,"(242.0, 237.0)"
2468,237.0,242.0,Dinodontosaurus,-49.0435,-14.582,"(242.0, 237.0)"
2430,242.0,247.2,Angonisaurus,-46.5586,19.7779,"(247.2, 242.0)"
2424,242.0,247.2,Kannemeyeria,-63.335,-9.9696,"(247.2, 242.0)"
2423,242.0,247.2,Bauria,-63.335,-9.9696,"(247.2, 242.0)"
2422,242.0,247.2,Trirachodon,-63.335,-9.9696,"(247.2, 242.0)"
2420,242.0,247.2,Kombuisia,-63.335,-9.9696,"(247.2, 242.0)"
2421,242.0,247.2,Kombuisia,-63.335,-9.9696,"(247.2, 242.0)"
2419,242.0,247.2,Kannemeyeria,-63.335,-9.9696,"(247.2, 242.0)"
2418,242.0,247.2,Microgomphodon,-63.335,-9.9696,"(247.2, 242.0)"
2417,242.0,247.2,Cynognathus,-63.335,-9.9696,"(247.2, 242.0)"
2416,242.0,247.2,Diademodon,-63.335,-9.9696,"(247.2, 242.0)"
2415,242.0,247.2,Kannemeyeria,-63.335,-9.9696,"(247.2, 242.0)"
2414,242.0,247.2,Cynognathus,-63.335,-9.9696,"(247.2, 242.0)"
2408,237.0,242.0,Chiniquodon,-49.0435,-14.582,"(242.0, 237.0)"
2402,237.0,247.2,Luangwa,-47.4217,-18.3424,"(247.2, 237.0)"
2379,227.0,242.0,Madysaurus,52.9442,61.5643,"(242.0, 227.0)"
2366,237.0,242.0,Candelariodon,-49.0435,-14.582,"(242.0, 237.0)"
2365,237.0,242.0,Massetognathus,-49.0435,-14.582,"(242.0, 237.0)"
2364,242.0,247.2,Bauria,-61.3754,-6.6214,"(247.2, 242.0)"
2362,242.0,247.2,Kannemeyeria,-61.3754,-6.6214,"(247.2, 242.0)"
2363,242.0,247.2,Kannemeyeria,-61.3754,-6.6214,"(247.2, 242.0)"
2361,242.0,247.2,Cynognathus,-61.3754,-6.6214,"(247.2, 242.0)"
2360,242.0,247.2,Diademodon,-61.3754,-6.6214,"(247.2, 242.0)"
2359,242.0,247.2,Trirachodon,-61.3754,-6.6214,"(247.2, 242.0)"
2286,242.0,247.2,Scalenodon,-46.5586,19.7779,"(247.2, 242.0)"
2277,242.0,247.2,Antecosuchus,48.8243,42.2106,"(247.2, 242.0)"
2275,242.0,247.2,Yikezhaogia,42.9789,121.7034,"(247.2, 242.0)"
2273,242.0,247.2,Traversodontoides,38.5997,118.8629,"(247.2, 242.0)"
2272,242.0,247.2,Ordosiodon,42.9789,121.7034,"(247.2, 242.0)"
2271,242.0,247.2,Ordosiodon,42.9789,121.7034,"(247.2, 242.0)"
2270,242.0,251.2,Hazhenia,40.0497,121.0756,"(251.2, 242.0)"
2260,237.0,247.2,Xiyukannemeyeria,60.6504,70.6141,"(247.2, 237.0)"
2261,237.0,247.2,Xiyukannemeyeria,60.6504,70.6141,"(247.2, 237.0)"
2262,237.0,247.2,Xiyukannemeyeria,60.6504,70.6141,"(247.2, 237.0)"
2263,237.0,247.2,Xiyukannemeyeria,60.6504,70.6141,"(247.2, 237.0)"
2264,237.0,247.2,Xiyukannemeyeria,60.6504,70.6141,"(247.2, 237.0)"
2265,237.0,247.2,Xiyukannemeyeria,60.6504,70.6141,"(247.2, 237.0)"
2266,237.0,247.2,Xiyukannemeyeria,60.6504,70.6141,"(247.2, 237.0)"
2267,237.0,247.2,Xiyukannemeyeria,60.6504,70.6141,"(247.2, 237.0)"
2268,237.0,247.2,Xiyukannemeyeria,60.6504,70.6141,"(247.2, 237.0)"
2269,237.0,247.2,Xiyukannemeyeria,60.6504,70.6141,"(247.2, 237.0)"
2259,242.0,247.2,Xiyukannemeyeria,61.3235,78.0895,"(247.2, 242.0)"
2258,242.0,247.2,Shaanbeikannemeyeria,42.9789,121.7034,"(247.2, 242.0)"
2257,242.0,247.2,Shaanbeikannemeyeria,42.9789,121.7034,"(247.2, 242.0)"
2256,242.0,247.2,Rechnisaurus,-46.5586,19.7779,"(247.2, 242.0)"
2255,242.0,247.2,Parakannemeyeria,40.8175,120.0152,"(247.2, 242.0)"
2254,242.0,247.2,Sinokannemeyeria,40.8175,120.0152,"(247.2, 242.0)"
2253,242.0,247.2,Parakannemeyeria,40.8175,120.0152,"(247.2, 242.0)"
2252,237.0,247.2,Parakannemeyeria,62.8252,73.8195,"(247.2, 237.0)"
2251,242.0,247.2,Shansiodon,40.8175,120.0152,"(247.2, 242.0)"
2250,242.0,247.2,Shansiodon,40.8175,120.0152,"(247.2, 242.0)"
2249,242.0,247.2,Shansiodon,40.8175,120.0152,"(247.2, 242.0)"
2248,242.0,247.2,Sinokannemeyeria,40.8175,120.0152,"(247.2, 242.0)"
2243,242.0,247.2,Parakannemeyeria,40.8175,120.0152,"(247.2, 242.0)"
2242,242.0,247.2,Sinokannemeyeria,40.8175,120.0152,"(247.2, 242.0)"
2241,242.0,247.2,Diademodon,-63.335,-9.9696,"(247.2, 242.0)"
2239,242.0,247.2,Cynognathus,-61.3754,-6.6214,"(247.2, 242.0)"
2238,242.0,247.2,Diademodon,-61.3754,-6.6214,"(247.2, 242.0)"
2237,242.0,247.2,Kannemeyeria,-61.3754,-6.6214,"(247.2, 242.0)"
2235,242.0,247.2,Sysphinctostoma,-63.335,-9.9696,"(247.2, 242.0)"
2224,242.0,247.2,Ufudocyclops,-63.335,-9.9696,"(247.2, 242.0)"
2223,242.0,247.2,Ufudocyclops,-63.335,-9.9696,"(247.2, 242.0)"
2222,242.0,247.2,Shansiodon,-63.335,-9.9696,"(247.2, 242.0)"
2220,242.0,247.2,Mandagomphodon,-46.5586,19.7779,"(247.2, 242.0)"
2221,242.0,247.2,Mandagomphodon,-46.5586,19.7779,"(247.2, 242.0)"
2219,242.0,247.2,Scalenodon,-46.5586,19.7779,"(247.2, 242.0)"
2217,242.0,247.2,Nothogomphodon,40.8175,120.0152,"(247.2, 242.0)"
2216,242.0,247.2,Trirachodon,-61.3754,-6.6214,"(247.2, 242.0)"
2215,242.0,247.2,Kannemeyeria,-61.3754,-6.6214,"(247.2, 242.0)"
2214,242.0,247.2,Microgomphodon,-61.3754,-6.6214,"(247.2, 242.0)"
1989,237.0,242.0,Massetognathus,-49.0435,-14.582,"(242.0, 237.0)"
1988,237.0,247.2,Sinokannemeyeria,40.8175,120.0152,"(247.2, 237.0)"
1987,237.0,247.2,Parakannemeyeria,40.8175,120.0152,"(247.2, 237.0)"
1743,242.0,247.2,Kannemeyeria,-63.335,-9.9696,"(247.2, 242.0)"
1742,242.0,247.2,Kannemeyeria,-61.3754,-6.6214,"(247.2, 242.0)"
1741,242.0,247.2,Cynognathus,-61.3754,-6.6214,"(247.2, 242.0)"
1740,242.0,247.2,Diademodon,-61.3754,-6.6214,"(247.2, 242.0)"
1739,242.0,247.2,Trirachodon,-61.3754,-6.6214,"(247.2, 242.0)"
1738,242.0,247.2,Diademodon,-61.3754,-6.6214,"(247.2, 242.0)"
1737,242.0,247.2,Cricodon,-61.3754,-6.6214,"(247.2, 242.0)"
1697,242.0,247.2,Tetragonias,-46.5586,19.7779,"(247.2, 242.0)"
1447,242.0,247.2,Diademodon,-63.335,-9.9696,"(247.2, 242.0)"
1446,242.0,247.2,Sesamondontoides,-63.335,-9.9696,"(247.2, 242.0)"
1445,242.0,247.2,Sysphinctostoma,-63.335,-9.9696,"(247.2, 242.0)"
1444,242.0,247.2,Bauria,-63.335,-9.9696,"(247.2, 242.0)"
1443,242.0,247.2,Cynognathus,-63.335,-9.9696,"(247.2, 242.0)"
1442,242.0,247.2,Diademodon,-63.335,-9.9696,"(247.2, 242.0)"
1410,242.0,247.2,Cynognathus,-61.3754,-6.6214,"(247.2, 242.0)"
1401,242.0,247.2,Trirachodon,-61.3754,-6.6214,"(247.2, 242.0)"
1399,242.0,247.2,Microgomphodon,-61.3754,-6.6214,"(247.2, 242.0)"
1400,242.0,247.2,Microgomphodon,-61.3754,-6.6214,"(247.2, 242.0)"
1398,242.0,247.2,Microgomphodon,-61.3754,-6.6214,"(247.2, 242.0)"
869,237.0,242.0,Planitorostris,56.8309,16.6639,"(242.0, 237.0)"
742,227.0,247.2,Cricodon,-45.1179,23.2043,"(247.2, 227.0)"
741,242.0,247.2,Cynognathus,-46.5586,19.7779,"(247.2, 242.0)"
739,242.0,247.2,Cynognathus,-46.5586,19.7779,"(247.2, 242.0)"
740,242.0,247.2,Cynognathus,-46.5586,19.7779,"(247.2, 242.0)"
738,242.0,247.2,Cricodon,-46.5586,19.7779,"(247.2, 242.0)"
737,242.0,247.2,Cricodon,-46.5586,19.7779,"(247.2, 242.0)"
730,237.0,242.0,Scalenodon,-49.0435,-14.582,"(242.0, 237.0)"
727,242.0,247.2,Tetragonias,-46.5586,19.7779,"(247.2, 242.0)"
724,227.0,242.0,Aleodon,-49.0435,-14.582,"(242.0, 227.0)"
723,227.0,242.0,Aleodon,-49.0435,-14.582,"(242.0, 227.0)"
722,227.0,242.0,Aleodon,-49.0435,-14.582,"(242.0, 227.0)"
721,227.0,242.0,Aleodon,-49.0435,-14.582,"(242.0, 227.0)"
685,237.0,242.0,Massetognathus,-49.9808,-33.9335,"(242.0, 237.0)"
682,237.0,242.0,Chiniquodon,-49.9808,-33.9335,"(242.0, 237.0)"
652,242.0,247.2,Kannemeyeria,-46.5586,19.7779,"(247.2, 242.0)"
630,242.0,247.2,Microgomphodon,-61.3754,-6.6214,"(247.2, 242.0)"
629,242.0,247.2,Microhelodon,-61.3754,-6.6214,"(247.2, 242.0)"
628,242.0,247.2,Microgomphodon,-61.3754,-6.6214,"(247.2, 242.0)"
625,242.0,248.9,Bauria,-60.7306,-8.3682,"(248.9, 242.0)"
624,242.0,247.2,Bauria,-61.3754,-6.6214,"(247.2, 242.0)"
600,242.0,247.2,Sangusaurus,-46.5586,19.7779,"(247.2, 242.0)"
599,242.0,247.2,Sangusaurus,-46.5586,19.7779,"(247.2, 242.0)"
598,242.0,247.2,Scalenodon,-46.5586,19.7779,"(247.2, 242.0)"
593,237.0,247.2,Stahleckeria,-47.4217,-18.3424,"(247.2, 237.0)"
587,242.0,247.2,Theriognathus,-46.5586,19.7779,"(247.2, 242.0)"
570,242.0,247.2,Diademodon,-63.335,-9.9696,"(247.2, 242.0)"
569,242.0,247.2,Kannemeyeria,-63.335,-9.9696,"(247.2, 242.0)"
440,242.0,247.2,Nythosaurus,-61.3754,-6.6214,"(247.2, 242.0)"
438,242.0,247.2,Aelurosuchus,-61.3754,-6.6214,"(247.2, 242.0)"
422,242.0,247.2,Cistecynodon,-61.3754,-6.6214,"(247.2, 242.0)"
416,237.0,247.2,Dicynodontipus,-49.5084,-37.0935,"(247.2, 237.0)"
396,227.0,242.0,Dinodontosaurus,-49.0435,-14.582,"(242.0, 227.0)"
395,227.0,242.0,Chiniquodon,-49.0435,-14.582,"(242.0, 227.0)"
394,227.0,242.0,Luangwa,-49.0435,-14.582,"(242.0, 227.0)"
377,237.0,242.0,Pentasauropus,-52.4787,-33.7724,"(242.0, 237.0)"
378,237.0,242.0,Pentasauropus,-52.4787,-33.7724,"(242.0, 237.0)"
376,237.0,242.0,Dicynodontipus,-52.4787,-33.7724,"(242.0, 237.0)"
367,242.0,247.2,Ufudocyclops,-63.335,-9.9696,"(247.2, 242.0)"
366,237.0,247.2,Stahleckeria,-47.0126,-36.8745,"(247.2, 237.0)"
346,242.0,247.2,Impidens,-63.335,-9.9696,"(247.2, 242.0)"
342,242.0,247.2,Exaeretodon,11.9239,-7.7995,"(247.2, 242.0)"
336,242.0,251.2,Dicynodontipus,26.4493,22.0688,"(251.2, 242.0)"
326,227.0,242.0,Riojanodon,-49.9808,-33.9335,"(242.0, 227.0)"
325,227.0,242.0,Paratraversodon,-49.0435,-14.582,"(242.0, 227.0)"
293,237.0,242.0,Dinodontosaurus,-49.0435,-14.582,"(242.0, 237.0)"
292,237.0,242.0,Dinodontosaurus,-49.0435,-14.582,"(242.0, 237.0)"
272,237.0,242.0,Sangusaurus,-49.0435,-14.582,"(242.0, 237.0)"
270,237.0,242.0,Paratraversodon,-49.0435,-14.582,"(242.0, 237.0)"
269,237.0,242.0,Dinodontosaurus,-49.0435,-14.582,"(242.0, 237.0)"
268,237.0,242.0,Dinodontosaurus,-49.0435,-14.582,"(242.0, 237.0)"
266,237.0,242.0,Massetognathus,-49.0435,-14.582,"(242.0, 237.0)"
265,237.0,242.0,Massetognathus,-49.0435,-14.582,"(242.0, 237.0)"
264,237.0,242.0,Massetognathus,-49.0435,-14.582,"(242.0, 237.0)"
263,237.0,242.0,Dinodontosaurus,-49.0435,-14.582,"(242.0, 237.0)"
262,237.0,242.0,Dinodontosaurus,-49.0435,-14.582,"(242.0, 237.0)"
261,237.0,242.0,Dinodontosaurus,-49.0435,-14.582,"(242.0, 237.0)"
260,237.0,242.0,Dinodontosaurus,-49.0435,-14.582,"(242.0, 237.0)"
259,237.0,242.0,Dinodontosaurus,-49.0435,-14.582,"(242.0, 237.0)"
258,237.0,242.0,Dinodontosaurus,-49.0435,-14.582,"(242.0, 237.0)"
257,237.0,242.0,Aleodon,-49.0435,-14.582,"(242.0, 237.0)"
256,237.0,242.0,Aleodon,-49.0435,-14.582,"(242.0, 237.0)"
255,237.0,242.0,Aleodon,-49.0435,-14.582,"(242.0, 237.0)"
254,237.0,242.0,Bonacynodon,-49.0435,-14.582,"(242.0, 237.0)"
253,237.0,242.0,Bonacynodon,-49.0435,-14.582,"(242.0, 237.0)"
252,237.0,242.0,Luangwa,-49.0435,-14.582,"(242.0, 237.0)"
250,237.0,242.0,Dinodontosaurus,-49.0435,-14.582,"(242.0, 237.0)"
249,237.0,242.0,Dinodontosaurus,-49.0435,-14.582,"(242.0, 237.0)"
248,237.0,242.0,Dinodontosaurus,-49.0435,-14.582,"(242.0, 237.0)"
247,237.0,242.0,Dinodontosaurus,-49.0435,-14.582,"(242.0, 237.0)"
246,237.0,242.0,Dinodontosaurus,-49.0435,-14.582,"(242.0, 237.0)"
245,237.0,242.0,Dinodontosaurus,-49.0435,-14.582,"(242.0, 237.0)"
244,237.0,242.0,Dinodontosaurus,-49.0435,-14.582,"(242.0, 237.0)"
243,237.0,242.0,Dinodontosaurus,-49.0435,-14.582,"(242.0, 237.0)"
242,237.0,242.0,Dinodontosaurus,-49.0435,-14.582,"(242.0, 237.0)"
241,237.0,242.0,Dinodontosaurus,-49.0435,-14.582,"(242.0, 237.0)"
240,237.0,242.0,Dinodontosaurus,-49.0435,-14.582,"(242.0, 237.0)"
239,237.0,242.0,Dinodontosaurus,-49.0435,-14.582,"(242.0, 237.0)"
238,237.0,242.0,Dinodontosaurus,-49.0435,-14.582,"(242.0, 237.0)"
237,237.0,242.0,Dinodontosaurus,-49.0435,-14.582,"(242.0, 237.0)"
236,237.0,242.0,Dinodontosaurus,-49.0435,-14.582,"(242.0, 237.0)"
162,237.0,242.0,Dinodontosaurus,-49.0435,-14.582,"(242.0, 237.0)"
160,237.0,242.0,Dinodontosaurus,-49.0435,-14.582,"(242.0, 237.0)"
158,237.0,242.0,Dinodontosaurus,-49.0435,-14.582,"(242.0, 237.0)"
157,237.0,242.0,Dinodontosaurus,-49.0435,-14.582,"(242.0, 237.0)"
156,237.0,242.0,Dinodontosaurus,-49.0435,-14.582,"(242.0, 237.0)"
155,237.0,242.0,Dinodontosaurus,-49.0435,-14.582,"(242.0, 237.0)"
154,237.0,242.0,Dinodontosaurus,-49.0435,-14.582,"(242.0, 237.0)"
153,237.0,242.0,Aleodon,-49.0435,-14.582,"(242.0, 237.0)"
152,237.0,242.0,Massetognathus,-49.0435,-14.582,"(242.0, 237.0)"
148,237.0,242.0,Dinodontosaurus,-49.0435,-14.582,"(242.0, 237.0)"
147,237.0,242.0,Dinodontosaurus,-49.0435,-14.582,"(242.0, 237.0)"
146,237.0,242.0,Dinodontosaurus,-49.0435,-14.582,"(242.0, 237.0)"
145,237.0,242.0,Dinodontosaurus,-49.0435,-14.582,"(242.0, 237.0)"
144,237.0,242.0,Dinodontosaurus,-49.0435,-14.582,"(242.0, 237.0)"
143,237.0,242.0,Dinodontosaurus,-49.0435,-14.582,"(242.0, 237.0)"
142,237.0,242.0,Protuberum,-49.0435,-14.582,"(242.0, 237.0)"
141,237.0,242.0,Dinodontosaurus,-49.0435,-14.582,"(242.0, 237.0)"
140,237.0,242.0,Dinodontosaurus,-49.0435,-14.582,"(242.0, 237.0)"
139,237.0,242.0,Dinodontosaurus,-49.0435,-14.582,"(242.0, 237.0)"
138,237.0,242.0,Dinodontosaurus,-49.0435,-14.582,"(242.0, 237.0)"
137,237.0,242.0,Dinodontosaurus,-49.0435,-14.582,"(242.0, 237.0)"
136,237.0,242.0,Dinodontosaurus,-49.0435,-14.582,"(242.0, 237.0)"
135,237.0,242.0,Dinodontosaurus,-49.0435,-14.582,"(242.0, 237.0)"
134,237.0,242.0,Dinodontosaurus,-49.0435,-14.582,"(242.0, 237.0)"
133,237.0,242.0,Dinodontosaurus,-49.0435,-14.582,"(242.0, 237.0)"
132,237.0,242.0,Dinodontosaurus,-49.0435,-14.582,"(242.0, 237.0)"
130,237.0,242.0,Dinodontosaurus,-49.0435,-14.582,"(242.0, 237.0)"
116,237.0,242.0,Dinodontosaurus,-49.0435,-14.582,"(242.0, 237.0)"
115,237.0,242.0,Dinodontosaurus,-49.0435,-14.582,"(242.0, 237.0)"
114,237.0,242.0,Dinodontosaurus,-49.0435,-14.582,"(242.0, 237.0)"
113,237.0,242.0,Dinodontosaurus,-49.0435,-14.582,"(242.0, 237.0)"
112,237.0,242.0,Dinodontosaurus,-49.0435,-14.582,"(242.0, 237.0)"
111,237.0,242.0,Dinodontosaurus,-49.0435,-14.582,"(242.0, 237.0)"
110,237.0,242.0,Dinodontosaurus,-49.0435,-14.582,"(242.0, 237.0)"
109,237.0,242.0,Dinodontosaurus,-49.0435,-14.582,"(242.0, 237.0)"
108,237.0,242.0,Chiniquodon,-49.0435,-14.582,"(242.0, 237.0)"
107,237.0,242.0,Dinodontosaurus,-49.0435,-14.582,"(242.0, 237.0)"
106,237.0,242.0,Dinodontosaurus,-49.0435,-14.582,"(242.0, 237.0)"
105,237.0,242.0,Dinodontosaurus,-49.0435,-14.582,"(242.0, 237.0)"
104,237.0,242.0,Dinodontosaurus,-49.0435,-14.582,"(242.0, 237.0)"
103,237.0,242.0,Dinodontosaurus,-49.0435,-14.582,"(242.0, 237.0)"
101,237.0,242.0,Dinodontosaurus,-49.0435,-14.582,"(242.0, 237.0)"
100,237.0,242.0,Dinodontosaurus,-49.0435,-14.582,"(242.0, 237.0)"
99,237.0,242.0,Dinodontosaurus,-49.0435,-14.582,"(242.0, 237.0)"
98,237.0,242.0,Dinodontosaurus,-49.0435,-14.582,"(242.0, 237.0)"
97,237.0,242.0,Dinodontosaurus,-49.0435,-14.582,"(242.0, 237.0)"
96,237.0,242.0,Dinodontosaurus,-49.0435,-14.582,"(242.0, 237.0)"
95,237.0,242.0,Dinodontosaurus,-49.0435,-14.582,"(242.0, 237.0)"
94,237.0,242.0,Dinodontosaurus,-49.0435,-14.582,"(242.0, 237.0)"
93,237.0,242.0,Dinodontosaurus,-49.0435,-14.582,"(242.0, 237.0)"
92,237.0,242.0,Dinodontosaurus,-49.0435,-14.582,"(242.0, 237.0)"
91,237.0,242.0,Dinodontosaurus,-49.0435,-14.582,"(242.0, 237.0)"
90,237.0,242.0,Dinodontosaurus,-49.0435,-14.582,"(242.0, 237.0)"
89,237.0,242.0,Dinodontosaurus,-49.0435,-14.582,"(242.0, 237.0)"
88,237.0,242.0,Dinodontosaurus,-49.0435,-14.582,"(242.0, 237.0)"
87,237.0,242.0,Dinodontosaurus,-49.0435,-14.582,"(242.0, 237.0)"
86,237.0,242.0,Dinodontosaurus,-49.0435,-14.582,"(242.0, 237.0)"
85,237.0,242.0,Dinodontosaurus,-49.0435,-14.582,"(242.0, 237.0)"
83,237.0,242.0,Dinodontosaurus,-49.0435,-14.582,"(242.0, 237.0)"
82,237.0,242.0,Dinodontosaurus,-49.0435,-14.582,"(242.0, 237.0)"
81,237.0,242.0,Dinodontosaurus,-49.0435,-14.582,"(242.0, 237.0)"
80,237.0,242.0,Stahleckeria,-49.0435,-14.582,"(242.0, 237.0)"
79,237.0,242.0,Stahleckeria,-49.0435,-14.582,"(242.0, 237.0)"
78,237.0,242.0,Chiniquodon,-49.0435,-14.582,"(242.0, 237.0)"
77,237.0,242.0,Dinodontosaurus,-49.0435,-14.582,"(242.0, 237.0)"
76,237.0,242.0,Dinodontosaurus,-49.0435,-14.582,"(242.0, 237.0)"
75,237.0,242.0,Dinodontosaurus,-49.0435,-14.582,"(242.0, 237.0)"
74,237.0,242.0,Dinodontosaurus,-49.0435,-14.582,"(242.0, 237.0)"
73,237.0,242.0,Dinodontosaurus,-49.0435,-14.582,"(242.0, 237.0)"
72,237.0,242.0,Dinodontosaurus,-49.0435,-14.582,"(242.0, 237.0)"
71,237.0,242.0,Dinodontosaurus,-49.0435,-14.582,"(242.0, 237.0)"
70,237.0,242.0,Dinodontosaurus,-49.0435,-14.582,"(242.0, 237.0)"
69,237.0,242.0,Dinodontosaurus,-49.0435,-14.582,"(242.0, 237.0)"
68,237.0,242.0,Dinodontosaurus,-49.0435,-14.582,"(242.0, 237.0)"
67,237.0,242.0,Dinodontosaurus,-49.0435,-14.582,"(242.0, 237.0)"
66,237.0,242.0,Dinodontosaurus,-49.0435,-14.582,"(242.0, 237.0)"
65,237.0,242.0,Dinodontosaurus,-49.0435,-14.582,"(242.0, 237.0)"
64,237.0,242.0,Dinodontosaurus,-49.0435,-14.582,"(242.0, 237.0)"
63,237.0,242.0,Dinodontosaurus,-49.0435,-14.582,"(242.0, 237.0)"
62,237.0,242.0,Dinodontosaurus,-49.0435,-14.582,"(242.0, 237.0)"
61,237.0,242.0,Dinodontosaurus,-49.0435,-14.582,"(242.0, 237.0)"
60,237.0,242.0,Dinodontosaurus,-49.0435,-14.582,"(242.0, 237.0)"
59,237.0,242.0,Dinodontosaurus,-49.0435,-14.582,"(242.0, 237.0)"
58,237.0,242.0,Dinodontosaurus,-49.0435,-14.582,"(242.0, 237.0)"
57,237.0,242.0,Dinodontosaurus,-49.0435,-14.582,"(242.0, 237.0)"
56,237.0,242.0,Dinodontosaurus,-49.0435,-14.582,"(242.0, 237.0)"
55,237.0,242.0,Dinodontosaurus,-49.0435,-14.582,"(242.0, 237.0)"
54,237.0,242.0,Dinodontosaurus,-49.0435,-14.582,"(242.0, 237.0)"
53,237.0,242.0,Dinodontosaurus,-49.0435,-14.582,"(242.0, 237.0)"
52,237.0,242.0,Dinodontosaurus,-49.0435,-14.582,"(242.0, 237.0)"
51,237.0,242.0,Dinodontosaurus,-49.0435,-14.582,"(242.0, 237.0)"
50,237.0,242.0,Dinodontosaurus,-49.0435,-14.582,"(242.0, 237.0)"
49,237.0,242.0,Massetognathus,-49.0435,-14.582,"(242.0, 237.0)"
48,237.0,242.0,Dinodontosaurus,-49.0435,-14.582,"(242.0, 237.0)"
47,237.0,242.0,Dinodontosaurus,-49.0435,-14.582,"(242.0, 237.0)"
46,237.0,242.0,Dinodontosaurus,-49.0435,-14.582,"(242.0, 237.0)"
45,237.0,242.0,Dinodontosaurus,-49.0435,-14.582,"(242.0, 237.0)"
44,237.0,242.0,Dinodontosaurus,-49.0435,-14.582,"(242.0, 237.0)"
43,237.0,242.0,Protuberum,-49.0435,-14.582,"(242.0, 237.0)"
42,237.0,242.0,Dinodontosaurus,-49.0435,-14.582,"(242.0, 237.0)"
41,237.0,242.0,Dinodontosaurus,-49.0435,-14.582,"(242.0, 237.0)"
40,237.0,242.0,Dinodontosaurus,-49.0435,-14.582,"(242.0, 237.0)"
39,237.0,242.0,Dinodontosaurus,-49.0435,-14.582,"(242.0, 237.0)"
38,237.0,242.0,Dinodontosaurus,-49.0435,-14.582,"(242.0, 237.0)"
37,237.0,242.0,Dinodontosaurus,-49.0435,-14.582,"(242.0, 237.0)"
36,237.0,242.0,Dinodontosaurus,-49.0435,-14.582,"(242.0, 237.0)"
35,237.0,242.0,Dinodontosaurus,-49.0435,-14.582,"(242.0, 237.0)"
34,237.0,242.0,Dinodontosaurus,-49.0435,-14.582,"(242.0, 237.0)"
33,237.0,242.0,Dinodontosaurus,-49.0435,-14.582,"(242.0, 237.0)"
32,237.0,242.0,Dinodontosaurus,-49.0435,-14.582,"(242.0, 237.0)"
31,237.0,242.0,Dinodontosaurus,-49.0435,-14.582,"(242.0, 237.0)"
30,237.0,242.0,Dinodontosaurus,-49.0435,-14.582,"(242.0, 237.0)"
29,237.0,242.0,Dinodontosaurus,-49.0435,-14.582,"(242.0, 237.0)"
28,237.0,242.0,Dinodontosaurus,-49.0435,-14.582,"(242.0, 237.0)"
27,237.0,242.0,Dinodontosaurus,-49.0435,-14.582,"(242.0, 237.0)"
26,237.0,242.0,Dinodontosaurus,-49.0435,-14.582,"(242.0, 237.0)"
25,237.0,242.0,Dinodontosaurus,-49.0435,-14.582,"(242.0, 237.0)"
24,237.0,242.0,Dinodontosaurus,-49.0435,-14.582,"(242.0, 237.0)"
23,237.0,242.0,Dinodontosaurus,-49.0435,-14.582,"(242.0, 237.0)"
22,237.0,242.0,Dinodontosaurus,-49.0435,-14.582,"(242.0, 237.0)"
21,237.0,242.0,Dinodontosaurus,-49.0435,-14.582,"(242.0, 237.0)"
20,237.0,242.0,Dinodontosaurus,-49.0435,-14.582,"(242.0, 237.0)"
19,237.0,242.0,Dinodontosaurus,-49.0435,-14.582,"(242.0, 237.0)"
18,237.0,242.0,Dinodontosaurus,-49.0435,-14.582,"(242.0, 237.0)"
17,237.0,242.0,Dinodontosaurus,-49.0435,-14.582,"(242.0, 237.0)"
16,237.0,242.0,Dinodontosaurus,-49.0435,-14.582,"(242.0, 237.0)"
15,237.0,242.0,Dinodontosaurus,-49.0435,-14.582,"(242.0, 237.0)"
14,237.0,242.0,Dinodontosaurus,-49.0435,-14.582,"(242.0, 237.0)"
13,237.0,242.0,Dinodontosaurus,-49.0435,-14.582,"(242.0, 237.0)"
12,237.0,242.0,Dinodontosaurus,-49.0435,-14.582,"(242.0, 237.0)"
11,237.0,242.0,Dinodontosaurus,-49.0435,-14.582,"(242.0, 237.0)"
10,237.0,242.0,Dinodontosaurus,-61.9144,0.8613,"(242.0, 237.0)"
9,237.0,242.0,Dinodontosaurus,-62.4818,-7.7754,"(242.0, 237.0)"
8,237.0,242.0,Dinodontosaurus,-61.9144,0.8613,"(242.0, 237.0)"
7,237.0,242.0,Dinodontosaurus,-62.4818,-7.7754,"(242.0, 237.0)"
6,237.0,242.0,Protuberum,-62.4818,-7.7754,"(242.0, 237.0)"
3,237.0,242.0,Dinodontosaurus,-61.9144,0.8613,"(242.0, 237.0)"
2,237.0,242.0,Dinodontosaurus,-61.9144,0.8613,"(242.0, 237.0)"
1,237.0,242.0,Massetognathus,-64.1172,-1.7463,"(242.0, 237.0)"
1844,242.0,247.2,Eryosuchus,48.8243,42.2106,"(247.2, 242.0)"
1840,244.7,247.2,Hadrokkosaurus,9.7821,-43.158,"(247.2, 244.7)"
1839,244.7,247.2,Eocyclotosaurus,9.7821,-43.158,"(247.2, 244.7)"
1838,244.7,247.2,Rhadalognathus,9.7821,-43.158,"(247.2, 244.7)"
1830,242.0,247.2,Paracyclotosaurus,-62.8262,133.5696,"(247.2, 242.0)"
1801,242.0,247.2,Cyclotosaurus,24.5505,12.962,"(247.2, 242.0)"
1800,242.0,247.2,Cyclotosaurus,24.5505,12.962,"(247.2, 242.0)"
1799,242.0,247.2,Mastodonsaurus,24.5505,12.962,"(247.2, 242.0)"
1761,242.0,247.2,Mastodonsaurus,24.5505,12.962,"(247.2, 242.0)"
1760,237.0,247.2,Mastodonsaurus,24.5505,12.962,"(247.2, 237.0)"
1759,237.0,247.2,Stenotosaurus,24.5505,12.962,"(247.2, 237.0)"
1719,237.0,242.0,Mastodonsaurus,51.5683,36.4314,"(242.0, 237.0)"
1718,237.0,242.0,Plagioscutum,51.5683,36.4314,"(242.0, 237.0)"
1691,242.0,247.2,Eocyclotosaurus,21.0544,12.2826,"(247.2, 242.0)"
1690,242.0,247.2,Eocyclotosaurus,21.0544,12.2826,"(247.2, 242.0)"
1685,242.0,247.2,Batrachosuchus,-61.3754,-6.6214,"(247.2, 242.0)"
1623,242.0,247.2,Plagioscutum,48.8243,42.2106,"(247.2, 242.0)"
1556,244.7,247.2,Eocyclotosaurus,9.7821,-43.158,"(247.2, 244.7)"
1555,244.7,247.2,Eocyclotosaurus,10.7549,-46.119,"(247.2, 244.7)"
1554,244.7,247.2,Eocyclotosaurus,9.7821,-43.158,"(247.2, 244.7)"
1553,244.7,247.2,Eocyclotosaurus,9.7821,-43.158,"(247.2, 244.7)"
1552,244.7,247.2,Quasicyclotosaurus,9.7821,-43.158,"(247.2, 244.7)"
1551,244.7,247.2,Quasicyclotosaurus,9.7821,-43.158,"(247.2, 244.7)"
1550,244.7,247.2,Stanocephalosaurus,9.7821,-43.158,"(247.2, 244.7)"
1545,244.7,247.2,Eocyclotosaurus,10.7549,-46.119,"(247.2, 244.7)"
1544,244.7,247.2,Vigilius,9.7821,-43.158,"(247.2, 244.7)"
1543,242.0,247.2,Paracyclotosaurus,-63.335,-9.9696,"(247.2, 242.0)"
1542,242.0,247.2,Jammerbergia,-61.3754,-6.6214,"(247.2, 242.0)"
1541,242.0,247.2,Vanastega,-61.3754,-6.6214,"(247.2, 242.0)"
1540,242.0,247.2,Xenotosuchus,-61.3754,-6.6214,"(247.2, 242.0)"
1539,242.0,247.2,Eryosuchus,48.8243,42.2106,"(247.2, 242.0)"
1538,242.0,247.2,Eryosuchus,48.8243,42.2106,"(247.2, 242.0)"
1537,242.0,247.2,Plagioscutum,48.8243,42.2106,"(247.2, 242.0)"
1536,242.0,247.2,Eryosuchus,48.8243,42.2106,"(247.2, 242.0)"
1535,242.0,247.2,Plagiorophus,48.8243,42.2106,"(247.2, 242.0)"
1534,237.0,242.0,Bukobaja,51.5683,36.4314,"(242.0, 237.0)"
1533,242.0,247.2,Plagioscutum,48.8243,42.2106,"(247.2, 242.0)"
1532,242.0,247.2,Eryosuchus,46.885,40.4161,"(247.2, 242.0)"
1531,242.0,247.2,Plagioscutum,46.885,40.4161,"(247.2, 242.0)"
1530,242.0,247.2,Plagiorophus,46.885,40.4161,"(247.2, 242.0)"
1529,242.0,247.2,Eryosuchus,46.885,40.4161,"(247.2, 242.0)"
1528,242.0,247.2,Plagiorophus,46.885,40.4161,"(247.2, 242.0)"
1527,237.0,242.0,Mastodonsaurus,51.5683,36.4314,"(242.0, 237.0)"
1526,237.0,242.0,Mastodonsaurus,51.5683,36.4314,"(242.0, 237.0)"
1525,237.0,242.0,Bukobaja,51.5683,36.4314,"(242.0, 237.0)"
1524,237.0,242.0,Cyclotosaurus,51.5683,36.4314,"(242.0, 237.0)"
1523,242.0,247.2,Eryosuchus,48.8243,42.2106,"(247.2, 242.0)"
1522,242.0,247.2,Yuanansuchus,18.3084,126.3019,"(247.2, 242.0)"
1521,242.0,247.2,Mastodonsaurus,23.3969,10.8064,"(247.2, 242.0)"
1520,242.0,247.2,Cyclotosaurus,23.3969,10.8064,"(247.2, 242.0)"
1513,244.7,247.2,Stenotosaurus,26.4493,22.0688,"(247.2, 244.7)"
1512,237.0,242.0,Tatrasuchus,25.8877,19.3809,"(242.0, 237.0)"
1510,242.0,247.2,Cherninia,-46.5586,19.7779,"(247.2, 242.0)"
1509,242.0,247.2,Batrachosuchus,-46.5586,19.7779,"(247.2, 242.0)"
1508,242.0,247.2,Stanocephalosaurus,-46.5586,19.7779,"(247.2, 242.0)"
1504,242.0,247.2,Calmasuchus,17.3547,21.0994,"(247.2, 242.0)"
1503,242.0,247.2,Stanocephalosaurus,-46.5586,19.7779,"(247.2, 242.0)"
1435,242.0,248.9,Odenwaldia,-3.6424,11.7065,"(248.9, 242.0)"
1436,242.0,248.9,Odenwaldia,-3.6424,11.7065,"(248.9, 242.0)"
1422,227.0,242.0,Triassurus,52.9442,61.5643,"(242.0, 227.0)"
1400,244.7,248.9,Watsonisuchus,-61.6319,136.2734,"(248.9, 244.7)"
1386,242.0,247.2,Microposaurus,-62.8262,133.5696,"(247.2, 242.0)"
1385,244.7,248.9,Platycepsion,-61.6319,136.2734,"(248.9, 244.7)"
1384,242.0,247.2,Notobrachyops,-62.8262,133.5696,"(247.2, 242.0)"
1382,242.0,247.2,Subcyclotosaurus,-60.4013,134.8501,"(247.2, 242.0)"
1335,242.0,247.2,Cherninia,-38.3913,59.0094,"(247.2, 242.0)"
1334,242.0,247.2,Paracyclotosaurus,-38.3913,59.0094,"(247.2, 242.0)"
1333,242.0,247.2,Eryosuchus,-39.8254,56.37,"(247.2, 242.0)"
1332,242.0,247.2,Eryosuchus,-39.8254,56.37,"(247.2, 242.0)"
1323,237.0,247.2,Mastodonsaurus,26.4626,20.9891,"(247.2, 237.0)"
1322,237.0,247.2,Plagiosternum,26.4626,20.9891,"(247.2, 237.0)"
1306,242.0,247.2,Xenotosuchus,-61.3754,-6.6214,"(247.2, 242.0)"
1245,242.0,247.2,Laidleria,-63.335,-9.9696,"(247.2, 242.0)"
1239,242.0,247.2,Microposaurus,-61.3754,-6.6214,"(247.2, 242.0)"
1213,242.0,247.2,Xenotosuchus,-61.3754,-6.6214,"(247.2, 242.0)"
1212,242.0,247.2,Microposaurus,-61.3754,-6.6214,"(247.2, 242.0)"
1211,242.0,247.2,Microposaurus,-61.3754,-6.6214,"(247.2, 242.0)"
1210,242.0,247.2,Batrachosuchus,-61.3754,-6.6214,"(247.2, 242.0)"
1203,242.0,247.2,Xenotosuchus,-61.3754,-6.6214,"(247.2, 242.0)"
1200,242.0,247.2,Xenotosuchus,-61.3754,-6.6214,"(247.2, 242.0)"
393,242.0,247.2,Batrachosuchus,-61.3754,-6.6214,"(247.2, 242.0)"
383,242.0,244.7,Mastodonsaurus,26.0552,24.8826,"(244.7, 242.0)"
369,242.0,247.2,Stanocephalosaurus,-46.5586,19.7779,"(247.2, 242.0)"
370,242.0,247.2,Stanocephalosaurus,-46.5586,19.7779,"(247.2, 242.0)"
351,242.0,247.2,Plagioscutum,48.8243,42.2106,"(247.2, 242.0)"
350,242.0,247.2,Eryosuchus,48.8243,42.2106,"(247.2, 242.0)"
349,242.0,247.2,Eryosuchus,48.8243,42.2106,"(247.2, 242.0)"
348,242.0,247.2,Bukobaja,48.8243,42.2106,"(247.2, 242.0)"
347,237.0,242.0,Plagioscutum,47.0681,41.4188,"(242.0, 237.0)"
346,237.0,247.2,Plagioscutum,44.0318,46.2736,"(247.2, 237.0)"
342,237.0,242.0,Plagiorophus,51.5683,36.4314,"(242.0, 237.0)"
339,237.0,242.0,Mastodonsaurus,24.2134,17.2823,"(242.0, 237.0)"
319,242.0,247.2,Yuanansuchus,18.3084,126.3019,"(247.2, 242.0)"
315,242.0,247.2,Bathignathus,-61.3754,-6.6214,"(247.2, 242.0)"
272,242.0,247.2,Plagioscutum,48.8243,42.2106,"(247.2, 242.0)"
181,242.0,247.2,Eocyclotosaurus,7.907,-40.8135,"(247.2, 242.0)"
173,242.0,247.2,Mastodonsaurus,22.9805,20.4578,"(247.2, 242.0)"
172,237.0,251.902,Stanocephalosaurus,-2.519,8.9542,"(251.902, 237.0)"
158,237.0,242.0,Plagiosternum,27.7242,17.4803,"(242.0, 237.0)"
157,227.0,242.0,Plagiosternum,27.7242,17.4803,"(242.0, 227.0)"
156,227.0,242.0,Plagiosuchus,27.7242,17.4803,"(242.0, 227.0)"
154,237.0,247.2,Gerrothorax,26.4626,20.9891,"(247.2, 237.0)"
153,237.0,242.0,Gerrothorax,24.2134,17.2823,"(242.0, 237.0)"
152,237.0,242.0,Gerrothorax,27.7242,17.4803,"(242.0, 237.0)"
149,242.0,247.2,Mastodonsaurus,22.9805,20.4578,"(247.2, 242.0)"
148,244.7,247.2,Mastodonsaurus,22.9807,21.4397,"(247.2, 244.7)"
147,242.0,247.2,Mastodonsaurus,26.4626,20.9891,"(247.2, 242.0)"
143,242.0,247.2,Eocyclotosaurus,22.9805,20.4578,"(247.2, 242.0)"
142,242.0,247.2,Heptasaurus,22.9805,20.4578,"(247.2, 242.0)"
141,244.7,247.2,Eocyclotosaurus,22.9807,21.4397,"(247.2, 244.7)"
140,244.7,247.2,Eocyclotosaurus,22.9807,21.4397,"(247.2, 244.7)"
139,245.5,248.9,Stenotosaurus,22.9807,21.4397,"(248.9, 245.5)"
134,244.7,247.2,Vigilius,10.7549,-46.119,"(247.2, 244.7)"
133,242.0,247.2,Xenotosuchus,-63.335,-9.9696,"(247.2, 242.0)"
132,242.0,247.2,Xenotosuchus,-61.3754,-6.6214,"(247.2, 242.0)"
130,242.0,247.2,Mentosaurus,29.5613,25.1704,"(247.2, 242.0)"
129,242.0,247.2,Eurycervix,29.5613,25.1704,"(247.2, 242.0)"
124,242.0,247.2,Eocyclotosaurus,22.9805,20.4578,"(247.2, 242.0)"
123,242.0,247.2,Eocyclotosaurus,25.024,18.7935,"(247.2, 242.0)"
122,237.0,242.0,Cyclotosaurus,27.7242,17.4803,"(242.0, 237.0)"
120,242.0,247.2,Mastodonsaurus,25.024,18.7935,"(247.2, 242.0)"
56,242.0,247.2,Capitosauroides,27.0679,17.1911,"(247.2, 242.0)"
35,237.0,242.0,Cyclotosaurus,27.7242,17.4803,"(242.0, 237.0)"
