genus,lat_range_z_trans,Temperate_N,Tropical,Temperate_S,Antarctic,ts,te,time_span,avg_lam,avg_mu,mean_pt_1myr_z_trans_NN,Mod_R_deltaTMyr_pt_1myr_z_trans_NN,mean_pt_1myr_z_trans_WI,Mod_R_deltaTMyr_pt_1myr_z_trans_WI,Stage
Abajudon,-0.297424559,0,0,1,0,266.1942694744745,259.87117556456457,6.323093909909915,1.4825818155555557,1.7282567188888889,-0.917950967251633,0.7047041508618038,-0.917950967251633,0.7047041508618038,Capitanian
Abdalodon,-0.297424559,0,0,1,0,257.0290669019019,256.8337731741742,0.19529372772768738,1.0965092888888888,1.0861278799999998,-0.0166731716554773,-0.8592163467668951,-0.0166731716554773,-0.8592163467668951,Lopingian
Aelurognathus,1.840694848,0,0,1,0,260.1123003203203,252.03434334934934,8.077956970970945,0.9501141244444444,0.9647666011111111,-0.5446506021234072,-0.2261058680101301,-0.5446506021234072,-0.2261058680101301,Lopingian
Aelurosaurus,-0.152345603,0,0,1,0,263.2735337917918,253.48818840640638,9.785345385385426,0.8907188366666667,0.5274745344444445,-0.46940960833060996,0.25784028252283564,-0.46940960833060996,0.25784028252283564,Mixed
Aelurosuchus,-0.297424559,0,0,1,0,244.68013993093092,244.50406954854856,0.17607038238236328,1.4926438133333335,1.1284839855555557,0.8147716463490362,-0.7965389385741263,1.280047468978877,0.06451593616710372,Anisian
Akidnognathus,-0.152345603,0,0,1,0,260.8349455325325,254.12413123023023,6.710814302302282,0.6243681211111112,0.47494857555555553,-0.3570262323043322,-0.18438901281440548,-0.3570262323043322,-0.18438901281440548,Lopingian
Aleodon,-0.141271243,0,0,1,0,246.3329053903904,234.0118061881882,12.32109920220222,1.1422294455555557,0.22833018888888887,1.0663390812578406,-0.048900922783536915,1.0663390812578406,-0.048900922783536915,Mixed
Alepognathus,-0.297424559,0,0,1,0,262.18786665765765,261.49270834534536,0.6951583123122873,0.6692130144444445,0.8769237166666666,-1.5449494797623875,1.5248565411905397,-1.5449494797623875,1.5248565411905397,Capitanian
Alopecideops,-0.297424559,0,0,1,0,262.40052778678677,261.82877855255254,0.5717492342342325,1.0753667388888888,0.8251330666666667,-1.5449494797623875,1.5248565411905397,-1.5449494797623875,1.5248565411905397,Capitanian
Alopecodon,-0.297424559,0,0,1,0,264.00780328428425,259.9672420950951,4.040561189189134,1.8698367322222222,1.4858500399999996,-0.6861755106823118,0.8560729686572633,-0.6861755106823118,0.8560729686572633,Capitanian
Alopecognathus,-0.297424559,0,0,1,0,263.6269443153153,260.0695664164164,3.557377898898892,1.3117347,1.4074391444444443,-0.5753778902196263,1.4744569071719458,-0.5753778902196263,1.4744569071719458,Capitanian
Alopecorhinus,-0.297424559,0,0,1,0,259.97103521521524,259.4652615795796,0.5057736356356486,0.7151650688888889,0.6657136733333333,-0.6653953549718581,0.5455263496600072,-0.479194727157799,0.46261650016104655,Capitanian
Aloposaurus,0.668769528,0,0,1,0,260.8859886116116,252.76705155255257,8.118937059059022,1.162714888888889,0.742295308888889,-0.5446506021234072,-0.2261058680101301,-0.5446506021234072,-0.2261058680101301,Lopingian
Alrausuchus,-0.297424559,1,0,0,0,273.2644701331331,265.512024029029,7.752446104104081,0.9736110299999999,1.0294436922222223,-0.8431476134027265,0.02723748125171982,-0.8431476134027265,0.02723748125171982,Roadian-Wordian
Andescynodon,-0.297424559,0,0,1,0,245.15596763463464,243.00819089289288,2.147776741741751,1.7593050833333337,1.0309306077777778,1.3851090196406104,0.25894632765797726,1.3851090196406104,0.25894632765797726,Anisian
Angelosaurus,-0.297424559,0,1,0,0,270.75212794794794,266.6733443743744,4.07878357357356,0.8740088233333333,1.3057531422222222,-0.6747438376138919,0.2083530311822272,-0.6747438376138919,0.2083530311822272,Roadian-Wordian
Angonisaurus,1.437747253,0,0,1,1,246.67852594994997,241.45847896296297,5.2200469869870005,1.2077264533333336,0.27962645222222227,1.335888741986888,0.05487469015041726,1.335888741986888,0.05487469015041726,Anisian
Annatherapsidus,-0.149232491,1,0,0,0,265.04774382882886,257.3827801921922,7.664963636636685,0.41419626777777785,1.4812944277777778,-0.5710919524972532,0.42712569184508725,-0.5710919524972532,0.42712569184508725,Mixed
Anningia,-0.297424559,0,0,1,0,262.4117173673674,261.66164106506506,0.7500763023023183,0.9023372344444445,0.8012882944444444,-1.5449494797623875,1.5248565411905397,-1.5449494797623875,1.5248565411905397,Capitanian
Anomocephalus,-0.297424559,0,0,1,0,265.99136974774774,265.5477930560561,0.4435766916916464,1.3736350733333331,0.4988730333333333,-1.7192196259628885,0.8816940463736233,-1.6169921027637615,0.625739565209934,Roadian-Wordian
Antecosuchus,-0.297424559,1,0,0,0,246.085708995996,242.61565526226227,3.470053733733721,2.582495567777778,1.3265000844444443,1.4598477676394097,-0.3077569307883378,1.4598477676394097,-0.3077569307883378,Anisian
Anteosaurus,6.167515769,1,0,1,0,264.80916792392395,259.5759720620621,5.233195861861873,1.5540759855555555,0.10004551777777777,-0.6861755106823118,0.8560729686572633,-0.6861755106823118,0.8560729686572633,Capitanian
Archaeosyodon,-0.297424559,1,0,0,0,266.05090340440444,265.6679603213213,0.3829430830831484,0.72650436,1.081954771111111,-1.7192196259628885,0.8816940463736233,-1.7192196259628885,0.8816940463736233,Roadian-Wordian
Arctognathus,0.668769528,0,0,1,0,260.20386734434436,252.9114404974975,7.292426846846865,1.0276180066666667,0.66326377,-0.5446506021234072,-0.2261058680101301,-0.5446506021234072,-0.2261058680101301,Lopingian
Arctops,-0.152345603,0,0,1,0,260.95415796796794,253.39476880280282,7.559389165165129,0.7470340877777778,0.6030589211111113,-0.42399463037817453,-0.263566842326783,-0.42399463037817453,-0.263566842326783,Lopingian
Aulacephalodon,0.064364473,0,0,1,0,259.9974212052052,252.5660752142142,7.431345990991019,0.7588392355555557,0.5365838555555555,-0.5274013517164857,-0.3363390419630069,-0.5274013517164857,-0.3363390419630069,Lopingian
Aulacocephalus,-0.297424559,0,0,1,0,256.9364536816817,256.7511092802803,0.18534440140143715,1.2256879722222223,1.2459853655555555,-0.0166731716554773,-0.8592163467668951,-0.10130067184962271,-0.7268594481855569,Lopingian
Australobarbarus,-0.297424559,1,0,0,0,263.6360064334334,260.81943057257257,2.816575860860837,1.7457283211111112,1.8595242677777777,-0.5753778902196263,1.4744569071719458,-0.5753778902196263,1.4744569071719458,Capitanian
Australosyodon,-0.297424559,0,0,1,0,265.380366990991,265.00090747647647,0.3794595145145081,1.8338849866666667,0.5531725200000001,-1.2755595913869848,-0.2291298336273129,-1.3601377130967311,-0.017365441978603235,Roadian-Wordian
Avenantia,-0.297424559,0,0,1,0,261.3743418128128,260.76294644244246,0.6113953703703601,0.6279495211111111,1.1198330466666666,0.1280704915530584,2.493327156929834,0.1280704915530584,2.493327156929834,Capitanian
Basilodon,-0.152345603,0,0,1,0,261.28181133733733,252.3177517117117,8.964059625625623,0.7193864233333332,0.7308818888888888,-0.4699038139371333,0.07605335698319925,-0.4699038139371333,0.07605335698319925,Lopingian
Bauria,-0.17428318,0,0,1,0,247.46287118518518,242.23114812512512,5.231723060060062,1.2898067244444442,0.21092562666666667,1.4069184262684549,-0.20477052745534063,1.4069184262684549,-0.20477052745534063,Anisian
Beishanodon,-0.297424559,1,0,0,0,248.37622943643643,248.29680296996997,0.07942646646645812,5.913653622222222,3.5527946533333337,1.8358801052800704,-1.0491518362093228,1.8605698660032683,-0.9216765943991457,Early Triassic
Biarmosuchoides,-0.297424559,1,0,0,0,265.94359526126124,265.5658596686687,0.3777355925925576,0.6837428655555555,1.1305581088888887,-1.7192196259628885,0.8816940463736233,-1.6104020045887224,0.6092394573483323,Roadian-Wordian
Biarmosuchus,-0.180409488,1,0,0,0,273.3830637297297,263.74242293393394,9.640640795795775,0.5648552366666667,0.5046851722222222,-0.9060089026389619,-0.06997622115030826,-0.9060089026389619,-0.06997622115030826,Roadian-Wordian
Biseridens,-0.297424559,1,0,0,0,272.2094358788789,267.8063232792793,4.403112599599581,0.6425693744444445,0.5878824533333333,-0.7666782120370131,0.15945984290518728,-0.7666782120370131,0.15945984290518728,Roadian-Wordian
Blattoidealestes,-0.297424559,0,0,1,0,259.779133980981,259.1731314534535,0.6060025275274938,0.6839900933333334,0.6488532277777778,-0.004761794280045,0.2513649940623379,-0.3193110466171384,0.39142483960336305,Lopingian
Bolotridon,-0.297424559,0,0,1,0,244.46893515815816,244.25180805505505,0.21712710310310968,1.3969574722222222,0.9947905844444443,1.9554463929321844,1.3144315938900808,1.5443796018904326,0.5536977516067527,Anisian
Bonacynodon,-0.270175714,0,0,1,0,241.53327003203202,231.9611591011011,9.572110930930933,0.7861177566666667,0.3486327622222223,0.8699505017541661,-0.14625136205022737,0.8699505017541661,-0.14625136205022737,Mixed
Brachyprosopus,-0.140777318,0,0,1,0,265.13582865265266,259.83444822622624,5.3013804264264195,1.0736119533333333,0.12027376222222222,-0.7844061907997574,0.6752058349431672,-0.7844061907997574,0.6752058349431672,Capitanian
Bulbasaurus,-0.297424559,0,0,1,0,259.1942820810811,254.72264995395398,4.471632127127123,1.463969622222222,1.7199630888888888,-0.295352407770827,-0.3303720853092881,-0.295352407770827,-0.3303720853092881,Lopingian
Bullacephalus,-0.297424559,0,0,1,0,264.1353524044044,263.46492133833834,0.670431066066044,1.34106685,0.5220454622222223,-1.0393485277808223,-0.6885322278895283,-1.0393485277808223,-0.6885322278895283,Capitanian
Burnetia,-0.297424559,0,0,1,0,257.4717027437437,257.28506693093095,0.1866358128127672,1.1718639433333333,0.8952718244444444,-0.0166731716554773,-0.8592163467668951,0.04354166351367718,-0.8691974282424404,Lopingian
Candelariodon,-0.297424559,0,0,1,0,240.40979095295296,240.20124493493495,0.2085460180180121,0.8701015555555556,0.6359925144444445,1.5281094831347244,0.4380448974548507,1.755699342094076,0.9035699017953973,Ladinian
Caodeyao,-0.297424559,1,0,0,0,256.0841029219219,255.94839923523523,0.13570368668666788,2.280115601111111,2.864683162222222,-0.5583983187478894,-0.0119614923970951,-0.5583983187478894,-0.0119614923970951,Lopingian
Cerdorhinus,-0.297424559,0,0,1,0,256.28138196396395,256.09174936236235,0.1896326016016019,0.8301150377777777,1.0065342255555556,-0.5583983187478894,-0.0119614923970951,-0.457331007428438,-0.1700301561707957,Lopingian
Cerdosuchus,-0.297424559,0,0,1,0,255.3962121051051,255.2319862842843,0.1642258208208034,1.3750942433333335,1.5868335900000001,-1.039392073271287,-0.1464531124841439,-0.8883123223223186,-0.10420940292161941,Lopingian
Charassognathus,-0.297424559,0,0,1,0,256.7075047997998,256.5208088238238,0.1866959759759652,1.0018905333333332,0.9603338577777778,-0.0166731716554773,-0.8592163467668951,-0.22569412953135276,-0.5323088325488948,Lopingian
Chiniquodon,-0.001945952,0,0,1,0,243.80183515915917,228.84713734734737,14.954697811811798,0.21017240888888888,0.21155906444444447,0.9693636785855885,-0.06123587955338018,0.9693636785855885,-0.06123587955338018,Mixed
Choerosaurus,-0.297424559,0,0,1,0,255.88394906706708,255.68608988588588,0.19785918118120094,0.7723282300000001,1.2268098455555554,-0.5583983187478894,-0.0119614923970951,-0.6618026079068806,-0.040874571292937395,Lopingian
Chthomaloporus,-0.297424559,1,0,0,0,265.9451942282283,265.563180986987,0.3820132412412818,0.6693688566666667,1.0700344411111111,-1.7192196259628885,0.8816940463736233,-1.610162491454893,0.6086397709039906,Roadian-Wordian
Chthonosaurus,-0.297424559,1,0,0,0,262.6165173083083,258.80807353753755,3.8084437707707366,1.3715859588888886,2.965359822222222,-0.5217590343653081,1.2037687604606797,-0.5217590343653081,1.2037687604606797,Capitanian
Cistecephaloides,-0.297424559,0,0,1,0,256.86244658658654,256.68647195695695,0.17597462962959298,0.97407786,1.1778136355555555,-0.0166731716554773,-0.8592163467668951,-0.1388542558302422,-0.6681258699174317,Lopingian
Cistecephalus,0.668769528,0,0,1,0,259.66980831631633,254.1058801821822,5.56392813413413,1.1749064166666665,0.23368128777777777,-0.295352407770827,-0.3303720853092881,-0.295352407770827,-0.3303720853092881,Lopingian
Cistecynodon,-0.297424559,0,0,1,0,244.53576270970973,244.31723707207206,0.21852563763766852,1.1115145444444443,1.020494316666667,1.9554463929321844,1.3144315938900808,1.4689487379724562,0.4141028921201719,Anisian
Clelandina,-0.152345603,0,0,1,0,261.08314652552554,253.30251776176175,7.7806287637637865,0.7097101133333333,0.61456841,-0.3549864901367704,0.08104490758029412,-0.3549864901367704,0.08104490758029412,Lopingian
Colobodectes,-0.028702758,0,0,1,0,263.826222008008,252.14655043243243,11.679671575575583,1.1124224222222223,0.6327983955555555,-0.5530307716041942,0.2376839797667997,-0.5530307716041942,0.2376839797667997,Mixed
Compsodon,0.668769528,0,0,1,0,260.8027799079079,252.7370335075075,8.0657464004004,1.0875694388888888,0.8150018255555557,-0.5446506021234072,-0.2261058680101301,-0.5446506021234072,-0.2261058680101301,Lopingian
Cotylorhynchus,-0.194988016,0,1,0,0,281.17014119819817,265.26362696997,15.906514228228161,0.39200255666666667,0.8801838966666666,-0.8557325738455497,-0.042173351464277115,-0.8557325738455497,-0.042173351464277115,Mixed
Counillonia,-0.297424559,0,1,0,0,249.33659699799802,249.24407118818817,0.09252580980984249,4.364739684444444,3.3997178555555556,1.9092488182519396,-0.6703432065006151,1.980213597315298,-0.7724985524177315,Early Triassic
Cricodon,0.7568089,0,0,1,0,246.57539324424425,242.08024702702704,4.495146217217211,0.8124693211111111,0.3554687455555556,1.4598477676394097,-0.3077569307883378,1.4598477676394097,-0.3077569307883378,Anisian
Criocephalosaurus,-0.297424559,0,0,1,0,263.26180041441444,259.9789941401401,3.2828062742743214,1.151429368888889,1.4387745677777775,-0.5978822564076842,1.2422242677939612,-0.5978822564076842,1.2422242677939612,Capitanian
Cromptodon,-0.297424559,0,0,1,0,245.38752486786785,245.19542256356357,0.1921023043042851,1.7509242444444444,1.0699308266666667,0.8147716463490362,-0.7965389385741263,0.8694052649647767,-0.7929559667838767,Anisian
Cryptocynodon,-0.080714483,0,0,1,0,261.1242263723724,254.08577540240242,7.038450969969972,0.6802064788888889,0.3037967322222222,-0.28772670032470493,0.1981418685776287,-0.28772670032470493,0.1981418685776287,Lopingian
Cynariognathus,-0.297424559,0,0,1,0,263.3244322252252,259.9060648628629,3.4183673623623463,1.1925151833333332,1.5150939433333335,-0.5978822564076842,1.2422242677939612,-0.5978822564076842,1.2422242677939612,Capitanian
Cyniscops,-0.297424559,0,0,1,0,256.92336494794796,256.72488347247247,0.19848147547548933,1.1225298811111113,0.9851619922222221,-0.0166731716554773,-0.8592163467668951,-0.1119495097493274,-0.7102047301014012,Lopingian
Cynognathus,1.437747253,0,0,1,1,246.80188354154154,230.37261136936937,16.429272172172176,1.3463525122222222,0.40770652333333335,1.0561526402363457,-0.14320962110314867,1.0561526402363457,-0.14320962110314867,Mixed
Cynosaurus,-0.152345603,0,0,1,0,261.3242397897898,252.4347364074074,8.889503382382372,0.7728075666666666,0.7864720155555556,-0.4699038139371333,0.07605335698319925,-0.4699038139371333,0.07605335698319925,Lopingian
Cyonosaurus,-0.129234168,0,0,1,0,260.262788013013,251.9577625095095,8.305025503503487,0.6167520144444445,0.8928868333333334,-0.4052604976330985,0.18089490865198496,-0.4052604976330985,0.18089490865198496,Lopingian
Dalongkoua,-0.297424559,1,0,0,0,253.02333872372373,252.89243160260258,0.13090712112114034,2.776486697777778,3.1601686366666666,-1.3892424043400364,0.0361209522064403,-1.3892424043400364,0.0361209522064403,Lopingian
Daptocephalus,0.690269107,0,0,1,0,263.28008787787786,251.95883259459458,11.321255283283278,1.2172434533333334,1.0260548622222223,-0.44778984577973047,0.5042854082819752,-0.44778984577973047,0.5042854082819752,Mixed
Daqingshanodon,-0.297424559,1,0,0,0,255.56699545245246,255.45642616216216,0.11056929029030016,2.768765567777778,3.5946148433333334,-0.5583983187478894,-0.0119614923970951,-0.7932623708343451,-0.07763229699333214,Lopingian
Davletkulia,-0.297424559,1,0,0,0,270.6779717317317,269.87869404804803,0.7992776836836697,0.4064312488888889,0.36917517666666666,-0.9060769744494858,-0.5259052419027206,-0.9060769744494858,-0.5259052419027206,Roadian-Wordian
Delectosaurus,-0.110059055,1,0,0,0,260.46889954154153,257.0175778908909,3.451321650650641,0.26931562111111107,1.1515631644444446,-0.17589794338377981,-0.029567708412766274,-0.17589794338377981,-0.029567708412766274,Lopingian
Delphinognathus,-0.297424559,0,0,1,0,261.95629125325326,261.17051809309305,0.785773160160204,0.4826361455555555,0.7779150266666667,-1.5449494797623875,1.5248565411905397,-0.8145167785981258,1.947686286191407,Capitanian
Deuterosaurus,-0.174175094,1,0,0,0,266.8938315035035,259.74131587287286,7.15251563063066,0.2556092833333333,1.1786382666666668,-0.917950967251633,0.7047041508618038,-0.917950967251633,0.7047041508618038,Mixed
Diademodon,1.437747253,0,0,1,1,246.811847019019,230.9550941011011,15.856752917917902,1.3336191633333334,0.40202229,1.0561526402363457,-0.14320962110314867,1.0561526402363457,-0.14320962110314867,Mixed
Dicynodon,6.526876649,1,0,1,0,264.742306986987,239.19091427327328,25.55139271371371,1.36940318,0.3255868444444444,0.5291961496020039,0.2919548690983846,0.5291961496020039,0.2919548690983846,Mixed
Dicynodontipus,-0.297424559,0,0,1,0,251.60820321321322,251.4852591041041,0.12294410910911324,2.6947904799999995,2.2515992911111113,0.709860338289371,3.4369011219489054,1.3255230854740996,2.693272057455196,Early Triassic
Dicynodontoides,1.017341343,0,0,1,0,260.75092824324327,247.54133897397395,13.209589269269316,1.1231875,0.26181763222222226,0.3322762282773762,0.05251315118405165,0.3322762282773762,0.05251315118405165,Mixed
Digalodon,-0.152345603,0,0,1,0,261.0798045725726,252.81187661161164,8.267927960960947,0.7138409611111111,0.7692567155555555,-0.4699038139371333,0.07605335698319925,-0.4699038139371333,0.07605335698319925,Lopingian
Diictodon,7.378515237,1,0,1,0,264.29173133133133,252.3339758968969,11.957755434434432,1.2259370822222222,0.1981556322222222,-0.5935572512855799,0.16049929579543906,-0.5935572512855799,0.16049929579543906,Mixed
Diictodontoides,-0.297424559,0,0,1,0,256.50790216616616,256.31292307907904,0.19497908708711975,0.8531542466666666,1.18221209,-0.5583983187478894,-0.0119614923970951,-0.3360674803890626,-0.35968557920875904,Lopingian
Dinanomodon,-0.149684313,0,0,1,0,261.5676138688689,248.5937647967968,12.973849072072085,0.7593830566666666,0.6387089233333333,0.2009062579906829,0.32501153527167914,0.2009062579906829,0.32501153527167914,Mixed
Dinodontosaurus,-0.238528042,0,0,1,0,242.04764008608606,236.4971099029029,5.550530183183156,0.4276694611111111,0.32600168222222226,1.0560464959370934,0.4500957734944218,1.0560464959370934,0.4500957734944218,Ladinian
Dinogorgon,0.668769528,0,0,1,0,260.3177391931932,252.30182363463462,8.01591555855856,1.1050629511111112,0.8692409122222221,-0.5446506021234072,-0.2261058680101301,-0.5446506021234072,-0.2261058680101301,Lopingian
Dinosaurus,-0.297424559,1,0,0,0,265.9024974504504,264.8081975115115,1.0942999389389456,0.69605234,1.1528036844444445,-1.2755595913869848,-0.2291298336273129,-1.2755595913869848,-0.2291298336273129,Roadian-Wordian
Dolichuranus,-0.250888744,0,0,1,0,246.52269506406407,242.46134495195196,4.061350112112109,2.0265826566666667,0.463408548888889,1.4598477676394097,-0.3077569307883378,1.4598477676394097,-0.3077569307883378,Anisian
Dolomitipes,-0.12624925,0,0,1,0,252.1324576886887,248.85263864764767,3.279819041041037,0.23560069222222224,0.5255320433333334,1.7102289198282696,0.8851674364207588,1.7102289198282696,0.8851674364207588,Early Triassic
Dvinia,-0.297424559,1,0,0,0,261.38551065465464,258.6500964664665,2.7354141881881446,1.1198444055555556,2.5426080033333336,-0.18069555256628156,1.096739500217393,-0.18069555256628156,1.096739500217393,Capitanian
Elephantosaurus,-0.297424559,1,0,0,0,238.41569469269268,238.27881156556558,0.13688312712710626,1.9275975355555557,2.0301508922222222,0.5197623641799644,-0.7136896918828842,0.5978425402704417,-0.28408964978992335,Ladinian
Elliotsmithia,-0.297424559,0,0,1,0,262.5873201961962,261.8179092222222,0.7694109739739474,0.7787878733333333,0.7697882522222221,-1.5449494797623875,1.5248565411905397,-1.5449494797623875,1.5248565411905397,Capitanian
Elph,-0.297424559,1,0,0,0,263.0552008068068,259.1424018868869,3.912798919919908,1.8479531333333334,2.1916920533333335,-0.5978822564076842,1.2422242677939612,-0.5978822564076842,1.2422242677939612,Capitanian
Emydochampsa,-0.297424559,0,0,1,0,257.36706194994997,257.1613133903904,0.20574855955959492,1.002280348888889,0.8965783488888888,-0.0166731716554773,-0.8592163467668951,0.02536872707641394,-0.866185121412725,Lopingian
Emydops,0.668769528,0,0,1,0,264.3078508008008,253.40844144144143,10.899409359359367,1.7049755322222222,0.4274126566666666,-0.5212222373715384,0.1718064179398935,-0.5212222373715384,0.1718064179398935,Mixed
Emydorhinus,-0.297424559,0,0,1,0,257.9425551151151,255.56441555555557,2.3781395595595427,1.2540172955555555,1.4102788133333333,-0.28753574520168335,-0.4355889195819951,-0.28753574520168335,-0.4355889195819951,Lopingian
Emydorhynchus,-0.297424559,0,0,1,0,257.4699063243243,257.26076807407406,0.20913825025024835,0.9687558199999999,0.8778654100000001,-0.0166731716554773,-0.8592163467668951,0.0414653081677223,-0.8688532560492933,Lopingian
Emyduranus,-0.297424559,0,0,1,0,257.7568253823824,255.5478984094094,2.208926972972961,1.0375568344444444,1.2661864111111112,-0.28753574520168335,-0.4355889195819951,-0.28753574520168335,-0.4355889195819951,Lopingian
Endothiodon,2.436003129,0,1,1,0,264.2354812862863,252.90278834234235,11.332692943943954,1.000621131111111,0.5095072044444444,-0.5935572512855799,0.16049929579543906,-0.5935572512855799,0.16049929579543906,Mixed
Ennatosaurus,2.009158217,1,1,0,0,274.6064828108108,262.64593077677677,11.960552034034038,0.12564994222222223,0.4059235544444444,-0.8296792412046008,-0.06391122973846029,-0.8296792412046008,-0.06391122973846029,Roadian-Wordian
Eodicynodon,-0.297424559,0,0,1,0,266.8418721711712,264.4026442192192,2.4392279519519775,1.549043431111111,0.5605738677777777,-1.4973896086749368,0.3262821063731552,-1.4973896086749368,0.3262821063731552,Roadian-Wordian
Eosimops,-0.251476302,0,0,1,0,264.163068003003,254.85836115815817,9.304706844844816,1.5562287633333334,0.9131475422222222,-0.4907639592265694,0.2628504416739877,-0.4907639592265694,0.2628504416739877,Mixed
Ericiolacerta,0.927958444,0,0,1,1,251.496150027027,246.53140900300298,4.964741024024022,1.0158778077777777,0.4820859222222222,1.8324273014176824,-0.1476416253197089,1.8324273014176824,-0.1476416253197089,Early Triassic
Eriphostoma,-0.177974424,0,0,1,0,264.57539842742744,254.4514487177177,10.123949709709734,1.5999468288888887,0.45601089222222224,-0.4907639592265694,0.2628504416739877,-0.4907639592265694,0.2628504416739877,Mixed
Estemmenosuchus,-0.12305256,1,0,0,0,270.1715772752753,263.94208521521523,6.229492060060068,0.23153673333333336,0.25213245666666667,-0.9618718707980376,0.11392058708367014,-0.9618718707980376,0.11392058708367014,Roadian-Wordian
Etjoia,-0.297424559,0,0,1,0,244.69034155155157,244.4948928808809,0.19544867067065752,1.3908033933333335,1.0627723811111112,0.8147716463490362,-0.7965389385741263,1.279462900003914,0.06343411342662808,Anisian
Euchambersia,-0.297424559,0,0,1,0,257.0839217167167,256.902232974975,0.18168874174170924,0.90681592,1.0934435688888888,-0.0166731716554773,-0.8592163467668951,-0.0166731716554773,-0.8592163467668951,Lopingian
Euptychognathus,-0.297424559,0,0,1,0,256.4851437847848,256.29716424524526,0.18797953953952629,0.7795645111111111,1.119750628888889,-0.5583983187478894,-0.0119614923970951,-0.3465003524281061,-0.3433686304247833,Lopingian
Exaeretodon,3.719649219,0,1,1,0,244.73374205105105,207.1035319049049,37.63021014614614,0.32178109,0.08750065555555556,0.6744686292827445,-0.0549815054393965,0.6744686292827445,-0.0549815054393965,Mixed
Galechirus,-0.297424559,0,0,1,0,263.7719022512513,261.18238719819817,2.5895150530531055,1.5420621122222222,0.7695785988888888,-0.9271020811059686,0.965021782293002,-0.9271020811059686,0.965021782293002,Capitanian
Galeops,-0.177974424,0,0,1,0,263.3626979199199,255.13914223223225,8.223555687687679,0.9893353766666668,0.4752467544444445,-0.35361237390169814,0.4329362196391936,-0.35361237390169814,0.4329362196391936,Mixed
Galepus,-0.297424559,0,0,1,0,262.4800226236236,261.75184575875875,0.7281768648648494,0.7878880555555555,0.7385968033333334,-1.5449494797623875,1.5248565411905397,-1.5449494797623875,1.5248565411905397,Capitanian
Galesaurus,-0.16710618,0,0,1,0,251.99987312812812,247.05612322522524,4.94374990290288,0.4321150622222222,0.7726878311111112,1.9917338615759443,-0.2363458031187982,1.9917338615759443,-0.2363458031187982,Early Triassic
Geikia,4.447499172,1,0,1,0,262.4317382712713,251.91026873173175,10.521469539539538,0.9918469333333333,0.6139322588888889,-0.4603839515370197,0.513294352362567,-0.4603839515370197,0.513294352362567,Mixed
Glanosuchus,-0.140777318,0,0,1,0,266.6625203943944,259.85730728828827,6.805213106106123,1.2166739077777777,0.10942641777777778,-0.917950967251633,0.7047041508618038,-0.917950967251633,0.7047041508618038,Mixed
Gordonia,-0.297424559,1,0,0,0,254.05669294794797,252.19730177677678,1.8593911711711826,3.162557841111111,3.5362644788888886,-1.1075237115806325,-0.35125643359730396,-1.1075237115806325,-0.35125643359730396,Lopingian
Gorgonops,0.668769528,0,0,1,0,264.1066323273273,253.7015822832833,10.405050044044003,1.4064370711111112,0.3521562455555555,-0.5212222373715384,0.1718064179398935,-0.5212222373715384,0.1718064179398935,Mixed
Gorochovetzia,-0.297424559,1,0,0,0,260.6277954134134,260.3456094024024,0.28218601101104923,1.4968198377777775,1.7561168955555553,-0.6653953549718581,0.5455263496600072,-0.279213616875502,1.493525692683181,Capitanian
Gorynychus,-0.101648499,1,0,0,0,264.89719788488486,259.97720472872874,4.919993156156124,0.3003536477777778,0.7472347455555555,-0.6861755106823118,0.8560729686572633,-0.6861755106823118,0.8560729686572633,Capitanian
Hazhenia,-0.297424559,1,0,0,0,246.05591811211212,245.88341627827828,0.17250183383384865,3.2756633388888883,2.1832476611111113,1.0022109098915075,-0.7842463317383722,1.0022109098915075,-0.7842463317383722,Anisian
Heleosaurus,-0.297424559,0,0,1,0,262.3451739239239,261.69228244944946,0.6528914744744156,0.7560549777777777,0.7758726777777777,-1.5449494797623875,1.5248565411905397,-1.5449494797623875,1.5248565411905397,Capitanian
Herpetoskylax,-0.297424559,0,0,1,0,258.274127002002,255.93907109909912,2.335055902902866,1.3025160588888889,1.109179898888889,-0.14420272376760102,-0.5855907693748781,-0.14420272376760102,-0.5855907693748781,Lopingian
Hipposaurus,-0.297424559,0,0,1,0,263.4510104844845,259.92932947947946,3.521681005005064,1.6467173555555554,1.4696337499999998,-0.5978822564076842,1.2422242677939612,-0.5978822564076842,1.2422242677939612,Capitanian
Hofmeyria,-0.152345603,0,0,1,0,261.05355592792796,254.12087194994996,6.932683977978002,0.7209219088888889,0.43543292111111104,-0.28772670032470493,0.1981418685776287,-0.28772670032470493,0.1981418685776287,Lopingian
Homodontosaurus,-0.152345603,0,0,1,0,261.13995693993996,252.78379648948948,8.356160450450488,0.6906950966666666,0.6682171177777777,-0.4699038139371333,0.07605335698319925,-0.4699038139371333,0.07605335698319925,Lopingian
Hwanghocynodon,-0.297424559,1,0,0,0,256.5900301031031,256.47787103003003,0.11215907307308726,2.5378878599999997,3.3127604300000004,-0.0166731716554773,-0.8592163467668951,-0.2691438695345507,-0.46435370191410585,Lopingian
Hyaenasuchus,-0.297424559,0,0,1,0,262.31067808208206,261.53619098398394,0.7744870980981204,0.8515317188888889,0.8659915688888888,-1.5449494797623875,1.5248565411905397,-1.5449494797623875,1.5248565411905397,Capitanian
Ichibengops,-0.297424559,0,0,1,0,258.14574115615613,255.21734873473474,2.9283924214213926,1.4574022144444447,1.3140860566666668,-0.14420272376760102,-0.5855907693748781,-0.14420272376760102,-0.5855907693748781,Lopingian
Icticephalus,-0.297424559,0,0,1,0,257.1821988238238,256.9709666056056,0.2112322182181856,0.9522947855555557,0.9318754088888889,-0.0166731716554773,-0.8592163467668951,-0.0166731716554773,-0.8592163467668951,Lopingian
Ictidochampsa,-0.297424559,0,0,1,0,257.063631021021,256.8628821171171,0.2007489039039001,0.7890607822222223,0.7985590266666667,-0.0166731716554773,-0.8592163467668951,-0.0166731716554773,-0.8592163467668951,Lopingian
Ictidognathus,-0.177974424,0,0,1,0,261.50518492892894,254.50156131731734,7.0036236116116015,0.82700026,0.4923198822222222,-0.28772670032470493,0.1981418685776287,-0.28772670032470493,0.1981418685776287,Mixed
Ictidorhinus,-0.297424559,0,0,1,0,254.77996313313315,254.61136383083084,0.16859930230231157,1.0875980766666669,1.7783540633333335,-1.039392073271287,-0.1464531124841439,-0.9743897328262341,-0.3266753268646751,Lopingian
Ictidosaurus,-0.140777318,0,0,1,0,266.15028114614614,260.5877651071071,5.562516039039053,1.2598137844444444,0.09970477777777777,-0.9600435692982622,0.7312337843954366,-0.9600435692982622,0.7312337843954366,Capitanian
Ictidosuchops,-0.152345603,0,0,1,0,259.9008398948949,252.25792458558558,7.642915309309302,0.6074244033333334,0.9287353388888889,-0.5274013517164857,-0.3363390419630069,-0.5274013517164857,-0.3363390419630069,Lopingian
Ictidosuchus,-0.297424559,0,0,1,0,256.9255184994995,256.7410352932933,0.18448320620620962,0.8732803344444445,1.0752980633333333,-0.0166731716554773,-0.8592163467668951,-0.10699126947884174,-0.7179593879031447,Lopingian
Idelesaurus,-0.297424559,1,0,0,0,262.197322018018,261.5668628118118,0.6304592062061829,0.8693112622222222,0.9477085733333334,-1.5449494797623875,1.5248565411905397,-1.5449494797623875,1.5248565411905397,Capitanian
Impidens,-0.297424559,0,0,1,0,244.35314515815816,244.16187463363363,0.1912705245245263,1.2293934555555555,1.0387177622222223,1.9554463929321844,1.3144315938900808,1.6617113576884672,0.7708357918358946,Anisian
Inostrancevia,5.678012463,1,0,1,0,264.4129126126126,255.59632061161162,8.816592001000998,1.5991698177777776,0.10168611444444445,-0.42980527988826744,0.3083286143582245,-0.42980527988826744,0.3083286143582245,Mixed
Interpresosaurus,-0.297424559,1,0,0,0,258.558901944945,258.41132492592595,0.14757701901902465,1.8318175266666668,2.7130035855555557,0.1424633191005636,-0.885594468960644,0.0710424385661248,-0.33404015790273534,Lopingian
Isengops,-0.297424559,0,0,1,0,256.47460995795797,256.2842253693694,0.19038458858858576,0.8482169077777778,1.1345062333333333,-0.5583983187478894,-0.0119614923970951,-0.3528582290902265,-0.3334249497697905,Lopingian
Jachaleria,-0.022131539,0,0,1,0,242.71705968468467,206.51335785985987,36.203701824824805,0.2978676666666667,0.22603813888888888,0.5671218177135496,-0.10527709603045678,0.5671218177135496,-0.10527709603045678,Mixed
Jimusaria,1.026928271,1,0,0,0,258.1187836256256,251.9300857987988,6.188697826826797,0.27132580333333334,1.254274051111111,-0.4253124756351405,0.11873754773507418,-0.4253124756351405,0.11873754773507418,Lopingian
Jiufengia,-0.297424559,1,0,0,0,255.7269365845846,255.6082053083083,0.11873127627629287,2.508809512222222,3.175911054444444,-0.5583983187478894,-0.0119614923970951,-0.718294617329266,-0.05667041437351496,Lopingian
Jonkeria,-0.14066232,0,0,1,0,264.5327591451452,255.76948215315315,8.76327699199203,1.5276975522222223,0.17918879666666668,-0.42980527988826744,0.3083286143582245,-0.42980527988826744,0.3083286143582245,Mixed
Julognathus,-0.297424559,1,0,0,0,262.12237898598596,261.4930862752753,0.629292710710672,0.9711792311111112,0.8403673166666666,-1.5449494797623875,1.5248565411905397,-1.5449494797623875,1.5248565411905397,Capitanian
Kamagorgon,-0.266263272,1,0,0,0,274.2864633723724,267.8835165395395,6.402946832832868,0.9669883955555555,0.38823164555555556,-0.691259352526972,-0.07346106929618491,-0.691259352526972,-0.07346106929618491,Roadian-Wordian
Kannemeyeria,0.7568089,0,0,1,0,249.09697865265264,238.6620527957958,10.434925856856836,0.18689886111111112,0.31638956888888886,1.4695942864848284,0.1532105031892335,1.4695942864848284,0.1532105031892335,Mixed
Karenites,-0.297424559,1,0,0,0,262.861711041041,260.36983006806804,2.4918809729729787,1.3471088800000002,1.4210093266666668,-0.7084394941046646,2.009091849060187,-0.7084394941046646,2.009091849060187,Capitanian
Katumbia,-0.297424559,0,0,1,0,258.66186143043046,255.103041021021,3.5588204094094635,1.44588252,1.5444828577777778,-0.14420272376760102,-0.5855907693748781,-0.14420272376760102,-0.5855907693748781,Lopingian
Kawingasaurus,-0.297424559,0,0,1,0,259.01110733033033,254.7037009169169,4.307406413413446,1.6394113344444445,1.5939639733333333,-0.295352407770827,-0.3303720853092881,-0.295352407770827,-0.3303720853092881,Lopingian
Kembawacela,-0.297424559,0,0,1,0,259.1987493953954,254.3288672922923,4.8698821031030946,1.6942581566666666,1.511662838888889,-0.295352407770827,-0.3303720853092881,-0.295352407770827,-0.3303720853092881,Lopingian
Keratocephalus,-0.297424559,0,0,1,0,263.87167597997995,260.14047344344345,3.7312025365365002,1.555909707777778,1.3042100622222221,-0.5753778902196263,1.4744569071719458,-0.5753778902196263,1.4744569071719458,Capitanian
Keyseria,-0.297424559,0,0,1,0,255.00958884084082,254.82314333733734,0.186445503503478,1.141176698888889,1.709093091111111,-1.039392073271287,-0.1464531124841439,-1.039392073271287,-0.1464531124841439,Lopingian
Kitchinganomodon,0.668769528,0,0,1,0,260.9933978028028,253.12507440940942,7.868323393393382,1.1001811766666667,0.592327448888889,-0.42399463037817453,-0.263566842326783,-0.42399463037817453,-0.263566842326783,Lopingian
Kombuisia,0.598015659,0,0,1,1,251.4427111771772,241.59166609409408,9.851045083083108,1.0243202022222224,0.3891169388888889,1.5841580217022853,-0.04638346758464584,1.5841580217022853,-0.04638346758464584,Mixed
Kotelcephalon,-0.297424559,1,0,0,0,261.32366238838836,260.92726047447445,0.39640191391390545,1.0312719022222223,1.6316649922222224,0.1280704915530584,2.493327156929834,0.1280704915530584,2.493327156929834,Capitanian
Kunpania,-0.297424559,1,0,0,0,255.88582286586586,255.77409616416418,0.1117267017016843,2.728133197777778,3.5617367099999995,-0.5583983187478894,-0.0119614923970951,-0.6401867300417945,-0.034830512703112604,Lopingian
Kwazulusaurus,-0.297424559,0,0,1,0,255.70687639939942,255.52999943443444,0.1768769649649755,1.2931933144444443,1.4645629511111111,-0.5583983187478894,-0.0119614923970951,-0.7419272976737761,-0.06327839511472413,Lopingian
Lalieudorhynchus,-0.297424559,0,1,0,0,263.0045940520521,262.6196438318318,0.3849502202202757,1.328143248888889,1.6276688055555555,-0.3092546824495496,0.4051870233954642,-0.3092546824495496,0.4051870233954642,Capitanian
Langbergia,-0.05492919,0,0,1,0,249.78293227127125,246.69811790590592,3.0848143653653324,0.11201476,0.6428575377777778,1.6467766614388815,-0.5041066522777632,1.6467766614388815,-0.5041066522777632,Early Triassic
Lanthanostegus,-0.297424559,0,0,1,0,263.513558996997,260.82646385385385,2.6870951431431536,1.4100989277777778,1.1112601877777777,-0.5753778902196263,1.4744569071719458,-0.5753778902196263,1.4744569071719458,Capitanian
Lemurosaurus,-0.297424559,0,0,1,0,258.0938358718719,255.29325033933935,2.800585532532523,1.2261332455555556,1.457728421111111,-0.14420272376760102,-0.5855907693748781,-0.14420272376760102,-0.5855907693748781,Lopingian
Lende,-0.297424559,0,0,1,0,257.57271706106104,257.39491784984983,0.17779921121120879,1.440827397777778,1.2708668333333333,-0.0166731716554773,-0.8592163467668951,0.06031984037221808,-0.8719785427263673,Lopingian
Leogorgon,-0.264824227,1,0,0,0,262.3739132872873,258.0281946646647,4.345718622622599,0.8736265833333333,2.28481351,-0.5217590343653081,1.2037687604606797,-0.5217590343653081,1.2037687604606797,Capitanian
Leontosaurus,-0.297424559,0,0,1,0,259.3287555145145,252.95569030730732,6.3730652072071905,1.8112974611111112,2.0665222077777776,-0.5274013517164857,-0.3363390419630069,-0.5274013517164857,-0.3363390419630069,Lopingian
Leucocephalus,-0.297424559,0,0,1,0,256.3816392522522,256.1946681231231,0.18697112912911962,0.9403895922222223,1.2513635877777778,-0.5583983187478894,-0.0119614923970951,-0.4022982199000665,-0.2561011030950311,Lopingian
Lobalopex,-0.297424559,0,0,1,0,256.8123863003003,256.60520030930934,0.207185990990979,1.0443785633333333,1.214076461111111,-0.0166731716554773,-0.8592163467668951,-0.1744271614443768,-0.6124900606377993,Lopingian
Lophorhinus,-0.297424559,0,0,1,0,256.4326468338338,256.2500845075075,0.18256232632631963,1.0745334755555556,1.2398670066666666,-0.5583983187478894,-0.0119614923970951,-0.37347195059152904,-0.30118521398800974,Lopingian
Luangwa,-0.141271243,0,0,1,0,246.68042524924925,234.40738003803804,12.273045211211212,1.2271057744444445,0.22212818888888888,1.0663390812578406,-0.048900922783536915,1.0663390812578406,-0.048900922783536915,Mixed
Lumkuia,-0.297424559,0,0,1,0,244.8967757857858,244.71203010410412,0.18474568168167593,1.5266287733333335,1.0282127777777776,0.8147716463490362,-0.7965389385741263,1.0378842675563449,-0.38363931911617477,Anisian
Lycaenodon,-0.152345603,0,0,1,0,260.61011726026027,253.7996513843844,6.810465875875877,0.6358509777777777,0.4703329244444444,-0.42399463037817453,-0.263566842326783,-0.42399463037817453,-0.263566842326783,Lopingian
Lycaenops,0.668769528,0,0,1,0,259.952423977978,253.0786326846847,6.873791293293323,1.1157226666666666,0.6030327366666666,-0.38376117627922723,-0.39841570765791473,-0.38376117627922723,-0.39841570765791473,Lopingian
Lycedops,-0.297424559,0,0,1,0,262.5069525875876,261.92440749949947,0.5825450880881249,0.8972110266666666,0.6772248633333333,-1.5449494797623875,1.5248565411905397,-1.5449494797623875,1.5248565411905397,Capitanian
Lycideops,-0.297424559,0,0,1,0,254.572477033033,254.41189975975976,0.16057727327324756,1.2792752733333332,1.9476076955555552,-0.8258050188212285,-0.7386338194010482,-0.9309300886420304,-0.44716934688673854,Lopingian
Lycosaurus,-0.271795739,0,0,1,0,263.16370336136134,256.1241211851852,7.039582176176168,1.153235888888889,1.0699096144444444,-0.3243572389236708,0.4964930356443777,-0.3243572389236708,0.4964930356443777,Mixed
Lycosuchus,-0.297424559,0,0,1,0,261.3606943343343,260.6538650970971,0.7068292372372298,0.5686143533333333,1.1112993777777778,0.1280704915530584,2.493327156929834,0.1280704915530584,2.493327156929834,Capitanian
Lystrosaurus,8.424945178,1,0,1,1,262.73990699599597,246.659792011011,16.08011498498496,0.8799978566666666,0.21332788444444442,0.2561195650113247,0.3067518593368558,0.2561195650113247,0.3067518593368558,Mixed
Malasaurus,-0.297424559,1,0,0,0,258.6776677897898,258.5313957917918,0.14627199799798518,1.7918718655555554,2.541923427777778,-0.004761794280045,0.2513649940623379,0.0534610576592034,-0.19826632872279656,Lopingian
Mandagomphodon,-0.297424559,0,0,1,0,245.16399688188187,243.8218268318318,1.342170050050072,1.5515298877777777,0.9388520722222222,1.3851090196406104,0.25894632765797726,1.3851090196406104,0.25894632765797726,Anisian
Massetognathus,-0.238528042,0,0,1,0,242.06419073573574,230.8478762962963,11.21631443943943,0.45649621111111116,0.3164215366666667,0.921587597768658,-0.0883605178747523,0.921587597768658,-0.0883605178747523,Mixed
Megawhaitsia,-0.088928349,1,0,0,0,261.0785844654655,257.5098429239239,3.5687415415416126,0.24143373444444444,0.9593749333333335,-0.09990583464957027,0.6011560079228838,-0.09990583464957027,0.6011560079228838,Lopingian
Mesenosaurus,2.430953999,1,1,0,0,287.1823316826827,264.2038657697698,22.978465912912895,0.18592549777777775,0.3668770144444444,-0.8519453762492503,0.12011689834923625,-0.8519453762492503,0.12011689834923625,Mixed
Microgomphodon,0.710273085,0,0,1,0,249.4990551831832,236.8414817977978,12.657573385385405,0.16631236888888887,0.2542772422222222,1.3166153869612955,-0.0032902337707776653,1.3166153869612955,-0.0032902337707776653,Mixed
Microhelodon,-0.297424559,0,0,1,0,244.65575265065064,244.43514666666667,0.22060598398397246,1.3379220622222223,1.0123912044444445,0.8147716463490362,-0.7965389385741263,1.3332657417678755,0.1630034375190313,Anisian
Microsyodon,-0.297424559,1,0,0,0,273.83429638038035,268.9677398368368,4.866556543543538,1.085816671111111,0.5380020799999999,-0.6423534918597191,-0.2362089620642885,-0.6423534918597191,-0.2362089620642885,Roadian-Wordian
Microurania,-0.124658132,1,0,0,0,266.1670882822823,257.9295944894895,8.237493792792804,0.3250153766666667,1.1682034766666667,-0.6986616939934348,0.47763328679270234,-0.6986616939934348,0.47763328679270234,Capitanian
Microvaranops,-0.297424559,0,0,1,0,263.8942703033033,259.951034019019,3.9432362842842963,1.6757344033333335,1.6163593088888888,-0.5978822564076842,1.2422242677939612,-0.5978822564076842,1.2422242677939612,Capitanian
Microwhaitsia,-0.297424559,0,0,1,0,258.24137713213213,255.57827838338338,2.6630987487487516,1.2695724488888889,1.18525877,-0.14420272376760102,-0.5855907693748781,-0.14420272376760102,-0.5855907693748781,Lopingian
Mirotenthes,-0.297424559,0,0,1,0,258.03669320720724,255.39916514514516,2.6375280620620742,1.198380611111111,1.4459609200000003,-0.14420272376760102,-0.5855907693748781,-0.14420272376760102,-0.5855907693748781,Lopingian
Molybdopygus,-0.297424559,1,0,0,0,265.43000859259257,265.06159007907905,0.36841851351351806,0.8055097966666667,1.1151098933333332,-1.2755595913869848,-0.2291298336273129,-1.3846109332226482,0.04390993830750892,Roadian-Wordian
Mormosaurus,-0.297424559,0,0,1,0,262.2659002952953,261.44460668268266,0.8212936126126351,0.5187162122222223,0.8057412133333334,-1.5449494797623875,1.5248565411905397,-1.5449494797623875,1.5248565411905397,Capitanian
Moschops,-0.177974424,0,0,1,0,264.37898622322325,256.74321443443444,7.635771788788816,1.48106094,0.2025102788888889,-0.41373115003081473,0.34836487770263946,-0.41373115003081473,0.34836487770263946,Mixed
Moschorhinus,0.042990575,0,0,1,0,260.4957875235235,246.9136484804805,13.582139043043014,0.7670784311111111,0.5762639077777779,0.3939137163136089,0.06356043223352284,0.3939137163136089,0.06356043223352284,Mixed
Moschowhaitsia,-0.088928349,1,0,0,0,261.16821865365364,256.860293028028,4.307925625625614,0.2700043788888889,1.20134209,-0.08325930205075169,0.309081536984928,-0.08325930205075169,0.309081536984928,Lopingian
Muchia,-0.297424559,1,0,0,0,261.75834001001,261.313688009009,0.4446520010009749,1.2792079333333333,1.3127417622222222,-1.5449494797623875,1.5248565411905397,-0.7686916512611557,1.9742133390953076,Capitanian
Mupashi,-0.297424559,0,0,1,0,256.3284067877878,256.1236386296296,0.20476815815817417,0.76628151,0.9857067255555555,-0.5583983187478894,-0.0119614923970951,-0.4359561336264525,-0.20346032954833823,Lopingian
Myosauroides,-0.297424559,0,0,1,0,256.95814844844847,256.78746587687687,0.1706825715716036,0.9424976488888889,1.0624732677777777,-0.0166731716554773,-0.8592163467668951,-0.08557673017116055,-0.7514515978917474,Lopingian
Myosaurus,0.752244174,0,0,1,1,251.98837813413417,246.66064237137135,5.3277357627628135,1.2122846766666664,0.6808529133333334,1.8324273014176824,-0.1476416253197089,1.8324273014176824,-0.1476416253197089,Early Triassic
Nanictidops,-0.297424559,0,0,1,0,256.4908010820821,256.29279462762764,0.19800645445445753,0.8545966255555557,1.10720002,-0.5583983187478894,-0.0119614923970951,-0.3461515681961425,-0.34391412685455947,Lopingian
Nanictocephalus,-0.297424559,0,0,1,0,256.9482793353353,256.75203354654656,0.1962457887887581,0.8294454066666668,0.9299569177777778,-0.0166731716554773,-0.8592163467668951,-0.09784719572758419,-0.732260663958079,Lopingian
Nanictosaurus,-0.152345603,0,0,1,0,260.76931893293295,252.36382906306306,8.405489869869882,0.6305614644444444,0.8014316722222222,-0.5446506021234072,-0.2261058680101301,-0.5446506021234072,-0.2261058680101301,Lopingian
Nanocynodon,-0.297424559,1,0,0,0,261.29396995895894,260.70556633533533,0.5884036236236057,1.0464140211111113,1.3705585922222223,0.1280704915530584,2.493327156929834,0.1280704915530584,2.493327156929834,Capitanian
Nanogomphodon,-0.297424559,1,0,0,0,238.37458482082081,238.2060434754755,0.16854134534531795,1.9232061599999997,1.675769973333333,0.5197623641799644,-0.7136896918828842,0.585039759565325,-0.3545310269129942,Ladinian
Niaftasuchus,-0.297424559,1,0,0,0,273.1043199189189,267.6581984654655,5.446121453453429,0.8529454255555555,0.8728455922222222,-0.7086680470121273,-0.006977986053231596,-0.7086680470121273,-0.006977986053231596,Roadian-Wordian
Niassodon,-0.297424559,0,0,1,0,257.1064995885886,256.92738988488486,0.17910970370371615,0.9587194311111111,1.0381341711111112,-0.0166731716554773,-0.8592163467668951,-0.0166731716554773,-0.8592163467668951,Lopingian
Nikkasaurus,-0.297424559,1,0,0,0,270.31309631831834,266.1191740670671,4.1939222512512515,0.7441557877777778,1.1028421944444444,-0.6747438376138919,0.2083530311822272,-0.6747438376138919,0.2083530311822272,Roadian-Wordian
Niuksenitia,-0.297424559,1,0,0,0,261.873385018018,261.3298344764765,0.5435505415414923,1.0102839944444446,1.1925263133333333,-1.5449494797623875,1.5248565411905397,-0.8784346305296562,1.9106857945785123,Capitanian
Nochnitsa,-0.297424559,1,0,0,0,262.1818951181181,261.50407347447447,0.6778216436436537,1.0244927611111112,1.1141644088888887,-1.5449494797623875,1.5248565411905397,-1.5449494797623875,1.5248565411905397,Capitanian
Notaelurodon,-0.297424559,0,0,1,0,254.306672001001,254.15033779379382,0.1563342072071805,1.08221033,1.682474338888889,-0.8258050188212285,-0.7386338194010482,-0.874610706783755,-0.6033176277262727,Lopingian
Nothogomphodon,0.205727677,1,0,0,0,245.98706483783783,241.95324866966968,4.033816168168158,1.69103277,0.6267500177777778,1.419308200010733,0.2646549456226146,1.419308200010733,0.2646549456226146,Anisian
Notictoides,-0.297424559,0,0,0,1,249.3396966826827,249.2647890880881,0.07490759459460605,5.526899442222223,4.746129906666666,1.9092488182519396,-0.6703432065006151,1.9831243984717564,-0.7766887141142609,Early Triassic
Notosyodon,-0.297424559,1,0,0,0,263.7592867257257,263.29922018518516,0.46006654054053797,1.0678602033333333,0.7517525388888889,-1.0393485277808223,-0.6885322278895283,-0.6956593728978696,-0.17366766964524624,Capitanian
Nshimbodon,-0.297424559,0,0,1,0,257.39818327227226,257.20921306906905,0.1889702032032119,1.077619371111111,0.9202397511111111,-0.0166731716554773,-0.8592163467668951,0.03165628947408023,-0.8672273342228637,Lopingian
Nythosaurus,-0.297424559,0,0,1,0,244.01789229029026,243.80775331531532,0.21013897497493872,1.034388731111111,1.005363862222222,1.9554463929321844,1.3144315938900808,1.9554463929321844,1.3144315938900808,Anisian
Odontocyclops,0.668769528,0,0,1,0,259.93328172972974,254.08834721621622,5.844934513513522,1.0032805277777779,0.2746353533333334,-0.295352407770827,-0.3303720853092881,-0.295352407770827,-0.3303720853092881,Lopingian
Olivierosuchus,-0.181757414,0,0,1,0,251.52121244744745,246.89530052052052,4.625911926926932,0.5163855955555555,0.8113634055555556,1.8324273014176824,-0.1476416253197089,1.8324273014176824,-0.1476416253197089,Early Triassic
Ophidostoma,-0.297424559,0,0,1,0,256.446730006006,256.25093075575575,0.19579925025027478,0.8045068022222222,1.1329888166666666,-0.5583983187478894,-0.0119614923970951,-0.36942812935489056,-0.3075097259500901,Lopingian
Ordosiodon,-0.297424559,1,0,0,0,245.28190033033033,242.41597100200198,2.865929328328349,1.4977737411111114,1.262171371111111,1.6123933868887106,-0.1489271304716597,1.6123933868887106,-0.1489271304716597,Anisian
Otsheria,-0.297424559,1,0,0,0,266.0453052442443,265.6623170770771,0.3829881671671842,0.61316959,1.1041986311111112,-1.7192196259628885,0.8816940463736233,-1.7192196259628885,0.8816940463736233,Roadian-Wordian
Oudenodon,1.03766078,0,0,1,0,262.24899144644644,251.9873901951952,10.26160125125125,0.8839811277777777,1.0396091744444445,-0.4603839515370197,0.513294352362567,-0.4603839515370197,0.513294352362567,Mixed
Pachydectes,-0.297424559,0,0,1,0,263.0639784874875,262.278931985986,0.7850465015014834,0.8505031200000001,0.4283975,-0.3092546824495496,0.4051870233954642,-0.3092546824495496,0.4051870233954642,Capitanian
Palemydops,-0.152345603,0,0,1,0,260.9754501901902,254.12162741741741,6.853822772772787,0.6917987866666667,0.48074229444444444,-0.3570262323043322,-0.18438901281440548,-0.3570262323043322,-0.18438901281440548,Lopingian
Pampaphoneus,-0.297424559,0,0,1,0,266.1750676716717,263.00845745845845,3.1666102132132323,1.594211151111111,0.7416287255555555,-1.3447092483768985,-0.011989338381072634,-1.3447092483768985,-0.011989338381072634,Roadian-Wordian
Panchetocynodon,-0.297424559,0,0,1,0,250.56343575275275,250.35084734234235,0.21258841041040455,1.479422378888889,1.0314649,2.1536733648400794,-1.0221976677827795,2.1145693822764384,0.2662590597650719,Early Triassic
Parabradysaurus,-0.266263272,1,0,0,0,274.7276889049049,270.41170725525524,4.315981649649643,1.1618713811111112,0.2870703133333334,-0.7284482791048492,-0.4923914724606696,-0.7284482791048492,-0.4923914724606696,Roadian-Wordian
Paraburnetia,-0.297424559,0,0,1,0,257.66768612812814,257.476325049049,0.19136107907911537,1.1201927155555556,0.9008020688888889,0.1424633191005636,-0.885594468960644,0.0743537904053532,-0.874304780078192,Lopingian
Paragalerhinus,-0.297424559,0,0,1,0,256.9022828408408,256.71163794994993,0.1906448908908942,1.1381181755555556,1.281669181111111,-0.0166731716554773,-0.8592163467668951,-0.1212475798545768,-0.695662604680003,Lopingian
Parakannemeyeria,1.085550176,1,0,0,0,246.90611681981983,235.29584304704704,11.610273772772786,1.76646035,0.4470411377777778,1.1391860899696427,0.03861128920671641,1.1391860899696427,0.03861128920671641,Mixed
Parasuminia,-0.297424559,1,0,0,0,262.66930612712713,262.1849679179179,0.484338209209227,1.4256381244444445,1.1328349844444445,-1.5449494797623875,1.5248565411905397,-1.0171384832916186,1.0466042371503304,Capitanian
Paratraversodon,-0.297424559,0,0,1,0,240.08403873473475,239.89422534134133,0.18981339339342185,0.8554498100000001,0.5260339133333334,1.5281094831347244,0.4380448974548507,1.5281094831347244,0.4380448974548507,Ladinian
Pardosuchus,-0.297424559,0,0,1,0,261.9338354354354,261.1549822462463,0.7788531891891353,0.6585685255555556,1.0329904233333331,-1.5449494797623875,1.5248565411905397,-0.7827363717343668,1.9660831916267856,Capitanian
Patranomodon,-0.297424559,0,0,1,0,266.28809855955956,264.49685257857857,1.7912459809809889,1.5144570322222222,0.6129510300000001,-1.4973896086749368,0.3262821063731552,-1.4973896086749368,0.3262821063731552,Roadian-Wordian
Pelanomodon,-0.152345603,0,0,1,0,260.4115362042042,251.9411285015015,8.470407702702687,0.6344468211111112,0.9674730322222223,-0.4052604976330985,0.18089490865198496,-0.4052604976330985,0.18089490865198496,Lopingian
Pelictosuchus,-0.297424559,0,0,1,0,257.2034726916917,255.00327845045044,2.2001942412412347,0.9919725633333333,1.4193713422222223,-0.28753574520168335,-0.4355889195819951,-0.28753574520168335,-0.4355889195819951,Lopingian
Peramodon,-0.264824227,1,0,0,0,262.42382313013013,259.19396583083085,3.229857299299283,1.0917752522222224,1.8906281155555558,-0.6940914477270624,1.5212366825934602,-0.6940914477270624,1.5212366825934602,Capitanian
Perplexisaurus,-0.06519668,1,0,0,0,266.5072548678679,259.9214162742743,6.585838593593621,0.26742486666666665,0.6326507777777778,-0.917950967251633,0.7047041508618038,-0.917950967251633,0.7047041508618038,Mixed
Phocosaurus,-0.297424559,0,0,1,0,263.09408499199196,259.94466012012015,3.1494248718718154,1.1930011244444445,1.4971741,-0.5978822564076842,1.2422242677939612,-0.5978822564076842,1.2422242677939612,Capitanian
Phreatophasma,-0.297424559,1,0,0,0,271.4457426916917,270.70765065665665,0.738092035035038,0.5702325611111111,0.4177334822222223,-1.21572431585762,-0.0532519428507574,-1.21572431585762,-0.0532519428507574,Roadian-Wordian
Phthinosaurus,-0.265050452,1,0,0,0,271.75867202802806,264.63289439339337,7.125777634634687,0.5117830911111111,0.90332809,-0.9870684119518659,0.20467491351778028,-0.9870684119518659,0.20467491351778028,Roadian-Wordian
Planitorostris,-0.297424559,1,0,0,0,240.4100094094094,240.253876005005,0.15613340440441448,1.1222446866666669,1.8208925622222223,1.5281094831347244,0.4380448974548507,1.7753839735971522,0.9438339461065641,Ladinian
Platycraniellus,-0.297424559,0,0,1,0,251.3070787817818,248.01522678478477,3.291851996997025,2.5251322999999997,1.194480582222222,2.043685113674569,0.03458954124471003,2.043685113674569,0.03458954124471003,Early Triassic
Platycyclops,-0.297424559,0,0,1,0,257.5758296116116,257.3945065185185,0.18132309309311267,1.2470341355555554,1.0054356444444443,-0.0166731716554773,-0.8592163467668951,0.060534771645876104,-0.8720141692716861,Lopingian
Platypodosaurus,-0.151656244,0,0,1,0,260.1006413103103,254.1357085075075,5.964932802802821,0.5547775166666667,0.3683377277777778,-0.3570262323043322,-0.18438901281440548,-0.3570262323043322,-0.18438901281440548,Lopingian
Polycynodon,-0.297424559,0,0,1,0,256.8183807987988,256.6268335395395,0.1915472592592664,0.99089921,1.0566646133333333,-0.0166731716554773,-0.8592163467668951,-0.16694384373971463,-0.624193924278054,Lopingian
Porosteognathus,-0.26192163,1,0,0,0,265.56580403303303,261.2023814064064,4.36342262662663,0.7845507166666666,1.4093440833333333,-1.0422780703449361,0.2530953757672907,-1.0422780703449361,0.2530953757672907,Capitanian
Pravoslavlevia,-0.297424559,1,0,0,0,260.6530181931932,260.2129511331331,0.44006706006007335,1.1070640322222223,1.4196948455555554,-0.6653953549718581,0.5455263496600072,-0.3218368126828003,1.3888942261046526,Capitanian
Pristerodon,1.017341343,0,0,1,0,263.4643531751752,254.0553767167167,9.408976458458483,1.4150652877777778,0.19436197555555554,-0.4298101182760969,0.36855962718104496,-0.4298101182760969,0.36855962718104496,Mixed
Pristerognathoides,-0.297424559,0,0,1,0,264.273405995996,258.77076913013013,5.5026368658658384,2.2816603733333336,1.7441818466666665,-0.5726065579486007,0.7552883062247758,-0.5726065579486007,0.7552883062247758,Capitanian
Pristerognathus,-0.297424559,0,0,1,0,264.1053096876877,259.79633087387384,4.308978813813837,1.9506342777777779,1.8054713355555554,-0.6861755106823118,0.8560729686572633,-0.6861755106823118,0.8560729686572633,Capitanian
Pristerosaurus,-0.297424559,0,0,1,0,261.5702698278278,260.86965893093094,0.7006108968968761,0.5023345122222221,1.00612324,0.1280704915530584,2.493327156929834,0.1280704915530584,2.493327156929834,Capitanian
Probainognathus,-0.265776887,0,0,1,0,241.28206075575577,229.83931024724725,11.44275050850851,0.6960527477777777,0.43321097777777773,0.9289998667133722,-0.2332479444002242,0.9289998667133722,-0.2332479444002242,Mixed
Proburnetia,-0.297424559,1,0,0,0,262.19604244244243,261.65294235635633,0.543100086086099,1.2124856788888887,1.1068520011111112,-1.5449494797623875,1.5248565411905397,-1.5449494797623875,1.5248565411905397,Capitanian
Procynosuchus,6.156335209,1,0,1,0,263.13262735735736,249.2137217087087,13.91890564864866,0.9680496033333332,0.25436745777777775,-0.08226225904178561,0.48753833782988915,-0.08226225904178561,0.48753833782988915,Mixed
Prodicynodon,-0.152345603,0,0,1,0,259.9153043053053,253.7838103093093,6.13149399599601,0.5638866166666667,0.4930144622222223,-0.38376117627922723,-0.39841570765791473,-0.38376117627922723,-0.39841570765791473,Lopingian
Progalesaurus,-0.297424559,0,0,1,0,251.58311677277277,251.46155703503504,0.12155973773772644,2.68204019,2.250058997777778,0.709860338289371,3.4369011219489054,1.3586571386628727,2.653251047432546,Early Triassic
Promoschorhynchus,-0.184659383,0,0,1,0,261.0057529039039,253.2292207177177,7.776532186186188,0.6562923822222222,0.8923527388888889,-0.3549864901367704,0.08104490758029412,-0.3549864901367704,0.08104490758029412,Lopingian
Protheriodon,-0.297424559,0,0,1,0,240.2011007097097,239.98908103803802,0.21201967167166913,0.8715223400000001,0.5241800855555556,1.5281094831347244,0.4380448974548507,1.5281094831347244,0.4380448974548507,Ladinian
Protuberum,-0.297424559,0,0,1,0,241.57709115115114,236.76538335635635,4.811707794794785,1.2428039811111111,0.6454306311111111,1.099245267249152,0.23903469341221872,1.099245267249152,0.23903469341221872,Ladinian
Ptomalestes,-0.297424559,0,0,1,0,263.8039433043043,260.2143855895896,3.589557714714715,1.6551795011111112,1.4077972855555556,-0.5753778902196263,1.4744569071719458,-0.5753778902196263,1.4744569071719458,Capitanian
Purlovia,-0.088928349,1,0,0,0,261.3627847997998,257.0654428448448,4.297341954954959,0.23415796555555554,1.07522731,-0.09990583464957027,0.6011560079228838,-0.09990583464957027,0.6011560079228838,Lopingian
Putillosaurus,-0.297424559,1,0,0,0,248.63397698398398,248.5541566986987,0.07982028528527962,5.8461945422222215,3.8142961411111114,1.9092488182519396,-0.6703432065006151,1.8794660248485486,-0.8241141900854277,Early Triassic
Pyozia,-0.297424559,1,0,0,0,268.72615356356357,268.0669184574574,0.6592351061061663,0.4918272633333334,0.7008198155555556,-1.0402408227741675,1.139176894002053,-0.6193034657604133,1.021362023876054,Roadian-Wordian
Rabidosaurus,-0.175556954,1,0,0,0,246.0910257017017,242.5373667317317,3.5536589699700016,2.7354563533333334,0.8732591266666666,1.4598477676394097,-0.3077569307883378,1.4598477676394097,-0.3077569307883378,Anisian
Raranimus,-0.297424559,1,0,0,0,269.97446365465464,269.3217841351351,0.6526795195195518,0.38549152777777773,0.49900068000000003,-0.9060769744494858,-0.5259052419027206,-0.5797567791758995,-0.04454858455955174,Roadian-Wordian
Rastodon,-0.297424559,0,0,1,0,263.98525667667667,263.4654607067067,0.5197959699699481,0.9304620488888887,0.8548381277777777,-1.0393485277808223,-0.6885322278895283,-0.8388345989111802,-0.388151741794608,Capitanian
Rechnisaurus,0.12569417,0,0,1,0,246.3821154964965,241.8772256296296,4.504889866866904,0.7135342088888891,0.21216722888888892,1.335888741986888,0.05487469015041726,1.335888741986888,0.05487469015041726,Anisian
Regisaurus,-0.297424559,0,0,1,0,251.09528867767767,248.02906622322323,3.066222454454447,2.272136623333333,1.2273482655555554,2.043685113674569,0.03458954124471003,2.043685113674569,0.03458954124471003,Early Triassic
Reiszia,-0.297424559,1,0,0,0,272.9015125345345,268.0025651671672,4.898947367367327,0.8496544377777778,0.8445825555555555,-0.6982875593527246,-0.08546941986902917,-0.6982875593527246,-0.08546941986902917,Roadian-Wordian
Repelinosaurus,-0.297424559,0,1,0,0,248.79792114114116,248.71116486586584,0.08675627527532015,4.662739157777778,3.478585242222222,1.9092488182519396,-0.6703432065006151,1.8912399543290506,-0.7633244349958694,Early Triassic
Rhachiocephalus,0.668769528,0,0,1,0,259.9103039059059,253.63511749049047,6.275186415415419,1.1019062044444443,0.42290983444444447,-0.38376117627922723,-0.39841570765791473,-0.38376117627922723,-0.39841570765791473,Lopingian
Rhadiodromus,-0.175556954,1,0,0,0,246.40774915615617,242.74631252652654,3.661436629629634,3.2948815488888887,0.7658920166666667,1.4598477676394097,-0.3077569307883378,1.4598477676394097,-0.3077569307883378,Anisian
Rhinodicynodon,-0.297424559,1,0,0,0,244.35946495795798,244.0904636126126,0.269001345345373,0.6701000444444444,0.6394798544444443,1.9554463929321844,1.3144315938900808,1.6988353138241203,0.8395386167959501,Anisian
Rhopalodon,-0.174175094,1,0,0,0,267.592319955956,263.43775405005005,4.15456590590594,0.2567212088888889,0.47110938333333335,-1.202020186079214,-0.16447357379592323,-1.202020186079214,-0.16447357379592323,Roadian-Wordian
Riebeeckosaurus,-0.297424559,0,0,1,0,262.3954145505505,261.82057131331334,0.5748432372371894,0.9097916733333333,0.985872991111111,-1.5449494797623875,1.5248565411905397,-1.5449494797623875,1.5248565411905397,Capitanian
Riojanodon,-0.297424559,0,0,1,0,239.57223505405406,239.37195065865865,0.2002843953954141,0.6495066366666666,0.5465411011111111,0.7446132569171925,0.523448309350873,1.1144962282966628,0.4831299686863003,Ladinian
Robertia,-0.144671536,0,0,1,0,264.2812671181181,258.69421313313313,5.587053984984948,1.2437692822222224,0.13554487,-0.5726065579486007,0.7552883062247758,-0.5726065579486007,0.7552883062247758,Capitanian
Rubidgea,0.668769528,0,0,1,0,260.3269908768769,252.03172942442444,8.29526145245245,1.0506676244444444,0.9213042277777778,-0.5446506021234072,-0.2261058680101301,-0.5446506021234072,-0.2261058680101301,Lopingian
Ruhuhucerberus,-0.297424559,0,0,1,0,258.6912061751752,254.9646326016016,3.7265735735735745,1.4736727077777778,1.4051123933333336,-0.36800006114352246,-0.47580635515219455,-0.36800006114352246,-0.47580635515219455,Lopingian
Sangusaurus,-0.141271243,0,0,1,0,246.40715052752753,235.7942207057057,10.612929821821837,1.1015133166666666,0.21136009555555554,1.1391860899696427,0.03861128920671641,1.1391860899696427,0.03861128920671641,Mixed
Sauroctonus,5.410373401,1,0,1,0,264.00443236136135,255.91532604104106,8.089106320320298,1.2941004277777777,0.19673212222222225,-0.42980527988826744,0.3083286143582245,-0.42980527988826744,0.3083286143582245,Mixed
Sauroscaptor,-0.297424559,0,0,1,0,259.07639906406405,254.75515431631632,4.321244747747727,1.3724350822222222,1.6691406855555555,-0.295352407770827,-0.3303720853092881,-0.295352407770827,-0.3303720853092881,Lopingian
Scalenodon,-0.141271243,0,0,1,0,246.8906973793794,236.4111561931932,10.479541186186196,1.2865150033333335,0.23650219222222224,1.21756700461802,0.146954691781318,1.21756700461802,0.146954691781318,Mixed
Scalopocephalus,-0.297424559,0,0,1,0,256.90236887387385,256.7236122292292,0.17875664464463625,1.01375003,1.1928423655555556,-0.0166731716554773,-0.8592163467668951,-0.11798089262389226,-0.7007716837559151,Lopingian
Scalopodontes,-0.297424559,1,0,0,0,262.42771995996,261.942171035035,0.4855489249249558,1.302533301111111,1.0609799444444443,-1.5449494797623875,1.5248565411905397,-1.5449494797623875,1.5248565411905397,Capitanian
Scalopognathus,-0.297424559,1,0,0,0,251.6360196056056,251.5279512852853,0.10806832032031366,2.7763711833333335,3.677419433333333,0.709860338289371,3.4369011219489054,1.2776381459556816,2.751109945065334,Early Triassic
Scaloporhinus,-0.297424559,0,0,1,0,254.67206383483483,254.51621571271272,0.15584812212210863,1.3176628444444447,1.9540366744444444,-1.039392073271287,-0.1464531124841439,-0.9527055830331934,-0.386795708160244,Lopingian
Scaloposaurus,-0.149684313,0,0,1,0,260.520102005005,247.11124285185184,13.408859153153173,0.6243058611111112,0.7214385266666666,0.3322762282773762,0.05251315118405165,0.3322762282773762,0.05251315118405165,Mixed
Scaloposuchus,-0.297424559,0,0,1,0,256.7946721881882,256.6009036136136,0.19376857457461938,0.9846878744444444,1.2459099955555555,-0.0166731716554773,-0.8592163467668951,-0.18038906549304842,-0.6031656787558884,Lopingian
Scylacoides,-0.297424559,0,0,1,0,257.7485541341341,257.4314603763764,0.31709375775773196,0.8977064444444444,1.099078201111111,0.1424633191005636,-0.885594468960644,0.07721851246645048,-0.874779630241217,Lopingian
Scylacops,0.668769528,0,0,1,0,260.4960499229229,253.86968763463466,6.626362288288249,1.1117137444444443,0.42050045333333336,-0.42399463037817453,-0.263566842326783,-0.42399463037817453,-0.263566842326783,Lopingian
Scylacosaurus,-0.210288204,0,0,1,0,263.870327998999,255.04037843243242,8.829949566566597,1.0953008811111111,0.6830055322222224,-0.35361237390169814,0.4329362196391936,-0.35361237390169814,0.4329362196391936,Mixed
Scylacosuchus,-0.297424559,1,0,0,0,262.7770387557557,262.36274745345344,0.4142913023022743,1.7352912177777777,1.25133088,-0.3092546824495496,0.4051870233954642,-0.8407355353780189,0.8867646035631657,Capitanian
Scymnosaurus,-0.297424559,0,0,1,0,263.94957394394396,259.8056260860861,4.1439478578578814,1.868683671111111,1.7159930355555555,-0.5978822564076842,1.2422242677939612,-0.5978822564076842,1.2422242677939612,Capitanian
Sesamondontoides,-0.297424559,0,0,1,0,244.26536256456455,244.02695856456455,0.23840400000000272,1.0033300044444444,0.9612662211111113,1.9554463929321844,1.3144315938900808,1.7887247279870626,1.0058909490859764,Anisian
Shaanbeikannemeyeria,-0.297424559,1,0,0,0,245.16913853953955,242.51882432832832,2.6503142112112243,1.9068804966666666,1.4801492533333334,1.6123933868887106,-0.1489271304716597,1.6123933868887106,-0.1489271304716597,Anisian
Shansiodon,6.247554932,1,0,1,0,246.68333291191192,241.87433418718717,4.808998724724745,0.31233538555555557,0.28517226888888886,1.335888741986888,0.05487469015041726,1.335888741986888,0.05487469015041726,Anisian
Shiguaignathus,-0.297424559,1,0,0,0,255.77532525025026,255.64119115115116,0.1341340990991,2.546866492222222,3.135110647777778,-0.5583983187478894,-0.0119614923970951,-0.6987243021442724,-0.05119831963196891,Lopingian
Silphedosuchus,-0.297424559,1,0,0,0,248.17499238338337,248.0952853083083,0.07970707507507768,5.9858266166666665,3.834625651111111,1.8358801052800704,-1.0491518362093228,1.8457950684722828,-0.9979600751940476,Early Triassic
Silphoictidoides,-0.297424559,0,0,1,0,257.5369675145145,255.36101633533534,2.1759511791791795,1.1116327833333333,1.4386162422222222,-0.28753574520168335,-0.4355889195819951,-0.28753574520168335,-0.4355889195819951,Lopingian
Sinognathus,-0.297424559,1,0,0,0,244.88885477377377,244.60505593993992,0.2837988338338562,1.6456477444444444,0.48188474000000003,0.8147716463490362,-0.7965389385741263,1.1034132805405623,-0.26236915350103374,Anisian
Sinokannemeyeria,-0.297424559,1,0,0,0,246.43241114314313,240.8340069219219,5.598404221221216,4.261860188888889,2.0024298788888886,1.4920807378274252,0.37269038085152245,1.4920807378274252,0.37269038085152245,Anisian
Sinophoneus,-0.297424559,1,0,0,0,272.77043197998,267.63384978378383,5.136582196196173,0.7605283944444444,0.6385888333333333,-0.7666782120370131,0.15945984290518728,-0.7666782120370131,0.15945984290518728,Roadian-Wordian
Sintocephalus,-0.297424559,0,0,1,0,257.9405377657658,257.74705463763763,0.19348312812815038,0.8272613077777777,0.7018202299999999,0.1424633191005636,-0.885594468960644,0.11760559479660883,-0.8814741060820039,Lopingian
Sludica,-0.198311456,1,0,0,0,264.0256788428428,259.9360280680681,4.089650774774725,0.5317006722222223,1.1507857033333333,-0.6861755106823118,0.8560729686572633,-0.6861755106823118,0.8560729686572633,Capitanian
Smilesaurus,-0.152345603,0,0,1,0,261.17014496997,253.98340187187188,7.186743098098134,0.6881485922222222,0.4433887,-0.3549864901367704,0.08104490758029412,-0.3549864901367704,0.08104490758029412,Lopingian
Stahleckeria,-0.147694787,0,0,1,0,245.0728851171171,234.00198091991993,11.070904197197166,0.7352796255555556,0.24276564666666667,1.0721689150184164,0.01794865984872079,1.0721689150184164,0.01794865984872079,Mixed
Struthiocephaloides,-0.297424559,0,0,1,0,263.07977885185187,260.40701807707705,2.672760774774815,1.3113700322222221,1.3958309444444443,-0.5753778902196263,1.4744569071719458,-0.5753778902196263,1.4744569071719458,Capitanian
Struthiocephalus,-0.297424559,0,0,1,0,264.2910316566566,259.690551996997,4.600479659659641,2.421281657777778,1.8266695988888886,-0.6861755106823118,0.8560729686572633,-0.6861755106823118,0.8560729686572633,Capitanian
Styracocephalus,-0.297424559,0,0,1,0,262.9038554964965,260.50345570070067,2.4003997957958063,1.1860957088888888,1.1290588377777777,-0.7084394941046646,2.009091849060187,-0.7084394941046646,2.009091849060187,Capitanian
Suchogorgon,-0.297424559,1,0,0,0,263.5853035145145,259.8662692052052,3.719034309309336,1.8612274722222224,1.8626089655555553,-0.5978822564076842,1.2422242677939612,-0.5978822564076842,1.2422242677939612,Capitanian
Suminia,-0.242657911,1,0,0,0,264.1877622412412,259.56669684984985,4.621065391391369,1.154725441111111,1.7573175344444445,-0.6861755106823118,0.8560729686572633,-0.6861755106823118,0.8560729686572633,Capitanian
Sungeodon,-0.297424559,1,0,0,0,248.39302876476478,248.3121093823824,0.08091938238237617,5.786554451111111,3.6891678822222223,1.8358801052800704,-1.0491518362093228,1.861747644441849,-0.9155956285712423,Early Triassic
Sycosaurus,0.523690572,0,0,1,0,260.5774709029029,254.08206487887887,6.495406024024049,1.0494075522222224,0.34910382444444443,-0.3570262323043322,-0.18438901281440548,-0.3570262323043322,-0.18438901281440548,Lopingian
Syodon,-0.026502087,1,0,0,0,275.9818683993994,259.7257716256256,16.256096773773777,0.33397737,0.55647971,-0.8099411869131635,0.25157880956195355,-0.8099411869131635,0.25157880956195355,Mixed
Syops,-0.297424559,0,0,1,0,259.3502050960961,254.53414106906905,4.816064027027039,1.5860578022222223,1.6649405455555557,-0.295352407770827,-0.3303720853092881,-0.295352407770827,-0.3303720853092881,Lopingian
Sysphinctostoma,-0.297424559,0,0,1,0,244.75573431831833,242.57081370870873,2.1849206096096054,1.3062559455555556,0.9815653488888889,2.011204257158548,0.1748787735795736,2.011204257158548,0.1748787735795736,Anisian
Tamboeria,-0.297424559,0,0,1,0,261.9506941121121,261.16536503403404,0.785329078078064,0.52351996,0.7254587677777777,-1.5449494797623875,1.5248565411905397,-0.805524128782869,1.9528919126949937,Capitanian
Taoheodon,-0.297424559,1,0,0,0,254.59461962862864,254.46908366666668,0.12553596196195826,2.461277323333334,3.0241520966666666,-1.039392073271287,-0.1464531124841439,-0.9394016456467047,-0.42368153472213055,Lopingian
Tapinocaninus,-0.297424559,0,0,1,0,265.6633064884885,265.2319163133133,0.4313901751751814,1.490826951111111,0.6046329222222222,-1.2755595913869848,-0.2291298336273129,-1.474146880987239,0.2680875994540599,Roadian-Wordian
Tapinocephalus,-0.297424559,0,0,1,0,263.6802571141141,260.4153795245245,3.2648775895896165,1.4595414244444445,1.3860784844444445,-0.5753778902196263,1.4744569071719458,-0.5753778902196263,1.4744569071719458,Capitanian
Taurocephalus,-0.297424559,0,0,1,0,261.82820485985985,261.09749078278276,0.7307140770770957,0.6648085400000001,1.0878032344444444,0.1280704915530584,2.493327156929834,-0.6462831571973268,2.0450726424211996,Capitanian
Tetracynodon,0.021490996,0,0,1,0,261.12126981681683,247.2708258098098,13.850444007007042,0.7358399811111112,0.4573056377777778,0.31769010422563915,0.22685700873732187,0.31769010422563915,0.22685700873732187,Mixed
Tetragonias,-0.297424559,0,0,1,0,245.91257528128128,243.64339795595595,2.2691773253253302,1.7810357966666668,0.9532851533333333,1.3851090196406104,0.25894632765797726,1.3851090196406104,0.25894632765797726,Anisian
Theriognathus,0.74578167,0,0,1,0,259.91748862562565,243.7666048998999,16.15088372572575,1.1390363144444444,0.1764195488888889,0.6220385207834443,0.004872876574180951,0.6220385207834443,0.004872876574180951,Mixed
Therioides,-0.297424559,0,0,1,0,262.5887812972973,261.7603147847848,0.8284665125125343,0.77734444,0.46434561777777783,-1.5449494797623875,1.5248565411905397,-1.5449494797623875,1.5248565411905397,Capitanian
Thliptosaurus,-0.297424559,0,0,1,0,256.03564524124124,255.86694147147148,0.1687037697697633,1.1647714077777778,1.2648321077777775,-0.5583983187478894,-0.0119614923970951,-0.5583983187478894,-0.0119614923970951,Lopingian
Thrinaxodon,0.756783135,0,0,1,1,251.91089556356354,246.70875033933936,5.202145224224182,1.1354858733333335,0.6454515599999999,1.8324273014176824,-0.1476416253197089,1.8324273014176824,-0.1476416253197089,Early Triassic
Tigrisuchus,-0.297424559,0,0,1,0,258.3123871761762,255.93032516916918,2.3820620070069936,1.4271051322222221,1.2177059166666666,-0.14420272376760102,-0.5855907693748781,-0.14420272376760102,-0.5855907693748781,Lopingian
Titanogomphodon,-0.297424559,0,0,1,0,241.89478147447448,241.70308821321322,0.19169326126126407,1.1372618033333333,0.8007806266666666,0.8400526393768003,1.5054011739054376,1.128176610980061,1.5971608088187563,Ladinian
Titanophoneus,-0.138672165,1,0,0,0,267.1342285685686,260.23364693993994,6.900581628628629,0.23433935666666666,0.8969432022222223,-0.9334592021393906,0.5379252037617349,-0.9334592021393906,0.5379252037617349,Mixed
Titanosuchus,-0.297424559,0,0,1,0,264.18424123723725,259.58018893493494,4.604052302302307,2.260184686666667,1.9500568,-0.6861755106823118,0.8560729686572633,-0.6861755106823118,0.8560729686572633,Capitanian
Traversodon,-0.297424559,0,0,1,0,241.5725358928929,237.6419085055055,3.930627387387375,1.2057450222222224,0.6019109211111111,1.2663814553154984,0.5523930873199718,1.2663814553154984,0.5523930873199718,Ladinian
Traversodontoides,-0.297424559,1,0,0,0,245.0012745945946,244.7177817757758,0.2834928188188144,1.6757394377777777,0.4931524577777777,0.8147716463490362,-0.7965389385741263,0.8147716463490362,-0.7965389385741263,Anisian
Trirachodon,0.7568089,0,0,1,0,246.7595778998999,238.41168154254254,8.34789635735737,0.7948280200000001,0.40443341,1.4031508958770587,0.3997044364893573,1.4031508958770587,0.3997044364893573,Mixed
Trochorhinus,-0.297424559,0,0,1,0,262.6180333533533,261.72213046046045,0.8959028928928774,0.7975895499999999,0.7769946666666667,-1.5449494797623875,1.5248565411905397,-1.5449494797623875,1.5248565411905397,Capitanian
Trochosaurus,-0.297424559,0,0,1,0,263.76429325725724,260.40498607207206,3.3593071851851732,1.475781458888889,1.1208948077777778,-0.5753778902196263,1.4744569071719458,-0.5753778902196263,1.4744569071719458,Capitanian
Trochosuchus,-0.297424559,0,0,1,0,261.97679269569574,261.38423905505505,0.5925536406406877,0.7751214077777778,0.9397505799999999,-1.5449494797623875,1.5248565411905397,-1.010446158747137,1.8342675280846912,Capitanian
Tropidostoma,-0.0252214,0,0,1,0,263.31746315715714,254.06389702102103,9.2535661361361,0.862937548888889,0.20556364888888892,-0.4298101182760969,0.36855962718104496,-0.4298101182760969,0.36855962718104496,Mixed
Turfanodon,1.224620335,1,0,0,0,259.5879484024024,251.76190292692692,7.826045475475468,0.3609623455555556,1.2310229188888888,-0.37274364046575365,0.1353159785259822,-0.37274364046575365,0.1353159785259822,Lopingian
Ufudocyclops,-0.297424559,0,0,1,0,246.038699016016,238.36413178078078,7.67456723523523,2.225234782222222,0.5987178677777778,1.4031508958770587,0.3997044364893573,1.4031508958770587,0.3997044364893573,Mixed
Ulemica,-0.138672165,1,0,0,0,267.15202645645644,259.9973784514515,7.154648005004958,0.24337458222222222,0.9096813211111112,-0.8999512212434491,0.538875346999019,-0.8999512212434491,0.538875346999019,Mixed
Ulemosaurus,-0.138672165,1,0,0,0,266.7458219109109,260.1058667577578,6.639955153153096,0.2954487388888889,0.8177673322222222,-0.9600435692982622,0.7312337843954366,-0.9600435692982622,0.7312337843954366,Mixed
Uralocynodon,-0.297424559,1,0,0,0,259.76068189189186,259.4175738818819,0.3431080100099848,1.323249201111111,2.029158771111111,-0.6653953549718581,0.5455263496600072,-0.39395944789698106,0.42466365188937866,Capitanian
Uralokannemeyeria,-0.297424559,1,0,0,0,246.1147044134134,242.8164150810811,3.2982893323323026,3.516818513333334,1.2353011833333332,1.4598477676394097,-0.3077569307883378,1.4598477676394097,-0.3077569307883378,Anisian
Urumchia,-0.297424559,1,0,0,0,251.5550655075075,251.44769981481483,0.10736569269266738,2.7439941988888887,3.667482048888889,0.709860338289371,3.4369011219489054,1.3871187170365518,2.618873692302948,Early Triassic
Ustia,-0.297424559,1,0,0,0,262.7244444344344,262.28614194294295,0.43830249149146994,1.4543150355555556,1.0482346822222222,-0.3092546824495496,0.4051870233954642,-0.9205613153821334,0.9590951602663147,Capitanian
Varanodon,-0.297424559,0,1,0,0,269.76206821221217,269.33043162562564,0.43163658658653503,0.9909280033333332,0.9823136377777776,-0.9060769744494858,-0.5259052419027206,-0.4852816634988931,0.09481216155138328,Roadian-Wordian
Venyukovia,-0.297424559,1,0,0,0,265.7262483983984,265.31909846646647,0.40714993193194005,0.7315619,1.1352197033333333,-1.7192196259628885,0.8816940463736233,-1.5074489044918677,0.3514682965606985,Roadian-Wordian
Vetusodon,-0.297424559,0,0,1,0,255.81356225825826,255.62932548548548,0.1842367727727776,1.2036127144444446,1.3980879477777777,-0.5583983187478894,-0.0119614923970951,-0.6923820766617326,-0.04942495735422098,Lopingian
Viatkogorgon,-0.297424559,1,0,0,0,262.9281966156156,260.4316846796797,2.496511935935928,1.3965222766666667,1.817229571111111,-0.7084394941046646,2.009091849060187,-0.7084394941046646,2.009091849060187,Capitanian
Viatkosuchus,-0.297424559,1,0,0,0,263.0870031781782,261.21085751951955,1.8761456586586291,1.4128503644444446,1.3665188666666668,-0.9271020811059686,0.965021782293002,-0.9271020811059686,0.965021782293002,Capitanian
Vinceria,-0.297424559,0,0,1,0,245.45788052652654,242.550190002002,2.9076905245245257,1.7043917344444446,0.9420976488888889,1.6123933868887106,-0.1489271304716597,1.6123933868887106,-0.1489271304716597,Anisian
Vivaxosaurus,-0.005246957,1,0,0,0,265.2147738558558,256.4602094964965,8.754564359359335,0.2827494977777778,0.7454027666666666,-0.5094898657370559,0.2841987986659781,-0.5094898657370559,0.2841987986659781,Mixed
Wadiasaurus,-0.297424559,0,0,1,0,244.1051794884885,243.8735515145145,0.2316279739739855,1.0144455566666668,0.8204559088888889,1.9554463929321844,1.3144315938900808,1.9554463929321844,1.3144315938900808,Anisian
Walteria,-0.297424559,0,0,1,0,261.7619135995996,261.0669560950951,0.6949575045044867,0.5824760366666667,0.9975979199999998,0.1280704915530584,2.493327156929834,-0.5652872848681524,2.0919591851355106,Capitanian
Watongia,-0.297424559,0,1,0,0,268.10123076076076,267.6705865735736,0.4306441871871698,0.9921654066666666,1.2897001788888889,-1.0402408227741675,1.139176894002053,-1.0402408227741675,1.139176894002053,Roadian-Wordian
Xiyukannemeyeria,-0.255123558,1,0,0,0,246.3211914204204,237.08053184284284,9.24065957757756,3.426711501111111,1.4109218188888888,1.3049966145773815,0.27599397778133045,1.3049966145773815,0.27599397778133045,Mixed
Yikezhaogia,-0.297424559,1,0,0,0,245.41573726026024,245.14938857057058,0.2663486896896643,1.9891613700000002,0.4586115611111111,0.8147716463490362,-0.7965389385741263,0.8677350311189145,-0.7930655037485601,Anisian
Zambiasaurus,-0.297424559,0,0,1,0,244.9031731961962,244.70160334734734,0.20156984884886242,1.3562519444444443,0.9746945533333333,0.8147716463490362,-0.7965389385741263,1.0401823543676243,-0.3793864034150188,Anisian
