genus,lat_range_z_trans,Temperate_N,Tropical,Temperate_S,Antarctic,ts,te,time_span,avg_lambda,avg_mu,mean_pt_1myr_z_trans,Mod_R_deltaTMyr_pt_1myr_z_trans
Abajudon,-0.297424559,0,0,1,0,266.1942695,259.8711756,6.32309391,1.482581816,1.728256719,-0.917950967,0.704704151
Abdalodon,-0.297424559,0,0,1,0,257.0290669,256.8337732,0.195293728,1.096509289,1.08612788,-0.016673172,-0.859216347
Acratophorus,-0.297424559,0,0,1,0,233.3555245,228.597823,4.757701485,0.469096239,0.629001609,1.005908267,0.025417829
Adelobasileus,-0.297424559,0,1,0,0,216.7638561,216.1134238,0.650432371,1.054358956,1.021459402,-0.162980086,-0.763083899
Aelurognathus,1.840694848,0,0,1,0,260.1123003,252.0343433,8.077956971,0.950114124,0.964766601,-0.544650602,-0.226105868
Aelurosaurus,-0.152345603,0,0,1,0,263.2735338,253.4881884,9.785345385,0.890718837,0.527474534,-0.469409608,0.257840283
Aelurosuchus,-0.297424559,0,0,1,0,244.6801399,244.5040695,0.176070382,1.492643813,1.128483986,0.814771646,-0.796538939
Agudotherium,-0.297424559,0,0,1,0,231.3058545,230.0128644,1.292990087,0.388193647,0.455886119,1.519493516,-1.103213768
Akidnognathus,-0.152345603,0,0,1,0,260.8349455,254.1241312,6.710814302,0.624368121,0.474948576,-0.357026232,-0.184389013
Aleodon,-0.141271243,0,0,1,0,246.3329054,234.0118062,12.3210992,1.142229446,0.228330189,1.066339081,-0.048900923
Alepognathus,-0.297424559,0,0,1,0,262.1878667,261.4927083,0.695158312,0.669213014,0.876923717,-1.54494948,1.524856541
Alopecideops,-0.297424559,0,0,1,0,262.4005278,261.8287786,0.571749234,1.075366739,0.825133067,-1.54494948,1.524856541
Alopecodon,-0.297424559,0,0,1,0,264.0078033,259.9672421,4.040561189,1.869836732,1.48585004,-0.686175511,0.856072969
Alopecognathus,-0.297424559,0,0,1,0,263.6269443,260.0695664,3.557377899,1.3117347,1.407439144,-0.57537789,1.474456907
Alopecorhinus,-0.297424559,0,0,1,0,259.9710352,259.4652616,0.505773636,0.715165069,0.665713673,-0.665395355,0.54552635
Aloposaurus,0.668769528,0,0,1,0,260.8859886,252.7670516,8.118937059,1.162714889,0.742295309,-0.544650602,-0.226105868
Alrausuchus,-0.297424559,1,0,0,0,273.2644701,265.512024,7.752446104,0.97361103,1.029443692,-0.843147613,0.027237481
Andescynodon,-0.297424559,0,0,1,0,245.1559676,243.0081909,2.147776742,1.759305083,1.030930608,1.38510902,0.258946328
Angelosaurus,-0.297424559,0,1,0,0,270.7521279,266.6733444,4.078783574,0.874008823,1.305753142,-0.674743838,0.208353031
Angonisaurus,1.437747253,0,0,1,1,246.6785259,241.458479,5.220046987,1.207726453,0.279626452,1.335888742,0.05487469
Annatherapsidus,-0.149232491,1,0,0,0,265.0477438,257.3827802,7.664963637,0.414196268,1.481294428,-0.571091952,0.427125692
Anningia,-0.297424559,0,0,1,0,262.4117174,261.6616411,0.750076302,0.902337234,0.801288294,-1.54494948,1.524856541
Anomocephalus,-0.297424559,0,0,1,0,265.9913697,265.5477931,0.443576692,1.373635073,0.498873033,-1.719219626,0.881694046
Antecosuchus,-0.297424559,1,0,0,0,246.085709,242.6156553,3.470053734,2.582495568,1.326500084,1.459847768,-0.307756931
Anteosaurus,6.167515769,1,0,1,0,264.8091679,259.5759721,5.233195862,1.554075986,0.100045518,-0.686175511,0.856072969
Apsisaurus,-0.297424559,0,1,0,0,292.8226324,292.2626734,0.559958965,0.969419603,0.93998811,-1.225558422,-0.741054731
Archaeosyodon,-0.297424559,1,0,0,0,266.0509034,265.6679603,0.382943083,0.72650436,1.081954771,-1.719219626,0.881694046
Arctognathus,0.668769528,0,0,1,0,260.2038673,252.9114405,7.292426847,1.027618007,0.66326377,-0.544650602,-0.226105868
Arctops,-0.152345603,0,0,1,0,260.954158,253.3947688,7.559389165,0.747034088,0.603058921,-0.42399463,-0.263566842
Arctotraversodon,-0.297424559,0,1,0,0,234.4911032,228.860293,5.630810177,1.301924557,0.647023292,0.909490295,-0.107368983
Arisierpeton,-0.297424559,0,1,0,0,287.7027739,287.2612247,0.441549167,1.076211546,1.169981652,0.425296576,0.996201225
Ascendonanus,-0.297424559,0,1,0,0,292.8521063,284.4442085,8.407897818,1.217546541,1.402102631,-0.603014771,0.388666065
Aulacephalodon,0.064364473,0,0,1,0,259.9974212,252.5660752,7.431345991,0.758839236,0.536583856,-0.527401352,-0.336339042
Aulacocephalus,-0.297424559,0,0,1,0,256.9364537,256.7511093,0.185344401,1.225687972,1.245985366,-0.016673172,-0.859216347
Australobarbarus,-0.297424559,1,0,0,0,263.6360064,260.8194306,2.816575861,1.745728321,1.859524268,-0.57537789,1.474456907
Australosyodon,-0.297424559,0,0,1,0,265.380367,265.0009075,0.379459515,1.833884987,0.55317252,-1.275559591,-0.229129834
Avenantia,-0.297424559,0,0,1,0,261.3743418,260.7629464,0.61139537,0.627949521,1.119833047,0.128070492,2.493327157
Baldwinonus,-0.297424559,0,1,0,0,294.2074636,293.6757779,0.53168576,1.144591661,0.881537966,-1.438052283,2.53203133
Basilodon,-0.152345603,0,0,1,0,261.2818113,252.3177517,8.964059626,0.719386423,0.730881889,-0.469903814,0.076053357
Bauria,-0.17428318,0,0,1,0,247.4628712,242.2311481,5.23172306,1.289806724,0.210925627,1.406918426,-0.204770527
Beishanodon,-0.297424559,1,0,0,0,248.3762294,248.296803,0.079426466,5.913653622,3.552794653,1.835880105,-1.049151836
Biarmosuchoides,-0.297424559,1,0,0,0,265.9435953,265.5658597,0.377735593,0.683742866,1.130558109,-1.719219626,0.881694046
Biarmosuchus,-0.180409488,1,0,0,0,273.3830637,263.7424229,9.640640796,0.564855237,0.504685172,-0.906008903,-0.069976221
Biseridens,-0.297424559,1,0,0,0,272.2094359,267.8063233,4.4031126,0.642569374,0.587882453,-0.766678212,0.159459843
Blattoidealestes,-0.297424559,0,0,1,0,259.779134,259.1731315,0.606002528,0.683990093,0.648853228,-0.004761794,0.251364994
Bolodon,-0.297424559,1,0,0,0,206.0425918,205.5602737,0.482318049,1.426587359,1.107916137,0.138178843,-0.522030276
Bolotridon,-0.297424559,0,0,1,0,244.4689352,244.2518081,0.217127103,1.396957472,0.994790584,1.955446393,1.314431594
Bonacynodon,-0.270175714,0,0,1,0,241.53327,231.9611591,9.572110931,0.786117757,0.348632762,0.869950502,-0.146251362
Boreogomphodon,-0.140383315,0,1,0,0,236.0984932,214.699989,21.39850419,0.864704724,0.314538857,0.392191804,-0.092939533
Botucaraitherium,-0.297424559,0,0,1,0,218.6204458,217.396954,1.223491851,0.225505142,0.194651039,0.039566226,0.764239401
Brachyprosopus,-0.140777318,0,0,1,0,265.1358287,259.8344482,5.301380426,1.073611953,0.120273762,-0.784406191,0.675205835
Brachyzostrodon,0.283596334,1,0,0,0,208.1965928,201.6644139,6.53217891,0.222924867,0.747115344,0.051586824,-0.563312408
Brasilitherium,-0.297424559,0,0,1,0,227.1061618,210.3868966,16.7192652,0.531488141,0.469802888,0.29830531,0.043090148
Brasilodon,-0.297424559,0,0,1,0,226.9881839,208.833495,18.15468894,0.495088349,0.542819871,0.249943705,-0.053445084
Bulbasaurus,-0.297424559,0,0,1,0,259.1942821,254.72265,4.471632127,1.463969622,1.719963089,-0.295352408,-0.330372085
Bullacephalus,-0.297424559,0,0,1,0,264.1353524,263.4649213,0.670431066,1.34106685,0.522045462,-1.039348528,-0.688532228
Burnetia,-0.297424559,0,0,1,0,257.4717027,257.2850669,0.186635813,1.171863943,0.895271824,-0.016673172,-0.859216347
Cabarzia,-0.297424559,0,1,0,0,296.0865642,295.3690619,0.717502305,0.88067738,0.909134032,-0.107576255,-0.130457163
Callibrachion,-0.297424559,0,1,0,0,287.9773754,287.6060591,0.371316267,1.38356489,1.319079989,-0.571677217,-0.692432648
Candelariodon,-0.297424559,0,0,1,0,240.409791,240.2012449,0.208546018,0.870101556,0.635992514,1.528109483,0.438044897
Caodeyao,-0.297424559,1,0,0,0,256.0841029,255.9483992,0.135703687,2.280115601,2.864683162,-0.558398319,-0.011961492
Casea,-0.158928152,0,1,0,0,284.3554455,275.1609612,9.194484238,0.196237986,0.387766478,-1.037027817,-0.016301359
Cerdorhinus,-0.297424559,0,0,1,0,256.281382,256.0917494,0.189632602,0.830115038,1.006534226,-0.558398319,-0.011961492
Cerdosuchus,-0.297424559,0,0,1,0,255.3962121,255.2319863,0.164225821,1.375094243,1.58683359,-1.039392073,-0.146453112
Chalepotherium,-0.297424559,1,0,0,0,204.7030355,204.1111971,0.591838422,0.717936739,0.883698308,0.035532909,-0.632167669
Chaliminia,-0.297424559,0,0,1,0,225.9680211,212.9120237,13.05599741,0.391966523,0.355752643,0.457924386,0.264159778
Charassognathus,-0.297424559,0,0,1,0,256.7075048,256.5208088,0.186695976,1.001890533,0.960333858,-0.016673172,-0.859216347
Chiniquodon,-0.001945952,0,0,1,0,243.8018352,228.8471373,14.95469781,0.210172409,0.211559064,0.969363679,-0.06123588
Choerosaurus,-0.297424559,0,0,1,0,255.8839491,255.6860899,0.197859181,0.77232823,1.226809846,-0.558398319,-0.011961492
Chthomaloporus,-0.297424559,1,0,0,0,265.9451942,265.563181,0.382013241,0.669368857,1.070034441,-1.719219626,0.881694046
Chthonosaurus,-0.297424559,1,0,0,0,262.6165173,258.8080735,3.808443771,1.371585959,2.965359822,-0.521759034,1.20376876
Cistecephaloides,-0.297424559,0,0,1,0,256.8624466,256.686472,0.17597463,0.97407786,1.177813636,-0.016673172,-0.859216347
Cistecephalus,0.668769528,0,0,1,0,259.6698083,254.1058802,5.563928134,1.174906417,0.233681288,-0.295352408,-0.330372085
Cistecynodon,-0.297424559,0,0,1,0,244.5357627,244.3172371,0.218525638,1.111514544,1.020494317,1.955446393,1.314431594
Clelandina,-0.152345603,0,0,1,0,261.0831465,253.3025178,7.780628764,0.709710113,0.61456841,-0.35498649,0.081044908
Clepsydrops,-0.297424559,0,1,0,0,281.3886352,281.0195284,0.369106817,1.907488008,1.53627677,-0.573634826,1.147213535
Colobodectes,-0.028702758,0,0,1,0,263.826222,252.1465504,11.67967158,1.112422422,0.632798396,-0.553030772,0.23768398
Compsodon,0.668769528,0,0,1,0,260.8027799,252.7370335,8.0657464,1.087569439,0.815001826,-0.544650602,-0.226105868
Cotylorhynchus,-0.194988016,0,1,0,0,281.1701412,265.263627,15.90651423,0.392002557,0.880183897,-0.855732574,-0.042173351
Counillonia,-0.297424559,0,1,0,0,249.336597,249.2440712,0.09252581,4.364739684,3.399717856,1.909248818,-0.670343207
Cricodon,0.7568089,0,0,1,0,246.5753932,242.080247,4.495146217,0.812469321,0.355468746,1.459847768,-0.307756931
Criocephalosaurus,-0.297424559,0,0,1,0,263.2618004,259.9789941,3.282806274,1.151429369,1.438774568,-0.597882256,1.242224268
Cromptodon,-0.297424559,0,0,1,0,245.3875249,245.1954226,0.192102304,1.750924244,1.069930827,0.814771646,-0.796538939
Cryptocynodon,-0.080714483,0,0,1,0,261.1242264,254.0857754,7.03845097,0.680206479,0.303796732,-0.2877267,0.198141869
Ctenorhachis,-0.297424559,0,1,0,0,286.6121226,286.1809502,0.431172393,1.188663289,1.242132114,0.425296576,0.996201225
Ctenospondylus,-0.142015644,0,1,0,0,294.414538,281.9004807,12.51405728,0.478264999,0.237112379,-0.880055497,0.51464345
Cutleria,-0.297424559,0,1,0,0,294.7473952,290.0807795,4.666615753,1.17597345,0.841309417,-1.116820327,0.601529455
Cynariognathus,-0.297424559,0,0,1,0,263.3244322,259.9060649,3.418367362,1.192515183,1.515093943,-0.597882256,1.242224268
Cyniscops,-0.297424559,0,0,1,0,256.9233649,256.7248835,0.198481475,1.122529881,0.985161992,-0.016673172,-0.859216347
Cynognathus,1.437747253,0,0,1,1,246.8018835,230.3726114,16.42927217,1.346352512,0.407706523,1.05615264,-0.143209621
Cynosaurus,-0.152345603,0,0,1,0,261.3242398,252.4347364,8.889503382,0.772807567,0.786472016,-0.469903814,0.076053357
Cyonosaurus,-0.129234168,0,0,1,0,260.262788,251.9577625,8.305025504,0.616752014,0.892886833,-0.405260498,0.180894909
Dalongkoua,-0.297424559,1,0,0,0,253.0233387,252.8924316,0.130907121,2.776486698,3.160168637,-1.389242404,0.036120952
Daptocephalus,0.690269107,0,0,1,0,263.2800879,251.9588326,11.32125528,1.217243453,1.026054862,-0.447789846,0.504285408
Daqingshanodon,-0.297424559,1,0,0,0,255.5669955,255.4564262,0.11056929,2.768765568,3.594614843,-0.558398319,-0.011961492
Davletkulia,-0.297424559,1,0,0,0,270.6779717,269.878694,0.799277684,0.406431249,0.369175177,-0.906076974,-0.525905242
Delectosaurus,-0.110059055,1,0,0,0,260.4688995,257.0175779,3.451321651,0.269315621,1.151563164,-0.175897943,-0.029567708
Delphinognathus,-0.297424559,0,0,1,0,261.9562913,261.1705181,0.78577316,0.482636146,0.777915027,-1.54494948,1.524856541
Deuterosaurus,-0.174175094,1,0,0,0,266.8938315,259.7413159,7.152515631,0.255609283,1.178638267,-0.917950967,0.704704151
Diademodon,1.437747253,0,0,1,1,246.811847,230.9550941,15.85675292,1.333619163,0.40202229,1.05615264,-0.143209621
Dicynodon,6.526876649,1,0,1,0,264.742307,239.1909143,25.55139271,1.36940318,0.325586844,0.52919615,0.291954869
Dicynodontipus,-0.297424559,0,0,1,0,251.6082032,251.4852591,0.122944109,2.69479048,2.251599291,0.709860338,3.436901122
Dicynodontoides,1.017341343,0,0,1,0,260.7509282,247.541339,13.20958927,1.1231875,0.261817632,0.332276228,0.052513151
Diegocanis,-0.297424559,0,0,1,0,232.8611558,231.6545032,1.206652581,0.457145556,0.361877672,1.568449877,1.175278511
Digalodon,-0.152345603,0,0,1,0,261.0798046,252.8118766,8.267927961,0.713840961,0.769256716,-0.469903814,0.076053357
Diictodon,7.378515237,1,0,1,0,264.2917313,252.3339759,11.95775543,1.225937082,0.198155632,-0.593557251,0.160499296
Diictodontoides,-0.297424559,0,0,1,0,256.5079022,256.3129231,0.194979087,0.853154247,1.18221209,-0.558398319,-0.011961492
Dimetrodon,0.867616849,0,1,0,0,298.6134752,274.2405298,24.37294538,0.122707354,0.63972227,-0.779750253,0.194908819
Dinanomodon,-0.149684313,0,0,1,0,261.5676139,248.5937648,12.97384907,0.759383057,0.638708923,0.200906258,0.325011535
Dinodontosaurus,-0.238528042,0,0,1,0,242.0476401,236.4971099,5.550530183,0.427669461,0.326001682,1.056046496,0.450095773
Dinogorgon,0.668769528,0,0,1,0,260.3177392,252.3018236,8.015915559,1.105062951,0.869240912,-0.544650602,-0.226105868
Dinosaurus,-0.297424559,1,0,0,0,265.9024975,264.8081975,1.094299939,0.69605234,1.152803684,-1.275559591,-0.229129834
Dolichuranus,-0.250888744,0,0,1,0,246.5226951,242.461345,4.061350112,2.026582657,0.463408549,1.459847768,-0.307756931
Dolomitipes,-0.12624925,0,0,1,0,252.1324577,248.8526386,3.279819041,0.235600692,0.525532043,1.71022892,0.885167436
Dromatherium,-0.297424559,0,1,0,0,219.2315573,218.631907,0.599650252,0.74017666,0.934390751,0.039566226,0.764239401
Dvinia,-0.297424559,1,0,0,0,261.3855107,258.6500965,2.735414188,1.119844406,2.542608003,-0.180695553,1.0967395
Ecteninion,-0.297424559,0,0,1,0,233.6983542,232.1000304,1.598323776,0.388609237,0.369770549,0.490611469,-1.138091374
Edaphosaurus,0.935580605,0,1,0,0,298.8025815,274.5954682,24.20711334,0.122399609,0.618462171,-0.779750253,0.194908819
Elephantosaurus,-0.297424559,1,0,0,0,238.4156947,238.2788116,0.136883127,1.927597536,2.030150892,0.519762364,-0.713689692
Elliotsmithia,-0.297424559,0,0,1,0,262.5873202,261.8179092,0.769410974,0.778787873,0.769788252,-1.54494948,1.524856541
Elph,-0.297424559,1,0,0,0,263.0552008,259.1424019,3.91279892,1.847953133,2.191692053,-0.597882256,1.242224268
Emydochampsa,-0.297424559,0,0,1,0,257.3670619,257.1613134,0.20574856,1.002280349,0.896578349,-0.016673172,-0.859216347
Emydops,0.668769528,0,0,1,0,264.3078508,253.4084414,10.89940936,1.704975532,0.427412657,-0.521222237,0.171806418
Emydorhinus,-0.297424559,0,0,1,0,257.9425551,255.5644156,2.37813956,1.254017296,1.410278813,-0.287535745,-0.43558892
Emydorhynchus,-0.297424559,0,0,1,0,257.4699063,257.2607681,0.20913825,0.96875582,0.87786541,-0.016673172,-0.859216347
Emyduranus,-0.297424559,0,0,1,0,257.7568254,255.5478984,2.208926973,1.037556834,1.266186411,-0.287535745,-0.43558892
Endothiodon,2.436003129,0,1,1,0,264.2354813,252.9027883,11.33269294,1.000621131,0.509507204,-0.593557251,0.160499296
Ennatosaurus,2.009158217,1,1,0,0,274.6064828,262.6459308,11.96055203,0.125649942,0.405923554,-0.829679241,-0.06391123
Eodicynodon,-0.297424559,0,0,1,0,266.8418722,264.4026442,2.439227952,1.549043431,0.560573868,-1.497389609,0.326282106
Eoraetia,-0.297424559,1,0,0,0,205.1871914,204.7047853,0.482406117,1.333672987,1.361809261,-0.226130286,-0.404854956
Eosimops,-0.251476302,0,0,1,0,264.163068,254.8583612,9.304706845,1.556228763,0.913147542,-0.490763959,0.262850442
Eothyris,-0.297424559,0,1,0,0,287.4951112,287.0919246,0.403186628,1.318091794,1.316026557,0.425296576,0.996201225
Eozostrodon,-0.297424559,1,0,0,0,207.0684519,203.8847831,3.183668798,1.308232756,1.226127898,0.09928936,-0.628073699
Ericiolacerta,0.927958444,0,0,1,1,251.49615,246.531409,4.964741024,1.015877808,0.482085922,1.832427301,-0.147641625
Eriphostoma,-0.177974424,0,0,1,0,264.5753984,254.4514487,10.12394971,1.599946829,0.456010892,-0.490763959,0.262850442
Estemmenosuchus,-0.12305256,1,0,0,0,270.1715773,263.9420852,6.22949206,0.231536733,0.252132457,-0.961871871,0.113920587
Etjoia,-0.297424559,0,0,1,0,244.6903416,244.4948929,0.195448671,1.390803393,1.062772381,0.814771646,-0.796538939
Eubrachiosaurus,-0.297424559,0,1,0,0,231.7888773,229.8713504,1.917526882,0.73871449,0.717478171,1.519493516,-1.103213768
Euchambersia,-0.297424559,0,0,1,0,257.0839217,256.902233,0.181688742,0.90681592,1.093443569,-0.016673172,-0.859216347
Euptychognathus,-0.297424559,0,0,1,0,256.4851438,256.2971642,0.18797954,0.779564511,1.119750629,-0.558398319,-0.011961492
Euromycter,-0.297424559,0,1,0,0,280.9272984,280.579059,0.348239405,1.800849869,1.63806493,-0.573634826,1.147213535
Exaeretodon,3.719649219,0,1,1,0,244.7337421,207.1035319,37.63021015,0.32178109,0.087500656,0.674468629,-0.054981505
Fluctuodon,-0.297424559,1,0,0,0,204.8822127,204.3260282,0.556184511,0.887547612,1.067676038,-0.226130286,-0.404854956
Galechirus,-0.297424559,0,0,1,0,263.7719023,261.1823872,2.589515053,1.542062112,0.769578599,-0.927102081,0.965021782
Galeops,-0.177974424,0,0,1,0,263.3626979,255.1391422,8.223555688,0.989335377,0.475246754,-0.353612374,0.43293622
Galepus,-0.297424559,0,0,1,0,262.4800226,261.7518458,0.728176865,0.787888056,0.738596803,-1.54494948,1.524856541
Galesaurus,-0.16710618,0,0,1,0,251.9998731,247.0561232,4.943749903,0.432115062,0.772687831,1.991733862,-0.236345803
Gaumia,0.018793887,1,0,0,0,216.8498123,201.2446958,15.6051165,0.396919371,0.974532668,0.309722899,-0.358146542
Geikia,4.447499172,1,0,1,0,262.4317383,251.9102687,10.52146954,0.991846933,0.613932259,-0.460383952,0.513294352
Glanosuchus,-0.140777318,0,0,1,0,266.6625204,259.8573073,6.805213106,1.216673908,0.109426418,-0.917950967,0.704704151
Glaucosaurus,-0.297424559,0,1,0,0,281.7985757,281.4716541,0.32692159,1.542673268,1.448033254,-0.573634826,1.147213535
Gondwanadon,-0.297424559,0,0,1,0,231.7837218,230.6425699,1.141151958,0.398656036,0.396404603,1.519493516,-1.103213768
Gordonia,-0.297424559,1,0,0,0,254.0566929,252.1973018,1.859391171,3.162557841,3.536264479,-1.107523712,-0.351256434
Gorgonops,0.668769528,0,0,1,0,264.1066323,253.7015823,10.40505004,1.406437071,0.352156246,-0.521222237,0.171806418
Gorochovetzia,-0.297424559,1,0,0,0,260.6277954,260.3456094,0.282186011,1.496819838,1.756116896,-0.665395355,0.54552635
Gorynychus,-0.101648499,1,0,0,0,264.8971979,259.9772047,4.919993156,0.300353648,0.747234746,-0.686175511,0.856072969
Habayia,-0.297424559,1,0,0,0,205.5453898,205.0089309,0.536458901,1.425568636,1.060286508,-0.226130286,-0.404854956
Hahnia,-0.297424559,1,0,0,0,204.3819141,203.8685684,0.513345745,0.996533436,1.412902521,0.035532909,-0.632167669
Hallautherium,-0.297424559,1,0,0,0,206.0004479,205.4553688,0.545079083,0.953121379,0.821467341,0.138178843,-0.522030276
Haptodus,0.081333261,0,1,0,0,299.2236061,285.1892642,14.03434185,0.118343164,0.106620552,-0.583556333,0.120596848
Haramiyavia,-0.297424559,1,0,0,0,206.4644711,202.7912872,3.673183831,1.490895048,1.542602049,0.017934606,-0.643605327
Hazhenia,-0.297424559,1,0,0,0,246.0559181,245.8834163,0.172501834,3.275663339,2.183247661,1.00221091,-0.784246332
Heleosaurus,-0.297424559,0,0,1,0,262.3451739,261.6922824,0.652891474,0.756054978,0.775872678,-1.54494948,1.524856541
Helvetiodon,-0.297424559,1,0,0,0,204.9720466,204.4826807,0.48936597,1.265094984,1.342308441,-0.226130286,-0.404854956
Herpetoskylax,-0.297424559,0,0,1,0,258.274127,255.9390711,2.335055903,1.302516059,1.109179899,-0.144202724,-0.585590769
Hipposaurus,-0.297424559,0,0,1,0,263.4510105,259.9293295,3.521681005,1.646717356,1.46963375,-0.597882256,1.242224268
Hofmeyria,-0.152345603,0,0,1,0,261.0535559,254.1208719,6.932683978,0.720921909,0.435432921,-0.2877267,0.198141869
Homodontosaurus,-0.152345603,0,0,1,0,261.1399569,252.7837965,8.35616045,0.690695097,0.668217118,-0.469903814,0.076053357
Hwanghocynodon,-0.297424559,1,0,0,0,256.5900301,256.477871,0.112159073,2.53788786,3.31276043,-0.016673172,-0.859216347
Hyaenasuchus,-0.297424559,0,0,1,0,262.3106781,261.536191,0.774487098,0.851531719,0.865991569,-1.54494948,1.524856541
Hypselohaptodus,-0.297424559,0,1,0,0,295.7061088,295.1917755,0.514333266,1.125582704,0.990280419,0.252445046,-0.414350491
Hypsiprymnopsis,-0.297424559,1,0,0,0,203.8188648,203.3461562,0.472708584,0.969068774,1.630333169,0.035532909,-0.632167669
Ichibengops,-0.297424559,0,0,1,0,258.1457412,255.2173487,2.928392421,1.457402214,1.314086057,-0.144202724,-0.585590769
Icticephalus,-0.297424559,0,0,1,0,257.1821988,256.9709666,0.211232218,0.952294786,0.931875409,-0.016673172,-0.859216347
Ictidochampsa,-0.297424559,0,0,1,0,257.063631,256.8628821,0.200748904,0.789060782,0.798559027,-0.016673172,-0.859216347
Ictidognathus,-0.177974424,0,0,1,0,261.5051849,254.5015613,7.003623612,0.82700026,0.492319882,-0.2877267,0.198141869
Ictidorhinus,-0.297424559,0,0,1,0,254.7799631,254.6113638,0.168599302,1.087598077,1.778354063,-1.039392073,-0.146453112
Ictidosaurus,-0.140777318,0,0,1,0,266.1502811,260.5877651,5.562516039,1.259813784,0.099704778,-0.960043569,0.731233784
Ictidosuchops,-0.152345603,0,0,1,0,259.9008399,252.2579246,7.642915309,0.607424403,0.928735339,-0.527401352,-0.336339042
Ictidosuchus,-0.297424559,0,0,1,0,256.9255185,256.7410353,0.184483206,0.873280334,1.075298063,-0.016673172,-0.859216347
Idelesaurus,-0.297424559,1,0,0,0,262.197322,261.5668628,0.630459206,0.869311262,0.947708573,-1.54494948,1.524856541
Impidens,-0.297424559,0,0,1,0,244.3531452,244.1618746,0.191270525,1.229393456,1.038717762,1.955446393,1.314431594
Inostrancevia,5.678012463,1,0,1,0,264.4129126,255.5963206,8.816592001,1.599169818,0.101686114,-0.42980528,0.308328614
Interpresosaurus,-0.297424559,1,0,0,0,258.5589019,258.4113249,0.147577019,1.831817527,2.713003586,0.142463319,-0.885594469
Irajatherium,-0.297424559,0,0,1,0,224.1438044,212.9067843,11.23702014,0.405088972,0.357039734,0.457924386,0.264159778
Ischigualastia,-0.297424559,0,0,1,0,236.64052,227.7519803,8.888539664,0.610709836,0.616380663,0.738264343,-0.370457558
Isengops,-0.297424559,0,0,1,0,256.47461,256.2842254,0.190384589,0.848216908,1.134506233,-0.558398319,-0.011961492
Jachaleria,-0.022131539,0,0,1,0,242.7170597,206.5133579,36.20370182,0.297867667,0.226038139,0.567121818,-0.105277096
Jimusaria,1.026928271,1,0,0,0,258.1187836,251.9300858,6.188697827,0.271325803,1.254274051,-0.425312476,0.118737548
Jiufengia,-0.297424559,1,0,0,0,255.7269366,255.6082053,0.118731276,2.508809512,3.175911054,-0.558398319,-0.011961492
Jonkeria,-0.14066232,0,0,1,0,264.5327591,255.7694822,8.763276992,1.527697552,0.179188797,-0.42980528,0.308328614
Julognathus,-0.297424559,1,0,0,0,262.122379,261.4930863,0.629292711,0.971179231,0.840367317,-1.54494948,1.524856541
Kamagorgon,-0.266263272,1,0,0,0,274.2864634,267.8835165,6.402946833,0.966988396,0.388231646,-0.691259353,-0.073461069
Kannemeyeria,0.7568089,0,0,1,0,249.0969787,238.6620528,10.43492586,0.186898861,0.316389569,1.469594286,0.153210503
Karenites,-0.297424559,1,0,0,0,262.861711,260.3698301,2.491880973,1.34710888,1.421009327,-0.708439494,2.009091849
Kataigidodon,-0.297424559,0,1,0,0,218.7365938,218.1334667,0.603127144,0.633462707,0.697874622,0.039566226,0.764239401
Katumbia,-0.297424559,0,0,1,0,258.6618614,255.103041,3.558820409,1.44588252,1.544482858,-0.144202724,-0.585590769
Kawingasaurus,-0.297424559,0,0,1,0,259.0111073,254.7037009,4.307406413,1.639411334,1.593963973,-0.295352408,-0.330372085
Kembawacela,-0.297424559,0,0,1,0,259.1987494,254.3288673,4.869882103,1.694258157,1.511662839,-0.295352408,-0.330372085
Keratocephalus,-0.297424559,0,0,1,0,263.871676,260.1404734,3.731202537,1.555909708,1.304210062,-0.57537789,1.474456907
Keyseria,-0.297424559,0,0,1,0,255.0095888,254.8231433,0.186445504,1.141176699,1.709093091,-1.039392073,-0.146453112
Kitchinganomodon,0.668769528,0,0,1,0,260.9933978,253.1250744,7.868323393,1.100181177,0.592327449,-0.42399463,-0.263566842
Kombuisia,0.598015659,0,0,1,1,251.4427112,241.5916661,9.851045083,1.024320202,0.389116939,1.584158022,-0.046383468
Kotelcephalon,-0.297424559,1,0,0,0,261.3236624,260.9272605,0.396401914,1.031271902,1.631664992,0.128070492,2.493327157
Kuehneotherium,0.387693308,1,0,0,0,208.2505184,201.2803713,6.970147132,0.240656711,0.675056658,0.051586824,-0.563312408
Kunpania,-0.297424559,1,0,0,0,255.8858229,255.7740962,0.111726702,2.728133198,3.56173671,-0.558398319,-0.011961492
Kwazulusaurus,-0.297424559,0,0,1,0,255.7068764,255.5299994,0.176876965,1.293193314,1.464562951,-0.558398319,-0.011961492
Lalieudorhynchus,-0.297424559,0,1,0,0,263.0045941,262.6196438,0.38495022,1.328143249,1.627668806,-0.309254682,0.405187023
Langbergia,-0.05492919,0,0,1,0,249.7829323,246.6981179,3.084814365,0.11201476,0.642857538,1.646776661,-0.504106652
Lanthanostegus,-0.297424559,0,0,1,0,263.513559,260.8264639,2.687095143,1.410098928,1.111260188,-0.57537789,1.474456907
Lemurosaurus,-0.297424559,0,0,1,0,258.0938359,255.2932503,2.800585533,1.226133246,1.457728421,-0.144202724,-0.585590769
Lende,-0.297424559,0,0,1,0,257.5727171,257.3949178,0.177799211,1.440827398,1.270866833,-0.016673172,-0.859216347
Leogorgon,-0.264824227,1,0,0,0,262.3739133,258.0281947,4.345718623,0.873626583,2.28481351,-0.521759034,1.20376876
Leontosaurus,-0.297424559,0,0,1,0,259.3287555,252.9556903,6.373065207,1.811297461,2.066522208,-0.527401352,-0.336339042
Lepagia,-0.082661278,1,0,0,0,207.618907,201.5116504,6.107256647,0.302889367,1.142224566,0.004701643,-0.562057838
Leucocephalus,-0.297424559,0,0,1,0,256.3816393,256.1946681,0.186971129,0.940389592,1.251363588,-0.558398319,-0.011961492
Lobalopex,-0.297424559,0,0,1,0,256.8123863,256.6052003,0.207185991,1.044378563,1.214076461,-0.016673172,-0.859216347
Lophorhinus,-0.297424559,0,0,1,0,256.4326468,256.2500845,0.182562326,1.074533476,1.239867007,-0.558398319,-0.011961492
Luangwa,-0.141271243,0,0,1,0,246.6804252,234.40738,12.27304521,1.227105774,0.222128189,1.066339081,-0.048900923
Lumkuia,-0.297424559,0,0,1,0,244.8967758,244.7120301,0.184745682,1.526628773,1.028212778,0.814771646,-0.796538939
Lupeosaurus,-0.297424559,0,1,0,0,297.3101875,296.7173027,0.592884747,0.835938427,0.893964199,-0.595793182,-0.4497477
Lycaenodon,-0.152345603,0,0,1,0,260.6101173,253.7996514,6.810465876,0.635850978,0.470332924,-0.42399463,-0.263566842
Lycaenops,0.668769528,0,0,1,0,259.952424,253.0786327,6.873791293,1.115722667,0.603032737,-0.383761176,-0.398415708
Lycedops,-0.297424559,0,0,1,0,262.5069526,261.9244075,0.582545088,0.897211027,0.677224863,-1.54494948,1.524856541
Lycideops,-0.297424559,0,0,1,0,254.572477,254.4118998,0.160577273,1.279275273,1.947607696,-0.825805019,-0.738633819
Lycosaurus,-0.271795739,0,0,1,0,263.1637034,256.1241212,7.039582176,1.153235889,1.069909614,-0.324357239,0.496493036
Lycosuchus,-0.297424559,0,0,1,0,261.3606943,260.6538651,0.706829237,0.568614353,1.111299378,0.128070492,2.493327157
Lystrosaurus,8.424945178,1,0,1,1,262.739907,246.659792,16.08011498,0.879997857,0.213327884,0.256119565,0.306751859
Malasaurus,-0.297424559,1,0,0,0,258.6776678,258.5313958,0.146271998,1.791871866,2.541923428,-0.004761794,0.251364994
Mandagomphodon,-0.297424559,0,0,1,0,245.1639969,243.8218268,1.34217005,1.551529888,0.938852072,1.38510902,0.258946328
Martensius,-0.297424559,0,1,0,0,288.1915605,287.7411876,0.450372881,1.048568279,1.093996654,-0.571677217,-0.692432648
Massetognathus,-0.238528042,0,0,1,0,242.0641907,230.8478763,11.21631444,0.456496211,0.316421537,0.921587598,-0.088360518
Maubeugia,-0.297424559,1,0,0,0,206.3389093,205.7590885,0.579820811,1.028577769,0.807812457,0.138178843,-0.522030276
Megawhaitsia,-0.088928349,1,0,0,0,261.0785845,257.5098429,3.568741542,0.241433734,0.959374933,-0.099905835,0.601156008
Menadon,-0.297424559,0,0,1,0,232.1271022,230.6451763,1.481925876,0.397077826,0.438875452,1.543971697,0.036032371
Mesenosaurus,2.430953999,1,1,0,0,287.1823317,264.2038658,22.97846591,0.185925498,0.366877014,-0.851945376,0.120116898
Meurthodon,-0.297424559,1,0,0,0,205.5082935,205.0035677,0.504725876,1.231184873,1.08727186,-0.226130286,-0.404854956
Microconodon,-0.258189477,0,1,0,0,234.1011174,213.4643166,20.63680081,1.090191331,0.712866458,0.511542833,0.026502436
Microgomphodon,0.710273085,0,0,1,0,249.4990552,236.8414818,12.65757339,0.166312369,0.254277242,1.316615387,-0.003290234
Microhelodon,-0.297424559,0,0,1,0,244.6557527,244.4351467,0.220605984,1.337922062,1.012391204,0.814771646,-0.796538939
Microscalenodon,-0.291850617,1,0,0,0,207.0425063,202.8140571,4.228449176,1.461166997,1.310525114,0.104262879,-0.70553264
Microsyodon,-0.297424559,1,0,0,0,273.8342964,268.9677398,4.866556544,1.085816671,0.53800208,-0.642353492,-0.236208962
Microurania,-0.124658132,1,0,0,0,266.1670883,257.9295945,8.237493793,0.325015377,1.168203477,-0.698661694,0.477633287
Microvaranops,-0.297424559,0,0,1,0,263.8942703,259.951034,3.943236284,1.675734403,1.616359309,-0.597882256,1.242224268
Microwhaitsia,-0.297424559,0,0,1,0,258.2413771,255.5782784,2.663098749,1.269572449,1.18525877,-0.144202724,-0.585590769
Minicynodon,-0.297424559,0,0,1,0,218.1130766,216.9923732,1.120703413,0.221090081,0.331053564,0.039566226,0.764239401
Mirotenthes,-0.297424559,0,0,1,0,258.0366932,255.3991651,2.637528062,1.198380611,1.44596092,-0.144202724,-0.585590769
Mitredon,-0.297424559,1,0,0,0,205.4456842,204.8904231,0.555261106,1.11938036,0.852374116,-0.226130286,-0.404854956
Moghreberia,-0.297424559,0,1,0,0,235.7869967,227.9006127,7.886383991,1.654315691,0.753827723,0.80207891,-0.258063362
Mojo,-0.297424559,1,0,0,0,203.4560205,202.9537254,0.502295087,0.807219989,1.474972393,0.124156959,-1.015368406
Molybdopygus,-0.297424559,1,0,0,0,265.4300086,265.0615901,0.368418514,0.805509797,1.115109893,-1.275559591,-0.229129834
Morganucodon,-0.297424559,1,0,0,0,207.5867716,202.2550582,5.331713462,1.838796889,1.881791172,0.104262879,-0.70553264
Mormosaurus,-0.297424559,0,0,1,0,262.2659003,261.4446067,0.821293613,0.518716212,0.805741213,-1.54494948,1.524856541
Moschops,-0.177974424,0,0,1,0,264.3789862,256.7432144,7.635771789,1.48106094,0.202510279,-0.41373115,0.348364878
Moschorhinus,0.042990575,0,0,1,0,260.4957875,246.9136485,13.58213904,0.767078431,0.576263908,0.393913716,0.063560432
Moschowhaitsia,-0.088928349,1,0,0,0,261.1682187,256.860293,4.307925626,0.270004379,1.20134209,-0.083259302,0.309081537
Muchia,-0.297424559,1,0,0,0,261.75834,261.313688,0.444652001,1.279207933,1.312741762,-1.54494948,1.524856541
Mucrotherium,-0.297424559,1,0,0,0,205.0624902,204.4953717,0.567118488,0.887505718,0.893054106,-0.226130286,-0.404854956
Mupashi,-0.297424559,0,0,1,0,256.3284068,256.1236386,0.204768158,0.76628151,0.985706726,-0.558398319,-0.011961492
Mycterosaurus,-0.15598139,0,1,0,0,290.2041201,276.9504469,13.2536732,0.420746692,0.369896573,-0.718405452,0.25965194
Myosauroides,-0.297424559,0,0,1,0,256.9581484,256.7874659,0.170682572,0.942497649,1.062473268,-0.016673172,-0.859216347
Myosaurus,0.752244174,0,0,1,1,251.9883781,246.6606424,5.327735763,1.212284677,0.680852913,1.832427301,-0.147641625
Nanictidops,-0.297424559,0,0,1,0,256.4908011,256.2927946,0.198006454,0.854596626,1.10720002,-0.558398319,-0.011961492
Nanictocephalus,-0.297424559,0,0,1,0,256.9482793,256.7520335,0.196245789,0.829445407,0.929956918,-0.016673172,-0.859216347
Nanictosaurus,-0.152345603,0,0,1,0,260.7693189,252.3638291,8.40548987,0.630561464,0.801431672,-0.544650602,-0.226105868
Nanocynodon,-0.297424559,1,0,0,0,261.29397,260.7055663,0.588403624,1.046414021,1.370558592,0.128070492,2.493327157
Nanogomphodon,-0.297424559,1,0,0,0,238.3745848,238.2060435,0.168541345,1.92320616,1.675769973,0.519762364,-0.713689692
Niaftasuchus,-0.297424559,1,0,0,0,273.1043199,267.6581985,5.446121453,0.852945426,0.872845592,-0.708668047,-0.006977986
Niassodon,-0.297424559,0,0,1,0,257.1064996,256.9273899,0.179109704,0.958719431,1.038134171,-0.016673172,-0.859216347
Nikkasaurus,-0.297424559,1,0,0,0,270.3130963,266.1191741,4.193922251,0.744155788,1.102842194,-0.674743838,0.208353031
Niuksenitia,-0.297424559,1,0,0,0,261.873385,261.3298345,0.543550542,1.010283994,1.192526313,-1.54494948,1.524856541
Nochnitsa,-0.297424559,1,0,0,0,262.1818951,261.5040735,0.677821644,1.024492761,1.114164409,-1.54494948,1.524856541
Notaelurodon,-0.297424559,0,0,1,0,254.306672,254.1503378,0.156334207,1.08221033,1.682474339,-0.825805019,-0.738633819
Nothogomphodon,0.205727677,1,0,0,0,245.9870648,241.9532487,4.033816168,1.69103277,0.626750018,1.4193082,0.264654946
Notictoides,-0.297424559,0,0,0,1,249.3396967,249.2647891,0.074907595,5.526899442,4.746129907,1.909248818,-0.670343207
Notosyodon,-0.297424559,1,0,0,0,263.7592867,263.2992202,0.460066541,1.067860203,0.751752539,-1.039348528,-0.688532228
Nshimbodon,-0.297424559,0,0,1,0,257.3981833,257.2092131,0.188970203,1.077619371,0.920239751,-0.016673172,-0.859216347
Nythosaurus,-0.297424559,0,0,1,0,244.0178923,243.8077533,0.210138975,1.034388731,1.005363862,1.955446393,1.314431594
Odontocyclops,0.668769528,0,0,1,0,259.9332817,254.0883472,5.844934514,1.003280528,0.274635353,-0.295352408,-0.330372085
Oligokyphus,-0.297424559,1,0,0,0,206.0990755,203.986708,2.112367453,1.041767068,1.259180572,-0.017472845,-0.5196843
Olivierosuchus,-0.181757414,0,0,1,0,251.5212124,246.8953005,4.625911927,0.516385596,0.811363406,1.832427301,-0.147641625
Ophiacodon,0.693937351,0,1,0,0,298.575887,274.4432392,24.13264782,0.123724739,0.595461579,-0.779750253,0.194908819
Ophidostoma,-0.297424559,0,0,1,0,256.44673,256.2509308,0.19579925,0.804506802,1.132988817,-0.558398319,-0.011961492
Ordosiodon,-0.297424559,1,0,0,0,245.2819003,242.415971,2.865929328,1.497773741,1.262171371,1.612393387,-0.14892713
Oromycter,-0.297424559,0,1,0,0,287.8670896,287.334949,0.532140675,1.06153272,1.017750024,-0.571677217,-0.692432648
Otsheria,-0.297424559,1,0,0,0,266.0453052,265.6623171,0.382988167,0.61316959,1.104198631,-1.719219626,0.881694046
Oudenodon,1.03766078,0,0,1,0,262.2489914,251.9873902,10.26160125,0.883981128,1.039609174,-0.460383952,0.513294352
Pachydectes,-0.297424559,0,0,1,0,263.0639785,262.278932,0.785046502,0.85050312,0.4283975,-0.309254682,0.405187023
Palemydops,-0.152345603,0,0,1,0,260.9754502,254.1216274,6.853822773,0.691798787,0.480742294,-0.357026232,-0.184389013
Pampaphoneus,-0.297424559,0,0,1,0,266.1750677,263.0084575,3.166610213,1.594211151,0.741628726,-1.344709248,-0.011989338
Panchetocynodon,-0.297424559,0,0,1,0,250.5634358,250.3508473,0.21258841,1.479422379,1.0314649,2.153673365,-1.022197668
Parabradysaurus,-0.266263272,1,0,0,0,274.7276889,270.4117073,4.31598165,1.161871381,0.287070313,-0.728448279,-0.492391472
Paraburnetia,-0.297424559,0,0,1,0,257.6676861,257.476325,0.191361079,1.120192716,0.900802069,0.142463319,-0.885594469
Paragalerhinus,-0.297424559,0,0,1,0,256.9022828,256.7116379,0.190644891,1.138118176,1.281669181,-0.016673172,-0.859216347
Parakannemeyeria,1.085550176,1,0,0,0,246.9061168,235.295843,11.61027377,1.76646035,0.447041138,1.13918609,0.038611289
Parasuminia,-0.297424559,1,0,0,0,262.6693061,262.1849679,0.484338209,1.425638124,1.132834984,-1.54494948,1.524856541
Paratraversodon,-0.297424559,0,0,1,0,240.0840387,239.8942253,0.189813393,0.85544981,0.526033913,1.528109483,0.438044897
Pardosuchus,-0.297424559,0,0,1,0,261.9338354,261.1549822,0.778853189,0.658568526,1.032990423,-1.54494948,1.524856541
Pascualgnathus,-0.297424559,0,0,1,0,235.7937587,228.2228318,7.570926878,0.593760871,0.556664424,0.80207891,-0.258063362
Patranomodon,-0.297424559,0,0,1,0,266.2880986,264.4968526,1.791245981,1.514457032,0.61295103,-1.497389609,0.326282106
Pelanomodon,-0.152345603,0,0,1,0,260.4115362,251.9411285,8.470407703,0.634446821,0.967473032,-0.405260498,0.180894909
Pelictosuchus,-0.297424559,0,0,1,0,257.2034727,255.0032785,2.200194241,0.991972563,1.419371342,-0.287535745,-0.43558892
Peramodon,-0.264824227,1,0,0,0,262.4238231,259.1939658,3.229857299,1.091775252,1.890628116,-0.694091448,1.521236683
Perplexisaurus,-0.06519668,1,0,0,0,266.5072549,259.9214163,6.585838594,0.267424867,0.632650778,-0.917950967,0.704704151
Phocosaurus,-0.297424559,0,0,1,0,263.094085,259.9446601,3.149424872,1.193001124,1.4971741,-0.597882256,1.242224268
Phreatophasma,-0.297424559,1,0,0,0,271.4457427,270.7076507,0.738092035,0.570232561,0.417733482,-1.215724316,-0.053251943
Phthinosaurus,-0.265050452,1,0,0,0,271.758672,264.6328944,7.125777635,0.511783091,0.90332809,-0.987068412,0.204674914
Placerias,-0.162830275,0,1,0,0,235.2056287,209.0391992,26.16642956,0.884343511,0.547854441,0.458506937,-0.109468146
Planitorostris,-0.297424559,1,0,0,0,240.4100094,240.253876,0.156133404,1.122244687,1.820892562,1.528109483,0.438044897
Platycraniellus,-0.297424559,0,0,1,0,251.3070788,248.0152268,3.291851997,2.5251323,1.194480582,2.043685114,0.034589541
Platycyclops,-0.297424559,0,0,1,0,257.5758296,257.3945065,0.181323093,1.247034136,1.005435644,-0.016673172,-0.859216347
Platypodosaurus,-0.151656244,0,0,1,0,260.1006413,254.1357085,5.964932803,0.554777517,0.368337728,-0.357026232,-0.184389013
Polonodon,-0.297424559,1,0,0,0,232.1455776,231.4708752,0.674702412,1.50129874,1.383555473,1.568449877,1.175278511
Polycynodon,-0.297424559,0,0,1,0,256.8183808,256.6268335,0.191547259,0.99089921,1.056664613,-0.016673172,-0.859216347
Porosteognathus,-0.26192163,1,0,0,0,265.565804,261.2023814,4.363422627,0.784550717,1.409344083,-1.04227807,0.253095376
Pravoslavlevia,-0.297424559,1,0,0,0,260.6530182,260.2129511,0.44006706,1.107064032,1.419694846,-0.665395355,0.54552635
Pristerodon,1.017341343,0,0,1,0,263.4643532,254.0553767,9.408976458,1.415065288,0.194361976,-0.429810118,0.368559627
Pristerognathoides,-0.297424559,0,0,1,0,264.273406,258.7707691,5.502636866,2.281660373,1.744181847,-0.572606558,0.755288306
Pristerognathus,-0.297424559,0,0,1,0,264.1053097,259.7963309,4.308978814,1.950634278,1.805471336,-0.686175511,0.856072969
Pristerosaurus,-0.297424559,0,0,1,0,261.5702698,260.8696589,0.700610897,0.502334512,1.00612324,0.128070492,2.493327157
Probainognathus,-0.265776887,0,0,1,0,241.2820608,229.8393102,11.44275051,0.696052748,0.433210978,0.928999867,-0.233247944
Proburnetia,-0.297424559,1,0,0,0,262.1960424,261.6529424,0.543100086,1.212485679,1.106852001,-1.54494948,1.524856541
Procynosuchus,6.156335209,1,0,1,0,263.1326274,249.2137217,13.91890565,0.968049603,0.254367458,-0.082262259,0.487538338
Prodicynodon,-0.152345603,0,0,1,0,259.9153043,253.7838103,6.131493996,0.563886617,0.493014462,-0.383761176,-0.398415708
Progalesaurus,-0.297424559,0,0,1,0,251.5831168,251.461557,0.121559738,2.68204019,2.250058998,0.709860338,3.436901122
Promoschorhynchus,-0.184659383,0,0,1,0,261.0057529,253.2292207,7.776532186,0.656292382,0.892352739,-0.35498649,0.081044908
Protheriodon,-0.297424559,0,0,1,0,240.2011007,239.989081,0.212019672,0.87152234,0.524180086,1.528109483,0.438044897
Protuberum,-0.297424559,0,0,1,0,241.5770912,236.7653834,4.811707795,1.242803981,0.645430631,1.099245267,0.239034693
Prozostrodon,-0.297424559,0,0,1,0,231.4432555,214.1462681,17.2969874,0.467139031,0.324936202,0.236901846,0.181184145
Pseudotherium,-0.297424559,0,0,1,0,233.3393397,231.9601632,1.37917657,0.461560098,0.331474772,1.029530673,0.018593569
Pseudotriconodon,2.086797192,1,1,0,0,222.293662,199.3970976,22.89656441,0.180398638,0.134055793,0.225455732,-0.325341503
Ptomalestes,-0.297424559,0,0,1,0,263.8039433,260.2143856,3.589557715,1.655179501,1.407797286,-0.57537789,1.474456907
Purlovia,-0.088928349,1,0,0,0,261.3627848,257.0654428,4.297341955,0.234157966,1.07522731,-0.099905835,0.601156008
Putillosaurus,-0.297424559,1,0,0,0,248.633977,248.5541567,0.079820285,5.846194542,3.814296141,1.909248818,-0.670343207
Pyozia,-0.297424559,1,0,0,0,268.7261536,268.0669185,0.659235106,0.491827263,0.700819816,-1.040240823,1.139176894
Rabidosaurus,-0.175556954,1,0,0,0,246.0910257,242.5373667,3.55365897,2.735456353,0.873259127,1.459847768,-0.307756931
Raranimus,-0.297424559,1,0,0,0,269.9744637,269.3217841,0.65267952,0.385491528,0.49900068,-0.906076974,-0.525905242
Rastodon,-0.297424559,0,0,1,0,263.9852567,263.4654607,0.51979597,0.930462049,0.854838128,-1.039348528,-0.688532228
Rechnisaurus,0.12569417,0,0,1,0,246.3821155,241.8772256,4.504889867,0.713534209,0.212167229,1.335888742,0.05487469
Redondagnathus,-0.297424559,0,1,0,0,217.5199845,217.0321045,0.487880032,1.138285217,1.124468078,0.039566226,0.764239401
Regisaurus,-0.297424559,0,0,1,0,251.0952887,248.0290662,3.066222454,2.272136623,1.227348266,2.043685114,0.034589541
Reiszia,-0.297424559,1,0,0,0,272.9015125,268.0025652,4.898947367,0.849654438,0.844582556,-0.698287559,-0.08546942
Repelinosaurus,-0.297424559,0,1,0,0,248.7979211,248.7111649,0.086756275,4.662739158,3.478585242,1.909248818,-0.670343207
Rewaconodon,1.546582454,0,1,1,0,235.9398889,215.3846582,20.55523071,0.186024213,0.157490786,0.308222134,-0.209838582
Rhachiocephalus,0.668769528,0,0,1,0,259.9103039,253.6351175,6.275186415,1.101906204,0.422909834,-0.383761176,-0.398415708
Rhadiodromus,-0.175556954,1,0,0,0,246.4077492,242.7463125,3.66143663,3.294881549,0.765892017,1.459847768,-0.307756931
Rhinodicynodon,-0.297424559,1,0,0,0,244.359465,244.0904636,0.269001345,0.670100044,0.639479854,1.955446393,1.314431594
Rhopalodon,-0.174175094,1,0,0,0,267.59232,263.4377541,4.154565906,0.256721209,0.471109383,-1.202020186,-0.164473574
Riebeeckosaurus,-0.297424559,0,0,1,0,262.3954146,261.8205713,0.574843237,0.909791673,0.985872991,-1.54494948,1.524856541
Riograndia,-0.297424559,0,0,1,0,227.4683792,208.8440624,18.62431678,0.578674718,0.499756199,0.252140485,-0.1188143
Riojanodon,-0.297424559,0,0,1,0,239.5722351,239.3719507,0.200284395,0.649506637,0.546541101,0.744613257,0.523448309
Robertia,-0.144671536,0,0,1,0,264.2812671,258.6942131,5.587053985,1.243769282,0.13554487,-0.572606558,0.755288306
Rosieria,-0.297424559,1,0,0,0,206.5790825,203.6929816,2.886100817,1.159291751,1.053808028,-0.017472845,-0.5196843
Ruberodon,-0.297424559,0,0,1,0,231.9794794,230.785272,1.194207369,0.432607089,0.38997483,1.519493516,-1.103213768
Rubidgea,0.668769528,0,0,1,0,260.3269909,252.0317294,8.295261452,1.050667624,0.921304228,-0.544650602,-0.226105868
Ruhuhucerberus,-0.297424559,0,0,1,0,258.6912062,254.9646326,3.726573574,1.473672708,1.405112393,-0.368000061,-0.475806355
Ruthenosaurus,-0.297424559,0,1,0,0,282.7943088,282.4791647,0.315144115,1.646734316,1.536869383,-1.638800139,0.508818064
Sangusaurus,-0.141271243,0,0,1,0,246.4071505,235.7942207,10.61292982,1.101513317,0.211360096,1.13918609,0.038611289
Santacruzgnathus,-0.297424559,0,0,1,0,231.8990416,230.6059981,1.293043595,0.382374247,0.412070877,1.519493516,-1.103213768
Santacruzodon,-0.297424559,0,0,1,0,236.0116293,227.3505989,8.66103044,0.563472814,0.545545732,0.738264343,-0.370457558
Santagnathus,-0.297424559,0,0,1,0,227.3646861,208.4936503,18.87103584,0.557469796,0.488756618,0.252140485,-0.1188143
Sauroctonus,5.410373401,1,0,1,0,264.0044324,255.915326,8.08910632,1.294100428,0.196732122,-0.42980528,0.308328614
Sauroscaptor,-0.297424559,0,0,1,0,259.0763991,254.7551543,4.321244748,1.372435082,1.669140686,-0.295352408,-0.330372085
Scalenodon,-0.141271243,0,0,1,0,246.8906974,236.4111562,10.47954119,1.286515003,0.236502192,1.217567005,0.146954692
Scalopocephalus,-0.297424559,0,0,1,0,256.9023689,256.7236122,0.178756645,1.01375003,1.192842366,-0.016673172,-0.859216347
Scalopodontes,-0.297424559,1,0,0,0,262.42772,261.942171,0.485548925,1.302533301,1.060979944,-1.54494948,1.524856541
Scalopognathus,-0.297424559,1,0,0,0,251.6360196,251.5279513,0.10806832,2.776371183,3.677419433,0.709860338,3.436901122
Scaloporhinus,-0.297424559,0,0,1,0,254.6720638,254.5162157,0.155848122,1.317662844,1.954036674,-1.039392073,-0.146453112
Scaloposaurus,-0.149684313,0,0,1,0,260.520102,247.1112429,13.40885915,0.624305861,0.721438527,0.332276228,0.052513151
Scaloposuchus,-0.297424559,0,0,1,0,256.7946722,256.6009036,0.193768575,0.984687874,1.245909996,-0.016673172,-0.859216347
Scylacoides,-0.297424559,0,0,1,0,257.7485541,257.4314604,0.317093758,0.897706444,1.099078201,0.142463319,-0.885594469
Scylacops,0.668769528,0,0,1,0,260.4960499,253.8696876,6.626362288,1.111713744,0.420500453,-0.42399463,-0.263566842
Scylacosaurus,-0.210288204,0,0,1,0,263.870328,255.0403784,8.829949567,1.095300881,0.683005532,-0.353612374,0.43293622
Scylacosuchus,-0.297424559,1,0,0,0,262.7770388,262.3627475,0.414291302,1.735291218,1.25133088,-0.309254682,0.405187023
Scymnosaurus,-0.297424559,0,0,1,0,263.9495739,259.8056261,4.143947858,1.868683671,1.715993036,-0.597882256,1.242224268
Secodontosaurus,-0.15598139,0,1,0,0,290.5808102,276.0275305,14.55327967,0.432811131,0.403061794,-0.718405452,0.25965194
Sesamondontoides,-0.297424559,0,0,1,0,244.2653626,244.0269586,0.238404,1.003330004,0.961266221,1.955446393,1.314431594
Shaanbeikannemeyeria,-0.297424559,1,0,0,0,245.1691385,242.5188243,2.650314211,1.906880497,1.480149253,1.612393387,-0.14892713
Shansiodon,6.247554932,1,0,1,0,246.6833329,241.8743342,4.808998725,0.312335386,0.285172269,1.335888742,0.05487469
Shiguaignathus,-0.297424559,1,0,0,0,255.7753253,255.6411912,0.134134099,2.546866492,3.135110648,-0.558398319,-0.011961492
Silphedosuchus,-0.297424559,1,0,0,0,248.1749924,248.0952853,0.079707075,5.985826617,3.834625651,1.835880105,-1.049151836
Silphoictidoides,-0.297424559,0,0,1,0,257.5369675,255.3610163,2.175951179,1.111632783,1.438616242,-0.287535745,-0.43558892
Sinoconodon,-0.297424559,1,0,0,0,206.0714577,205.5656651,0.505792521,1.59251218,1.086190993,0.138178843,-0.522030276
Sinognathus,-0.297424559,1,0,0,0,244.8888548,244.6050559,0.283798834,1.645647744,0.48188474,0.814771646,-0.796538939
Sinokannemeyeria,-0.297424559,1,0,0,0,246.4324111,240.8340069,5.598404221,4.261860189,2.002429879,1.492080738,0.372690381
Sinophoneus,-0.297424559,1,0,0,0,272.770432,267.6338498,5.136582196,0.760528394,0.638588833,-0.766678212,0.159459843
Sintocephalus,-0.297424559,0,0,1,0,257.9405378,257.7470546,0.193483128,0.827261308,0.70182023,0.142463319,-0.885594469
Siriusgnathus,-0.086232497,0,0,1,0,235.4909117,208.0313499,27.45956179,0.092364833,0.226425749,0.435453293,-0.165230654
Sludica,-0.198311456,1,0,0,0,264.0256788,259.9360281,4.089650775,0.531700672,1.150785703,-0.686175511,0.856072969
Smilesaurus,-0.152345603,0,0,1,0,261.170145,253.9834019,7.186743098,0.688148592,0.4433887,-0.35498649,0.081044908
Sphenacodon,0.484949886,0,1,0,0,299.1474221,285.3356658,13.81175625,0.118165118,0.070394049,-0.583556333,0.120596848
Stahleckeria,-0.147694787,0,0,1,0,245.0728851,234.0019809,11.0709042,0.735279626,0.242765647,1.072168915,0.01794866
Stereophallodon,-0.297424559,0,1,0,0,293.2096942,292.6870341,0.522660049,1.070953134,0.847505902,-1.225558422,-0.741054731
Struthiocephaloides,-0.297424559,0,0,1,0,263.0797789,260.4070181,2.672760775,1.311370032,1.395830944,-0.57537789,1.474456907
Struthiocephalus,-0.297424559,0,0,1,0,264.2910317,259.690552,4.60047966,2.421281658,1.826669599,-0.686175511,0.856072969
Styracocephalus,-0.297424559,0,0,1,0,262.9038555,260.5034557,2.400399796,1.186095709,1.129058838,-0.708439494,2.009091849
Suchogorgon,-0.297424559,1,0,0,0,263.5853035,259.8662692,3.719034309,1.861227472,1.862608966,-0.597882256,1.242224268
Suminia,-0.242657911,1,0,0,0,264.1877622,259.5666968,4.621065391,1.154725441,1.757317534,-0.686175511,0.856072969
Sungeodon,-0.297424559,1,0,0,0,248.3930288,248.3121094,0.080919382,5.786554451,3.689167882,1.835880105,-1.049151836
Sycosaurus,0.523690572,0,0,1,0,260.5774709,254.0820649,6.495406024,1.049407552,0.349103824,-0.357026232,-0.184389013
Syodon,-0.026502087,1,0,0,0,275.9818684,259.7257716,16.25609677,0.33397737,0.55647971,-0.809941187,0.25157881
Syops,-0.297424559,0,0,1,0,259.3502051,254.5341411,4.816064027,1.586057802,1.664940546,-0.295352408,-0.330372085
Sysphinctostoma,-0.297424559,0,0,1,0,244.7557343,242.5708137,2.18492061,1.306255946,0.981565349,2.011204257,0.174878774
Tambacarnifex,-0.297424559,0,1,0,0,286.3226587,285.9069425,0.415716283,1.076696457,1.20762727,0.425296576,0.996201225
Tamboeria,-0.297424559,0,0,1,0,261.9506941,261.165365,0.785329078,0.52351996,0.725458768,-1.54494948,1.524856541
Taoheodon,-0.297424559,1,0,0,0,254.5946196,254.4690837,0.125535962,2.461277323,3.024152097,-1.039392073,-0.146453112
Tapinocaninus,-0.297424559,0,0,1,0,265.6633065,265.2319163,0.431390175,1.490826951,0.604632922,-1.275559591,-0.229129834
Tapinocephalus,-0.297424559,0,0,1,0,263.6802571,260.4153795,3.26487759,1.459541424,1.386078484,-0.57537789,1.474456907
Taurocephalus,-0.297424559,0,0,1,0,261.8282049,261.0974908,0.730714077,0.66480854,1.087803234,0.128070492,2.493327157
Tessellatia,-0.297424559,0,0,1,0,218.103155,217.2535865,0.849568495,0.144760724,0.256825146,0.039566226,0.764239401
Tetraceratops,-0.297424559,0,1,0,0,279.4522253,279.1460078,0.306217478,1.897484186,1.65647429,-0.716829221,-0.452459647
Tetracynodon,0.021490996,0,0,1,0,261.1212698,247.2708258,13.85044401,0.735839981,0.457305638,0.317690104,0.226857009
Tetragonias,-0.297424559,0,0,1,0,245.9125753,243.643398,2.269177325,1.781035797,0.953285153,1.38510902,0.258946328
Theriognathus,0.74578167,0,0,1,0,259.9174886,243.7666049,16.15088373,1.139036314,0.176419549,0.622038521,0.004872877
Therioides,-0.297424559,0,0,1,0,262.5887813,261.7603148,0.828466513,0.77734444,0.464345618,-1.54494948,1.524856541
Theroteinus,-0.297424559,1,0,0,0,204.7074618,204.2565647,0.450897067,1.280376984,1.463966907,0.035532909,-0.632167669
Thliptosaurus,-0.297424559,0,0,1,0,256.0356452,255.8669415,0.16870377,1.164771408,1.264832108,-0.558398319,-0.011961492
Thomasia,0.246027213,1,0,0,0,208.5054315,201.4857415,7.019690049,0.226069268,0.847014252,0.051586824,-0.563312408
Thrinaxodon,0.756783135,0,0,1,1,251.9108956,246.7087503,5.202145224,1.135485873,0.64545156,1.832427301,-0.147641625
Tigrisuchus,-0.297424559,0,0,1,0,258.3123872,255.9303252,2.382062007,1.427105132,1.217705917,-0.144202724,-0.585590769
Tikitherium,-0.297424559,0,0,1,0,233.4585385,232.1525534,1.305985026,0.481872427,0.378115108,0.490611469,-1.138091374
Titanogomphodon,-0.297424559,0,0,1,0,241.8947815,241.7030882,0.191693261,1.137261803,0.800780627,0.840052639,1.505401174
Titanophoneus,-0.138672165,1,0,0,0,267.1342286,260.2336469,6.900581629,0.234339357,0.896943202,-0.933459202,0.537925204
Titanosuchus,-0.297424559,0,0,1,0,264.1842412,259.5801889,4.604052302,2.260184687,1.9500568,-0.686175511,0.856072969
Traversodon,-0.297424559,0,0,1,0,241.5725359,237.6419085,3.930627387,1.205745022,0.601910921,1.266381455,0.552393087
Traversodontoides,-0.297424559,1,0,0,0,245.0012746,244.7177818,0.283492819,1.675739438,0.493152458,0.814771646,-0.796538939
Trichasaurus,-0.297424559,0,1,0,0,277.9577378,277.5516644,0.406073438,1.816904452,1.354726077,-1.347950261,0.186008567
Tricuspes,0.123913274,1,0,0,0,216.1170136,201.4067103,14.71030334,0.332711786,0.872203607,0.309722899,-0.358146542
Trirachodon,0.7568089,0,0,1,0,246.7595779,238.4116815,8.347896357,0.79482802,0.40443341,1.403150896,0.399704436
Trochorhinus,-0.297424559,0,0,1,0,262.6180334,261.7221305,0.895902893,0.79758955,0.776994667,-1.54494948,1.524856541
Trochosaurus,-0.297424559,0,0,1,0,263.7642933,260.4049861,3.359307185,1.475781459,1.120894808,-0.57537789,1.474456907
Trochosuchus,-0.297424559,0,0,1,0,261.9767927,261.3842391,0.592553641,0.775121408,0.93975058,-1.54494948,1.524856541
Tropidostoma,-0.0252214,0,0,1,0,263.3174632,254.063897,9.253566136,0.862937549,0.205563649,-0.429810118,0.368559627
Trucidocynodon,-0.086232497,0,0,1,0,234.9778807,212.2835852,22.69429553,0.084680516,0.187593589,0.526849533,0.093073911
Turfanodon,1.224620335,1,0,0,0,259.5879484,251.7619029,7.826045475,0.360962346,1.231022919,-0.37274364,0.135315979
Ufudocyclops,-0.297424559,0,0,1,0,246.038699,238.3641318,7.674567235,2.225234782,0.598717868,1.403150896,0.399704436
Ulemica,-0.138672165,1,0,0,0,267.1520265,259.9973785,7.154648005,0.243374582,0.909681321,-0.899951221,0.538875347
Ulemosaurus,-0.138672165,1,0,0,0,266.7458219,260.1058668,6.639955153,0.295448739,0.817767332,-0.960043569,0.731233784
Uniserium,-0.297424559,1,0,0,0,204.7833734,204.3349522,0.448421216,0.99240879,1.382310911,-0.226130286,-0.404854956
Uralocynodon,-0.297424559,1,0,0,0,259.7606819,259.4175739,0.34310801,1.323249201,2.029158771,-0.665395355,0.54552635
Uralokannemeyeria,-0.297424559,1,0,0,0,246.1147044,242.8164151,3.298289332,3.516818513,1.235301183,1.459847768,-0.307756931
Urumchia,-0.297424559,1,0,0,0,251.5550655,251.4476998,0.107365693,2.743994199,3.667482049,0.709860338,3.436901122
Ustia,-0.297424559,1,0,0,0,262.7244444,262.2861419,0.438302491,1.454315036,1.048234682,-0.309254682,0.405187023
Varanodon,-0.297424559,0,1,0,0,269.7620682,269.3304316,0.431636587,0.990928003,0.982313638,-0.906076974,-0.525905242
Varanops,-0.184987064,0,1,0,0,289.9887093,275.3814792,14.60723006,0.472131892,0.504688871,-0.803384214,0.204988035
Varanosaurus,-0.043543896,0,1,0,0,290.1942108,274.3644002,15.82981055,0.199782796,0.340154123,-0.814292607,0.167957516
Vaughnictis,-0.297424559,0,1,0,0,295.1702985,289.7671645,5.403134058,1.080365646,0.940809718,-0.83682721,0.294320339
Venyukovia,-0.297424559,1,0,0,0,265.7262484,265.3190985,0.407149932,0.7315619,1.135219703,-1.719219626,0.881694046
Vetusodon,-0.297424559,0,0,1,0,255.8135623,255.6293255,0.184236773,1.203612714,1.398087948,-0.558398319,-0.011961492
Viatkogorgon,-0.297424559,1,0,0,0,262.9281966,260.4316847,2.496511936,1.396522277,1.817229571,-0.708439494,2.009091849
Viatkosuchus,-0.297424559,1,0,0,0,263.0870032,261.2108575,1.876145659,1.412850364,1.366518867,-0.927102081,0.965021782
Vinceria,-0.297424559,0,0,1,0,245.4578805,242.55019,2.907690525,1.704391734,0.942097649,1.612393387,-0.14892713
Vivaxosaurus,-0.005246957,1,0,0,0,265.2147739,256.4602095,8.754564359,0.282749498,0.745402767,-0.509489866,0.284198799
Wadiasaurus,-0.297424559,0,0,1,0,244.1051795,243.8735515,0.231627974,1.014445557,0.820455909,1.955446393,1.314431594
Walteria,-0.297424559,0,0,1,0,261.7619136,261.0669561,0.694957505,0.582476037,0.99759792,0.128070492,2.493327157
Watongia,-0.297424559,0,1,0,0,268.1012308,267.6705866,0.430644187,0.992165407,1.289700179,-1.040240823,1.139176894
Woutersia,-0.297424559,1,0,0,0,207.6770303,203.2891662,4.387864116,1.652917362,1.330130576,0.09928936,-0.628073699
Woznikella,-0.064907614,1,0,0,0,234.6304535,229.0449354,5.585518064,0.401471263,0.765669581,1.025593317,-0.426135716
Xiyukannemeyeria,-0.255123558,1,0,0,0,246.3211914,237.0805318,9.240659578,3.426711501,1.410921819,1.304996615,0.275993978
Yikezhaogia,-0.297424559,1,0,0,0,245.4157373,245.1493886,0.26634869,1.98916137,0.458611561,0.814771646,-0.796538939
Zambiasaurus,-0.297424559,0,0,1,0,244.9031732,244.7016033,0.201569849,1.356251944,0.974694553,0.814771646,-0.796538939
