genus,lat_range_z_trans,Arctic,Temperate_N,Tropical,Temperate_S,Antarctic
Abajudon,-0.297424559041348,0,0,0,1,0
Abdalodon,-0.297424559041348,0,0,0,1,0
Acratophorus,-0.297424559041348,0,0,0,1,0
Adelobasileus,-0.297424559041348,0,0,1,0,0
Aelurognathus,1.8406948480773289,0,0,0,1,0
Aelurosaurus,-0.1523456031320572,0,0,0,1,0
Aelurosuchus,-0.297424559041348,0,0,0,1,0
Agudotherium,-0.297424559041348,0,0,0,1,0
Akidnognathus,-0.1523456031320572,0,0,0,1,0
Aleodon,-0.1412712430404495,0,0,0,1,0
Alepognathus,-0.297424559041348,0,0,0,1,0
Alopecideops,-0.297424559041348,0,0,0,1,0
Alopecodon,-0.297424559041348,0,0,0,1,0
Alopecognathus,-0.297424559041348,0,0,0,1,0
Alopecorhinus,-0.297424559041348,0,0,0,1,0
Aloposaurus,0.6687695277866947,0,0,0,1,0
Alrausuchus,-0.297424559041348,0,1,0,0,0
Andescynodon,-0.297424559041348,0,0,0,1,0
Angelosaurus,-0.297424559041348,0,0,1,0,0
Angonisaurus,1.4377472525838702,0,0,0,1,1
Annatherapsidus,-0.1492324907281631,0,1,0,0,0
Anningia,-0.297424559041348,0,0,0,1,0
Anomocephalus,-0.297424559041348,0,0,0,1,0
Antecosuchus,-0.297424559041348,0,1,0,0,0
Anteosaurus,6.167515769041902,0,1,0,1,0
Apsisaurus,-0.297424559041348,0,0,1,0,0
Archaeosyodon,-0.297424559041348,0,1,0,0,0
Arctognathus,0.6687695277866947,0,0,0,1,0
Arctops,-0.1523456031320572,0,0,0,1,0
Arctotraversodon,-0.297424559041348,0,0,1,0,0
Arisierpeton,-0.297424559041348,0,0,1,0,0
Ascendonanus,-0.297424559041348,0,0,1,0,0
Aulacephalodon,0.0643644730451962,0,0,0,1,0
Aulacocephalus,-0.297424559041348,0,0,0,1,0
Australobarbarus,-0.297424559041348,0,1,0,0,0
Australosyodon,-0.297424559041348,0,0,0,1,0
Avenantia,-0.297424559041348,0,0,0,1,0
Baldwinonus,-0.297424559041348,0,0,1,0,0
Basilodon,-0.1523456031320572,0,0,0,1,0
Bauria,-0.1742831796399177,0,0,0,1,0
Beishanodon,-0.297424559041348,0,1,0,0,0
Biarmosuchoides,-0.297424559041348,0,1,0,0,0
Biarmosuchus,-0.1804094882441902,0,1,0,0,0
Biseridens,-0.297424559041348,0,1,0,0,0
Blattoidealestes,-0.297424559041348,0,0,0,1,0
Bolodon,-0.297424559041348,0,1,0,0,0
Bolotridon,-0.297424559041348,0,0,0,1,0
Bonacynodon,-0.2701757136522367,0,0,0,1,0
Boreogomphodon,-0.1403833147611641,0,0,1,0,0
Botucaraitherium,-0.297424559041348,0,0,0,1,0
Brachyprosopus,-0.1407773176570294,0,0,0,1,0
Brachyzostrodon,0.2835963336545897,0,1,0,0,0
Brasilitherium,-0.297424559041348,0,0,0,1,0
Brasilodon,-0.297424559041348,0,0,0,1,0
Bulbasaurus,-0.297424559041348,0,0,0,1,0
Bullacephalus,-0.297424559041348,0,0,0,1,0
Burnetia,-0.297424559041348,0,0,0,1,0
Cabarzia,-0.297424559041348,0,0,1,0,0
Callibrachion,-0.297424559041348,0,0,1,0,0
Candelariodon,-0.297424559041348,0,0,0,1,0
Caodeyao,-0.297424559041348,0,1,0,0,0
Casea,-0.1589281517441207,0,0,1,0,0
Cerdorhinus,-0.297424559041348,0,0,0,1,0
Cerdosuchus,-0.297424559041348,0,0,0,1,0
Chalepotherium,-0.297424559041348,0,1,0,0,0
Chaliminia,-0.297424559041348,0,0,0,1,0
Charassognathus,-0.297424559041348,0,0,0,1,0
Chiniquodon,-0.0019459522845807,0,0,0,1,0
Choerosaurus,-0.297424559041348,0,0,0,1,0
Chthomaloporus,-0.297424559041348,0,1,0,0,0
Chthonosaurus,-0.297424559041348,0,1,0,0,0
Cistecephaloides,-0.297424559041348,0,0,0,1,0
Cistecephalus,0.6687695277866947,0,0,0,1,0
Cistecynodon,-0.297424559041348,0,0,0,1,0
Clelandina,-0.1523456031320572,0,0,0,1,0
Clepsydrops,-0.297424559041348,0,0,1,0,0
Colobodectes,-0.0287027575016591,0,0,0,1,0
Compsodon,0.6687695277866947,0,0,0,1,0
Cotylorhynchus,-0.1949880164217558,0,0,1,0,0
Counillonia,-0.297424559041348,0,0,1,0,0
Cricodon,0.7568088995641599,0,0,0,1,0
Criocephalosaurus,-0.297424559041348,0,0,0,1,0
Cromptodon,-0.297424559041348,0,0,0,1,0
Cryptocynodon,-0.0807144828640945,0,0,0,1,0
Ctenorhachis,-0.297424559041348,0,0,1,0,0
Ctenospondylus,-0.1420156438927965,0,0,1,0,0
Cutleria,-0.297424559041348,0,0,1,0,0
Cynariognathus,-0.297424559041348,0,0,0,1,0
Cyniscops,-0.297424559041348,0,0,0,1,0
Cynognathus,1.4377472525838702,0,0,0,1,1
Cynosaurus,-0.1523456031320572,0,0,0,1,0
Cyonosaurus,-0.1292341683338299,0,0,0,1,0
Dalongkoua,-0.297424559041348,0,1,0,0,0
Daptocephalus,0.6902691068489532,0,0,0,1,0
Daqingshanodon,-0.297424559041348,0,1,0,0,0
Davletkulia,-0.297424559041348,0,1,0,0,0
Delectosaurus,-0.1100590549118632,0,1,0,0,0
Delphinognathus,-0.297424559041348,0,0,0,1,0
Deuterosaurus,-0.1741750941870579,0,1,0,0,0
Diademodon,1.4377472525838702,0,0,0,1,1
Dicynodon,6.526876648861864,0,1,0,1,0
Dicynodontipus,-0.297424559041348,0,0,0,1,0
Dicynodontoides,1.0173413428382962,0,0,0,1,0
Diegocanis,-0.297424559041348,0,0,0,1,0
Digalodon,-0.1523456031320572,0,0,0,1,0
Diictodon,7.378515237349116,0,1,0,1,0
Diictodontoides,-0.297424559041348,0,0,0,1,0
Dimetrodon,0.8676168490289189,0,0,1,0,0
Dinanomodon,-0.1496843130572705,0,0,0,1,0
Dinodontosaurus,-0.238528041693231,0,0,0,1,0
Dinogorgon,0.6687695277866947,0,0,0,1,0
Dinosaurus,-0.297424559041348,0,1,0,0,0
Dolichuranus,-0.2508887443546358,0,0,0,1,0
Dolomitipes,-0.1262492503042589,0,0,0,1,0
Dromatherium,-0.297424559041348,0,0,1,0,0
Dvinia,-0.297424559041348,0,1,0,0,0
Ecteninion,-0.297424559041348,0,0,0,1,0
Edaphosaurus,0.93558060474518,0,0,1,0,0
Elephantosaurus,-0.297424559041348,0,1,0,0,0
Elliotsmithia,-0.297424559041348,0,0,0,1,0
Elph,-0.297424559041348,0,1,0,0,0
Emydochampsa,-0.297424559041348,0,0,0,1,0
Emydops,0.6687695277866947,0,0,0,1,0
Emydorhinus,-0.297424559041348,0,0,0,1,0
Emydorhynchus,-0.297424559041348,0,0,0,1,0
Emyduranus,-0.297424559041348,0,0,0,1,0
Endothiodon,2.4360031294722853,0,0,1,1,0
Ennatosaurus,2.0091582173936984,0,1,1,0,0
Eodicynodon,-0.297424559041348,0,0,0,1,0
Eoraetia,-0.297424559041348,0,1,0,0,0
Eosimops,-0.2514763019036145,0,0,0,1,0
Eothyris,-0.297424559041348,0,0,1,0,0
Eozostrodon,-0.297424559041348,0,1,0,0,0
Ericiolacerta,0.9279584437456256,0,0,0,1,1
Eriphostoma,-0.1779744235358556,0,0,0,1,0
Estemmenosuchus,-0.1230525601955366,0,1,0,0,0
Etjoia,-0.297424559041348,0,0,0,1,0
Eubrachiosaurus,-0.297424559041348,0,0,1,0,0
Euchambersia,-0.297424559041348,0,0,0,1,0
Euptychognathus,-0.297424559041348,0,0,0,1,0
Euromycter,-0.297424559041348,0,0,1,0,0
Exaeretodon,3.7196492185813104,0,0,1,1,0
Fluctuodon,-0.297424559041348,0,1,0,0,0
Galechirus,-0.297424559041348,0,0,0,1,0
Galeops,-0.1779744235358556,0,0,0,1,0
Galepus,-0.297424559041348,0,0,0,1,0
Galesaurus,-0.1671061798892365,0,0,0,1,0
Gaumia,0.0187938865886776,0,1,0,0,0
Geikia,4.4474991717575625,0,1,0,1,0
Glanosuchus,-0.1407773176570294,0,0,0,1,0
Glaucosaurus,-0.297424559041348,0,0,1,0,0
Gondwanadon,-0.297424559041348,0,0,0,1,0
Gordonia,-0.297424559041348,0,1,0,0,0
Gorgonops,0.6687695277866947,0,0,0,1,0
Gorochovetzia,-0.297424559041348,0,1,0,0,0
Gorynychus,-0.101648498510224,0,1,0,0,0
Habayia,-0.297424559041348,0,1,0,0,0
Hahnia,-0.297424559041348,0,1,0,0,0
Hallautherium,-0.297424559041348,0,1,0,0,0
Haptodus,0.0813332607404628,0,0,1,0,0
Haramiyavia,-0.297424559041348,0,1,0,0,0
Hazhenia,-0.297424559041348,0,1,0,0,0
Heleosaurus,-0.297424559041348,0,0,0,1,0
Helvetiodon,-0.297424559041348,0,1,0,0,0
Herpetoskylax,-0.297424559041348,0,0,0,1,0
Hipposaurus,-0.297424559041348,0,0,0,1,0
Hofmeyria,-0.1523456031320572,0,0,0,1,0
Homodontosaurus,-0.1523456031320572,0,0,0,1,0
Hwanghocynodon,-0.297424559041348,0,1,0,0,0
Hyaenasuchus,-0.297424559041348,0,0,0,1,0
Hypselohaptodus,-0.297424559041348,0,0,1,0,0
Hypsiprymnopsis,-0.297424559041348,0,1,0,0,0
Ichibengops,-0.297424559041348,0,0,0,1,0
Icticephalus,-0.297424559041348,0,0,0,1,0
Ictidochampsa,-0.297424559041348,0,0,0,1,0
Ictidognathus,-0.1779744235358556,0,0,0,1,0
Ictidorhinus,-0.297424559041348,0,0,0,1,0
Ictidosaurus,-0.1407773176570294,0,0,0,1,0
Ictidosuchops,-0.1523456031320572,0,0,0,1,0
Ictidosuchus,-0.297424559041348,0,0,0,1,0
Idelesaurus,-0.297424559041348,0,1,0,0,0
Impidens,-0.297424559041348,0,0,0,1,0
Inostrancevia,5.6780124631326245,0,1,0,1,0
Interpresosaurus,-0.297424559041348,0,1,0,0,0
Irajatherium,-0.297424559041348,0,0,0,1,0
Ischigualastia,-0.297424559041348,0,0,0,1,0
Isengops,-0.297424559041348,0,0,0,1,0
Jachaleria,-0.0221315390100319,0,0,0,1,0
Jimusaria,1.026928271145484,0,1,0,0,0
Jiufengia,-0.297424559041348,0,1,0,0,0
Jonkeria,-0.1406623197624165,0,0,0,1,0
Julognathus,-0.297424559041348,0,1,0,0,0
Kamagorgon,-0.2662632716202135,0,1,0,0,0
Kannemeyeria,0.7568088995641599,0,0,0,1,0
Karenites,-0.297424559041348,0,1,0,0,0
Kataigidodon,-0.297424559041348,0,0,1,0,0
Katumbia,-0.297424559041348,0,0,0,1,0
Kawingasaurus,-0.297424559041348,0,0,0,1,0
Kembawacela,-0.297424559041348,0,0,0,1,0
Keratocephalus,-0.297424559041348,0,0,0,1,0
Keyseria,-0.297424559041348,0,0,0,1,0
Kitchinganomodon,0.6687695277866947,0,0,0,1,0
Kombuisia,0.5980156592175285,0,0,0,1,1
Kotelcephalon,-0.297424559041348,0,1,0,0,0
Kuehneotherium,0.3876933076235584,0,1,0,0,0
Kunpania,-0.297424559041348,0,1,0,0,0
Kwazulusaurus,-0.297424559041348,0,0,0,1,0
Lalieudorhynchus,-0.297424559041348,0,0,1,0,0
Langbergia,-0.0549291899151678,0,0,0,1,0
Lanthanostegus,-0.297424559041348,0,0,0,1,0
Lemurosaurus,-0.297424559041348,0,0,0,1,0
Lende,-0.297424559041348,0,0,0,1,0
Leogorgon,-0.2648242269280622,0,1,0,0,0
Leontosaurus,-0.297424559041348,0,0,0,1,0
Lepagia,-0.0826612778231712,0,1,0,0,0
Leucocephalus,-0.297424559041348,0,0,0,1,0
Lobalopex,-0.297424559041348,0,0,0,1,0
Lophorhinus,-0.297424559041348,0,0,0,1,0
Luangwa,-0.1412712430404495,0,0,0,1,0
Lumkuia,-0.297424559041348,0,0,0,1,0
Lupeosaurus,-0.297424559041348,0,0,1,0,0
Lycaenodon,-0.1523456031320572,0,0,0,1,0
Lycaenops,0.6687695277866947,0,0,0,1,0
Lycedops,-0.297424559041348,0,0,0,1,0
Lycideops,-0.297424559041348,0,0,0,1,0
Lycosaurus,-0.2717957386375497,0,0,0,1,0
Lycosuchus,-0.297424559041348,0,0,0,1,0
Lystrosaurus,8.42494517761963,0,1,0,1,1
Malasaurus,-0.297424559041348,0,1,0,0,0
Mandagomphodon,-0.297424559041348,0,0,0,1,0
Martensius,-0.297424559041348,0,0,1,0,0
Massetognathus,-0.238528041693231,0,0,0,1,0
Maubeugia,-0.297424559041348,0,1,0,0,0
Megawhaitsia,-0.0889283488776799,0,1,0,0,0
Menadon,-0.297424559041348,0,0,0,1,0
Mesenosaurus,2.4309539992344105,0,1,1,0,0
Meurthodon,-0.297424559041348,0,1,0,0,0
Microconodon,-0.2581894768126899,0,0,1,0,0
Microgomphodon,0.7102730848774477,0,0,0,1,0
Microhelodon,-0.297424559041348,0,0,0,1,0
Microscalenodon,-0.2918506173734955,0,1,0,0,0
Microsyodon,-0.297424559041348,0,1,0,0,0
Microurania,-0.1246581318935479,0,1,0,0,0
Microvaranops,-0.297424559041348,0,0,0,1,0
Microwhaitsia,-0.297424559041348,0,0,0,1,0
Minicynodon,-0.297424559041348,0,0,0,1,0
Mirotenthes,-0.297424559041348,0,0,0,1,0
Mitredon,-0.297424559041348,0,1,0,0,0
Moghreberia,-0.297424559041348,0,0,1,0,0
Mojo,-0.297424559041348,0,1,0,0,0
Molybdopygus,-0.297424559041348,0,1,0,0,0
Morganucodon,-0.297424559041348,0,1,0,0,0
Mormosaurus,-0.297424559041348,0,0,0,1,0
Moschops,-0.1779744235358556,0,0,0,1,0
Moschorhinus,0.0429905747420769,0,0,0,1,0
Moschowhaitsia,-0.0889283488776799,0,1,0,0,0
Muchia,-0.297424559041348,0,1,0,0,0
Mucrotherium,-0.297424559041348,0,1,0,0,0
Mupashi,-0.297424559041348,0,0,0,1,0
Mycterosaurus,-0.1559813903930241,0,0,1,0,0
Myosauroides,-0.297424559041348,0,0,0,1,0
Myosaurus,0.7522441743922005,0,0,0,1,1
Nanictidops,-0.297424559041348,0,0,0,1,0
Nanictocephalus,-0.297424559041348,0,0,0,1,0
Nanictosaurus,-0.1523456031320572,0,0,0,1,0
Nanocynodon,-0.297424559041348,0,1,0,0,0
Nanogomphodon,-0.297424559041348,0,1,0,0,0
Niaftasuchus,-0.297424559041348,0,1,0,0,0
Niassodon,-0.297424559041348,0,0,0,1,0
Nikkasaurus,-0.297424559041348,0,1,0,0,0
Niuksenitia,-0.297424559041348,0,1,0,0,0
Nochnitsa,-0.297424559041348,0,1,0,0,0
Notaelurodon,-0.297424559041348,0,0,0,1,0
Nothogomphodon,0.2057276773105171,0,1,0,0,0
Notictoides,-0.297424559041348,0,0,0,0,1
Notosyodon,-0.297424559041348,0,1,0,0,0
Nshimbodon,-0.297424559041348,0,0,0,1,0
Nythosaurus,-0.297424559041348,0,0,0,1,0
Odontocyclops,0.6687695277866947,0,0,0,1,0
Oligokyphus,-0.297424559041348,0,1,0,0,0
Olivierosuchus,-0.1817574143859648,0,0,0,1,0
Ophiacodon,0.693937351165968,0,0,1,0,0
Ophidostoma,-0.297424559041348,0,0,0,1,0
Ordosiodon,-0.297424559041348,0,1,0,0,0
Oromycter,-0.297424559041348,0,0,1,0,0
Otsheria,-0.297424559041348,0,1,0,0,0
Oudenodon,1.0376607795722317,0,0,0,1,0
Pachydectes,-0.297424559041348,0,0,0,1,0
Palemydops,-0.1523456031320572,0,0,0,1,0
Pampaphoneus,-0.297424559041348,0,0,0,1,0
Panchetocynodon,-0.297424559041348,0,0,0,1,0
Parabradysaurus,-0.2662632716202135,0,1,0,0,0
Paraburnetia,-0.297424559041348,0,0,0,1,0
Paragalerhinus,-0.297424559041348,0,0,0,1,0
Parakannemeyeria,1.08555017603488,0,1,0,0,0
Parasuminia,-0.297424559041348,0,1,0,0,0
Paratraversodon,-0.297424559041348,0,0,0,1,0
Pardosuchus,-0.297424559041348,0,0,0,1,0
Pascualgnathus,-0.297424559041348,0,0,0,1,0
Patranomodon,-0.297424559041348,0,0,0,1,0
Pelanomodon,-0.1523456031320572,0,0,0,1,0
Pelictosuchus,-0.297424559041348,0,0,0,1,0
Peramodon,-0.2648242269280622,0,1,0,0,0
Perplexisaurus,-0.0651966795330975,0,1,0,0,0
Phocosaurus,-0.297424559041348,0,0,0,1,0
Phreatophasma,-0.297424559041348,0,1,0,0,0
Phthinosaurus,-0.2650504522945138,0,1,0,0,0
Placerias,-0.1628302753858189,0,0,1,0,0
Planitorostris,-0.297424559041348,0,1,0,0,0
Platycraniellus,-0.297424559041348,0,0,0,1,0
Platycyclops,-0.297424559041348,0,0,0,1,0
Platypodosaurus,-0.1516562441681751,0,0,0,1,0
Polonodon,-0.297424559041348,0,1,0,0,0
Polycynodon,-0.297424559041348,0,0,0,1,0
Porosteognathus,-0.2619216297957272,0,1,0,0,0
Pravoslavlevia,-0.297424559041348,0,1,0,0,0
Pristerodon,1.0173413428382962,0,0,0,1,0
Pristerognathoides,-0.297424559041348,0,0,0,1,0
Pristerognathus,-0.297424559041348,0,0,0,1,0
Pristerosaurus,-0.297424559041348,0,0,0,1,0
Probainognathus,-0.2657768870823424,0,0,0,1,0
Proburnetia,-0.297424559041348,0,1,0,0,0
Procynosuchus,6.156335208708821,0,1,0,1,0
Prodicynodon,-0.1523456031320572,0,0,0,1,0
Progalesaurus,-0.297424559041348,0,0,0,1,0
Promoschorhynchus,-0.1846593831145039,0,0,0,1,0
Protheriodon,-0.297424559041348,0,0,0,1,0
Protuberum,-0.297424559041348,0,0,0,1,0
Prozostrodon,-0.297424559041348,0,0,0,1,0
Pseudotherium,-0.297424559041348,0,0,0,1,0
Pseudotriconodon,2.086797192150443,0,1,1,0,0
Ptomalestes,-0.297424559041348,0,0,0,1,0
Purlovia,-0.0889283488776799,0,1,0,0,0
Putillosaurus,-0.297424559041348,0,1,0,0,0
Pyozia,-0.297424559041348,0,1,0,0,0
Rabidosaurus,-0.1755569541338003,0,1,0,0,0
Raranimus,-0.297424559041348,0,1,0,0,0
Rastodon,-0.297424559041348,0,0,0,1,0
Rechnisaurus,0.1256941698902601,0,0,0,1,0
Redondagnathus,-0.297424559041348,0,0,1,0,0
Regisaurus,-0.297424559041348,0,0,0,1,0
Reiszia,-0.297424559041348,0,1,0,0,0
Repelinosaurus,-0.297424559041348,0,0,1,0,0
Rewaconodon,1.5465824540127908,0,0,1,1,0
Rhachiocephalus,0.6687695277866947,0,0,0,1,0
Rhadiodromus,-0.1755569541338003,0,1,0,0,0
Rhinodicynodon,-0.297424559041348,0,1,0,0,0
Rhopalodon,-0.1741750941870579,0,1,0,0,0
Riebeeckosaurus,-0.297424559041348,0,0,0,1,0
Riograndia,-0.297424559041348,0,0,0,1,0
Riojanodon,-0.297424559041348,0,0,0,1,0
Robertia,-0.1446715359789778,0,0,0,1,0
Rosieria,-0.297424559041348,0,1,0,0,0
Ruberodon,-0.297424559041348,0,0,0,1,0
Rubidgea,0.6687695277866947,0,0,0,1,0
Ruhuhucerberus,-0.297424559041348,0,0,0,1,0
Ruthenosaurus,-0.297424559041348,0,0,1,0,0
Sangusaurus,-0.1412712430404495,0,0,0,1,0
Santacruzgnathus,-0.297424559041348,0,0,0,1,0
Santacruzodon,-0.297424559041348,0,0,0,1,0
Santagnathus,-0.297424559041348,0,0,0,1,0
Sauroctonus,5.410373401332926,0,1,0,1,0
Sauroscaptor,-0.297424559041348,0,0,0,1,0
Scalenodon,-0.1412712430404495,0,0,0,1,0
Scalopocephalus,-0.297424559041348,0,0,0,1,0
Scalopodontes,-0.297424559041348,0,1,0,0,0
Scalopognathus,-0.297424559041348,0,1,0,0,0
Scaloporhinus,-0.297424559041348,0,0,0,1,0
Scaloposaurus,-0.1496843130572705,0,0,0,1,0
Scaloposuchus,-0.297424559041348,0,0,0,1,0
Scylacoides,-0.297424559041348,0,0,0,1,0
Scylacops,0.6687695277866947,0,0,0,1,0
Scylacosaurus,-0.2102882035183022,0,0,0,1,0
Scylacosuchus,-0.297424559041348,0,1,0,0,0
Scymnosaurus,-0.297424559041348,0,0,0,1,0
Secodontosaurus,-0.1559813903930241,0,0,1,0,0
Sesamondontoides,-0.297424559041348,0,0,0,1,0
Shaanbeikannemeyeria,-0.297424559041348,0,1,0,0,0
Shansiodon,6.24755493209632,0,1,0,1,0
Shiguaignathus,-0.297424559041348,0,1,0,0,0
Silphedosuchus,-0.297424559041348,0,1,0,0,0
Silphoictidoides,-0.297424559041348,0,0,0,1,0
Sinoconodon,-0.297424559041348,0,1,0,0,0
Sinognathus,-0.297424559041348,0,1,0,0,0
Sinokannemeyeria,-0.297424559041348,0,1,0,0,0
Sinophoneus,-0.297424559041348,0,1,0,0,0
Sintocephalus,-0.297424559041348,0,0,0,1,0
Siriusgnathus,-0.08623249659413,0,0,0,1,0
Sludica,-0.1983114555760706,0,1,0,0,0
Smilesaurus,-0.1523456031320572,0,0,0,1,0
Sphenacodon,0.4849498863350119,0,0,1,0,0
Stahleckeria,-0.147694786640087,0,0,0,1,0
Stereophallodon,-0.297424559041348,0,0,1,0,0
Struthiocephaloides,-0.297424559041348,0,0,0,1,0
Struthiocephalus,-0.297424559041348,0,0,0,1,0
Styracocephalus,-0.297424559041348,0,0,0,1,0
Suchogorgon,-0.297424559041348,0,1,0,0,0
Suminia,-0.2426579114385665,0,1,0,0,0
Sungeodon,-0.297424559041348,0,1,0,0,0
Sycosaurus,0.523690571877404,0,0,0,1,0
Syodon,-0.0265020874091202,0,1,0,0,0
Syops,-0.297424559041348,0,0,0,1,0
Sysphinctostoma,-0.297424559041348,0,0,0,1,0
Tambacarnifex,-0.297424559041348,0,0,1,0,0
Tamboeria,-0.297424559041348,0,0,0,1,0
Taoheodon,-0.297424559041348,0,1,0,0,0
Tapinocaninus,-0.297424559041348,0,0,0,1,0
Tapinocephalus,-0.297424559041348,0,0,0,1,0
Taurocephalus,-0.297424559041348,0,0,0,1,0
Tessellatia,-0.297424559041348,0,0,0,1,0
Tetraceratops,-0.297424559041348,0,0,1,0,0
Tetracynodon,0.0214909956798185,0,0,0,1,0
Tetragonias,-0.297424559041348,0,0,0,1,0
Theriognathus,0.7457816697572294,0,0,0,1,0
Therioides,-0.297424559041348,0,0,0,1,0
Theroteinus,-0.297424559041348,0,1,0,0,0
Thliptosaurus,-0.297424559041348,0,0,0,1,0
Thomasia,0.2460272127287098,0,1,0,0,0
Thrinaxodon,0.7567831350085366,0,0,0,1,1
Tigrisuchus,-0.297424559041348,0,0,0,1,0
Tikitherium,-0.297424559041348,0,0,0,1,0
Titanogomphodon,-0.297424559041348,0,0,0,1,0
Titanophoneus,-0.1386721649414371,0,1,0,0,0
Titanosuchus,-0.297424559041348,0,0,0,1,0
Traversodon,-0.297424559041348,0,0,0,1,0
Traversodontoides,-0.297424559041348,0,1,0,0,0
Trichasaurus,-0.297424559041348,0,0,1,0,0
Tricuspes,0.1239132735332484,0,1,0,0,0
Trirachodon,0.7568088995641599,0,0,0,1,0
Trochorhinus,-0.297424559041348,0,0,0,1,0
Trochosaurus,-0.297424559041348,0,0,0,1,0
Trochosuchus,-0.297424559041348,0,0,0,1,0
Tropidostoma,-0.0252214004734853,0,0,0,1,0
Trucidocynodon,-0.08623249659413,0,0,0,1,0
Turfanodon,1.224620334849695,0,1,0,0,0
Ufudocyclops,-0.297424559041348,0,0,0,1,0
Ulemica,-0.1386721649414371,0,1,0,0,0
Ulemosaurus,-0.1386721649414371,0,1,0,0,0
Uniserium,-0.297424559041348,0,1,0,0,0
Uralocynodon,-0.297424559041348,0,1,0,0,0
Uralokannemeyeria,-0.297424559041348,0,1,0,0,0
Urumchia,-0.297424559041348,0,1,0,0,0
Ustia,-0.297424559041348,0,1,0,0,0
Varanodon,-0.297424559041348,0,0,1,0,0
Varanops,-0.1849870642737715,0,0,1,0,0
Varanosaurus,-0.0435438956254476,0,0,1,0,0
Vaughnictis,-0.297424559041348,0,0,1,0,0
Venyukovia,-0.297424559041348,0,1,0,0,0
Vetusodon,-0.297424559041348,0,0,0,1,0
Viatkogorgon,-0.297424559041348,0,1,0,0,0
Viatkosuchus,-0.297424559041348,0,1,0,0,0
Vinceria,-0.297424559041348,0,0,0,1,0
Vivaxosaurus,-0.0052469574233891,0,1,0,0,0
Wadiasaurus,-0.297424559041348,0,0,0,1,0
Walteria,-0.297424559041348,0,0,0,1,0
Watongia,-0.297424559041348,0,0,1,0,0
Woutersia,-0.297424559041348,0,1,0,0,0
Woznikella,-0.0649076137870758,0,1,0,0,0
Xiyukannemeyeria,-0.2551235575338528,0,1,0,0,0
Yikezhaogia,-0.297424559041348,0,1,0,0,0
Zambiasaurus,-0.297424559041348,0,0,0,1,0
