genus,lat_range,Arctic,Temperate_N,Tropical,Temperate_S,Antarctic
Abyssomedon,0.0,0,0,1,0,0
Acadiella,0.0,0,0,1,0,0
Acaenasuchus,0.0,0,0,1,0,0
Acallosuchus,0.0,0,0,1,0,0
Acerosodontosaurus,0.0,0,0,0,1,0
Acleistorhinus,0.0,0,0,1,0,0
Acrodenta,0.0,0,0,1,0,0
Actiosaurus,0.0,0,1,0,0,0
Adamanasuchus,0.0,0,0,1,0,0
Adelosaurus,0.0,0,1,0,0,0
Aenigmasaurus,0.0,0,0,0,1,0
Aenigmaspina,0.0,0,1,0,0,0
Aenigmastropheus,0.0,0,0,0,1,0
Aetobarbakinoides,0.0,0,0,0,1,0
Aetosauroides,5.884819999999998,0,0,0,1,0
Aetosaurus,19.74186,0,1,1,0,0
Agkistrognathus,0.0,0,1,0,0,0
Agnosphitys,0.0,0,1,0,0,0
Ahvaytum,0.0,0,0,0,1,0
Alexeyisaurus,0.0,0,1,0,0,0
Alwalkeria,0.0,0,0,0,1,0
Amanasaurus,3.3607700000000023,0,0,0,1,0
Ammorhynchus,0.9441830000000007,0,0,1,0,0
Ammosaurus,0.0,0,1,0,0,0
Amotosaurus,4.087430000000001,0,1,1,0,0
Anarosaurus,1.9639300000000013,0,1,0,0,0
Ancistronychus,0.0,0,0,1,0,0
Angistorhinus,8.357192,0,0,1,0,0
Anisodontosaurus,0.9441830000000007,0,0,1,0,0
Anomoepus,0.0,0,1,0,0,0
Anomoiodon,14.53871,0,1,1,0,0
Anshunsaurus,8.228819999999999,0,1,1,0,0
Antarctanax,0.0,0,0,0,0,1
Anthodon,15.375370000000004,0,0,0,1,0
Apachesuchus,0.0,0,0,1,0,0
Apatopus,25.777146,0,1,1,0,0
Apatosuchus,0.0,0,1,0,0,0
Aphelosaurus,0.0,0,0,1,0,0
Araeoscelis,1.7952940000000002,0,0,1,0,0
Archeopelta,0.0,0,0,0,1,0
Archosaurus,3.317869999999999,0,1,0,0,0
Arcticodactylus,0.0,0,1,0,0,0
Arganaceras,0.0,0,0,1,0,0
Arganasuchus,0.0,0,0,1,0,0
Arizonasaurus,1.5989980000000008,0,0,1,0,0
Asilisaurus,0.0,0,0,0,1,0
Askeptosaurus,2.155429999999999,0,0,1,0,0
Asperoris,0.0,0,0,0,1,0
Asylosaurus,0.0,0,1,0,0,0
Atopodentatus,0.0,0,0,1,0,0
Augustaburiania,16.209310000000002,0,1,0,0,0
Augustasaurus,0.0,0,0,1,0,0
Australothyris,0.0,0,0,0,1,0
Austriadactylus,0.0,0,1,0,0,0
Austriadraco,0.0,0,1,0,0,0
Avalonnectes,0.0,0,1,0,0,0
Avicranium,0.0,0,0,1,0,0
Azendohsaurus,0.0,0,0,1,0,0
Baeotherates,0.0,0,0,1,0,0
Baisesaurus,0.0,0,0,1,0,0
Barasaurus,10.296389999999995,0,0,0,1,0
Barberenasuchus,0.0,0,0,0,1,0
Barracudasauroides,0.0,0,0,1,0,0
Barracudasaurus,2.4875500000000006,0,0,1,0,0
Bashkyroleter,0.7151399999999981,0,1,0,0,0
Batrachopus,0.0,0,0,1,0,0
Batrachotomus,0.0,0,1,0,0,0
Beesiiwo,0.0,0,0,1,0,0
Belebey,2.955599999999997,0,1,0,0,0
Benggwigwishingasuchus,0.0,0,0,1,0,0
Bentonyx,0.0,0,0,1,0,0
Bergamodactylus,0.0,0,0,1,0,0
Besanosaurus,0.0,0,0,1,0,0
Blezingeria,0.0,0,1,0,0,0
Blikanasaurus,0.0,0,0,0,1,0
Blomosaurus,0.0,0,1,0,0,0
Bobosaurus,0.0,0,1,0,0,0
Bolosaurus,2.2508325,0,0,1,0,0
Boreopricea,0.0,0,1,0,0,0
Bradysaurus,0.0,0,0,0,1,0
Brasinorhynchus,0.0,0,0,0,1,0
Brazilosaurus,7.31409,0,0,0,1,0
Bromsgroveia,1.153649999999999,0,1,1,0,0
Broomia,2.430810000000001,0,0,0,1,0
Bunostegos,0.0,0,0,1,0,0
Buriolestes,3.3607700000000023,0,0,0,1,0
Bystrowisuchus,0.0,0,1,0,0,0
Callawayia,6.932289999999998,0,1,1,0,0
Calyptosuchus,3.0955380000000003,0,0,1,0,0
Camelotia,1.9101999999999961,0,1,0,0,0
Camposaurus,0.0,0,0,1,0,0
Candelaria,0.0,0,0,0,1,0
Captorhinikos,2.2039397000000003,0,0,1,0,0
Captorhinoides,0.0,0,0,1,0,0
Captorhinus,49.305214,0,0,1,1,0
Cargninia,0.0,0,0,0,1,0
Carnufex,0.0,0,0,1,0,0
Cartorhynchus,0.0,0,1,0,0,0
Caseosaurus,0.0,0,0,1,0,0
Ceresiosaurus,9.679290000000002,0,0,1,0,0
Chalishevia,0.0,0,1,0,0,0
Chanaresuchus,0.0,0,0,0,1,0
Chaohusaurus,16.304349999999996,0,1,1,0,0
Chasmatosuchus,3.9100099999999998,0,1,0,0,0
Chelyoposuchus,0.0,0,1,0,0,0
Chinchenia,0.0,0,0,1,0,0
Chindesaurus,2.483518,0,0,1,0,0
Chinshakiangosaurus,0.0,0,1,0,0,0
Chirotherium,0.0,0,1,0,0,0
Chromogisaurus,0.0,0,0,0,1,0
Cladeiodon,0.0,0,1,0,0,0
Clarazia,0.0,0,0,1,0,0
Claudiosaurus,0.0,0,0,0,1,0
Clevosaurus,101.61832000000001,0,1,0,1,0
Coahomasuchus,0.9536941000000001,0,0,1,0,0
Coartaredens,0.0,0,0,1,0,0
Coburgosuchus,0.0,0,1,0,0,0
Coelodontognathus,0.0,0,1,0,0,0
Coelophysis,21.481469,0,0,1,0,0
Coelurosauravus,77.72676,0,1,0,1,0
Coletta,0.0,0,0,0,1,0
Collilongus,0.0,0,1,0,0,0
Colobomycter,0.0,0,0,1,0,0
Colobops,0.0,0,0,1,0,0
Coloradisaurus,0.0,0,0,0,1,0
Coloradisuchus,0.0,0,0,0,1,0
Concavispina,0.0,0,1,0,0,0
Contectopalatus,0.0,0,0,1,0,0
Cornualbus,0.0,0,0,0,1,0
Corosaurus,0.0,0,0,1,0,0
Cosesaurus,0.0,0,0,1,0,0
Crosbysaurus,2.828383,0,0,1,0,0
Ctenosauriscus,0.0,0,1,0,0,0
Cyamodus,16.93025,0,1,1,0,0
Cymatosaurus,6.86758,0,1,1,0,0
Cymbospondylus,31.26659,0,1,1,0,0
Czatkowiella,0.0,0,1,0,0,0
Dactylosaurus,2.493359999999999,0,1,0,0,0
Daemonosaurus,0.0,0,0,1,0,0
Dagasuchus,0.0,0,0,0,1,0
Dawazisaurus,0.0,0,0,1,0,0
Decuriasuchus,1.6218000000000004,0,0,0,1,0
Delorhynchus,0.0,0,0,1,0,0
Deltadectes,6.642690000000002,0,1,0,0,0
Deltavjatia,0.0,0,1,0,0,0
Desmatosuchus,11.184491999999999,0,0,1,0,0
Diandongosaurus,0.0,0,0,1,0,0
Diandongosuchus,0.0,0,0,1,0,0
Dianmeisaurus,0.0,0,0,1,0,0
Dianopachysaurus,0.0,0,0,1,0,0
Dimetropus,0.0,0,0,1,0,0
Dimorphodon,0.0,0,1,0,0,0
Dinocephalosaurus,0.0,0,0,1,0,0
Diphydontosaurus,39.006719,0,1,1,0,0
Dolabrosaurus,0.0,0,0,1,0,0
Dolerosaurus,0.0,0,1,0,0,0
Dolichobrachium,0.0,0,0,1,0,0
Doliovertebra,0.0,0,1,0,0,0
Dongusuchus,1.9393200000000022,0,1,0,0,0
Dorosuchus,0.0,0,1,0,0,0
Doswellia,5.316909,0,0,1,0,0
Dracoraptor,0.0,0,1,0,0,0
Drepanosaurus,29.093367999999998,0,1,1,0,0
Dromomeron,58.943087999999996,0,0,1,1,0
Dynamosuchus,0.0,0,0,0,1,0
Dyoplax,0.0,0,1,0,0,0
Ebrachosuchus,0.0,0,1,0,0,0
Effigia,0.0,0,0,1,0,0
Efraasia,0.0,0,1,0,0,0
Eifelosaurus,0.0,0,1,0,0,0
Elachistosuchus,0.0,0,1,0,0,0
Elessaurus,0.0,0,0,0,1,0
Elginia,10.72224,0,1,0,0,0
Elorhynchus,0.0,0,0,0,1,0
Embrithosaurus,0.0,0,0,0,1,0
Emeroleter,0.0,0,1,0,0,0
Endennasaurus,0.0,0,0,1,0,0
Energosuchus,0.0,0,1,0,0,0
Eodromaeus,0.0,0,0,0,1,0
Eohupehsuchus,0.0,0,0,1,0,0
Eohyosaurus,0.0,0,0,0,1,0
Eomurruna,1.8627600000000015,0,0,0,1,0
Eoplesiosaurus,0.0,0,1,0,0,0
Eoraptor,0.0,0,0,0,1,0
Eorasaurus,0.0,0,1,0,0,0
Eorhynchochelys,0.0,0,1,0,0,0
Eretmorhipis,0.0,0,0,1,0,0
Erpetosuchus,0.0,0,0,1,0,0
Erythrosuchus,1.9595900000000057,0,0,0,1,0
Erythrovenator,0.0,0,0,0,1,0
Eshanosaurus,0.0,0,1,0,0,0
Eucoelophysis,4.994510999999999,0,0,1,0,0
Eudibamus,0.0,0,0,1,0,0
Eudimorphodon,18.950659999999996,0,1,1,0,0
Eumetabolodon,2.9292100000000048,0,1,0,0,0
Eunotosaurus,4.0566300000000055,0,0,0,1,0
Euparkeria,0.0,0,0,0,1,0
Eurhinosaurus,0.0,0,1,0,0,0
Eurycleidus,0.0,0,1,0,0,0
Eusaurosphargis,6.13007,0,1,1,0,0
Euscolosuchus,0.0,0,0,1,0,0
Fasolasuchus,0.0,0,0,0,1,0
Faxinalipterus,0.0,0,0,0,1,0
Feeserpeton,0.0,0,0,1,0,0
Feralisaurus,0.0,0,0,1,0,0
Fodonyx,0.0,0,0,1,0,0
Fraserosphenodon,26.426169,0,1,1,0,0
Fraxinisaura,0.0,0,1,0,0,0
Fugusuchus,0.0,0,1,0,0,0
Fuyuansaurus,0.0,0,0,1,0,0
Galesphyrus,2.889629999999997,0,0,0,1,0
Gamatavus,0.0,0,0,0,1,0
Gansurhinus,1.2521100000000018,0,1,0,0,0
Garjainia,108.99853,0,1,0,1,0
Garzapelta,0.0,0,0,1,0,0
Gecatogomphius,0.0,0,1,0,0,0
Gephyrosaurus,0.0,0,1,0,0,0
Germanosaurus,0.0,0,1,0,0,0
Glaurung,0.0,0,1,0,0,0
Glyphoderma,0.0,0,0,1,0,0
Gnathovorax,3.3607700000000023,0,0,0,1,0
Gojirasaurus,0.0,0,0,1,0,0
Gomphiosauridion,0.0,0,0,1,0,0
Gondwanax,0.0,0,0,0,1,0
Gorgetosuchus,0.0,0,0,1,0,0
Gracilisuchus,0.0,0,0,0,1,0
Grallator,0.0,0,0,1,0,0
Graoullyodon,0.0,0,1,0,0,0
Gresslyosaurus,3.5068299999999972,0,1,0,0,0
Grippia,16.839769999999998,0,1,0,0,0
Guaibasaurus,0.0,0,0,0,1,0
Gualosuchus,0.0,0,0,0,1,0
Guanlingsaurus,0.0,0,1,0,0,0
Guchengosuchus,0.0,0,1,0,0,0
Guizhouichthyosaurus,8.228819999999999,0,1,1,0,0
Gulosaurus,0.0,0,1,0,0,0
Gunakadeit,0.0,0,0,1,0,0
Gyposaurus,0.0,0,1,0,0,0
Halazhaisuchus,0.0,0,1,0,0,0
Haligonia,25.3814,0,1,1,0,0
Hanosaurus,0.0,0,0,1,0,0
Helveticosaurus,0.0,0,0,1,0,0
Hemilopas,0.11129000000000033,0,1,0,0,0
Hemiprotosuchus,0.0,0,0,0,1,0
Henodus,0.0,0,1,0,0,0
Heptasuchus,0.0,0,0,1,0,0
Herrerasaurus,0.0,0,0,0,1,0
Hescheleria,0.0,0,0,1,0,0
Hesperosuchus,7.478028999999999,0,0,1,0,0
Heterodontichnites,0.3653249999999999,0,0,1,0,0
Heteropelta,0.0,0,1,0,0,0
Himalayasaurus,0.0,0,0,1,0,0
Hispaniasaurus,0.0,0,0,1,0,0
Honghesaurus,0.0,0,0,1,0,0
Horaffia,1.8365200000000002,0,1,0,0,0
Hovasaurus,12.756999999999998,0,0,0,1,0
Howesia,0.0,0,0,0,1,0
Hudsonelpidia,0.0,0,0,1,0,0
Hupehsuchus,5.434380000000003,0,0,1,0,0
Hwiccewyrm,0.0,0,1,0,0,0
Hyperodapedon,62.58857,0,0,1,1,0
Hypselorhachis,0.0,0,0,0,1,0
Hypsognathus,25.3814,0,1,1,0,0
Hypuronector,0.0,0,0,1,0,0
Icarosaurus,0.0,0,0,1,0,0
Ichthyosaurus,34.365033,0,1,1,0,0
Ichthyotitan,0.0,0,1,0,0,0
Idiosaura,0.0,0,0,1,0,0
Ignotosaurus,0.0,0,0,0,1,0
Incertovenator,0.0,0,0,0,1,0
Indosauriscus,0.0,0,0,0,1,0
Ingentia,0.0,0,0,0,1,0
Isfjordosaurus,0.0,0,1,0,0,0
Issi,0.0,0,1,0,0,0
Ixalerpeton,3.3607700000000023,0,0,0,1,0
Jaklapallisaurus,0.0,0,0,0,1,0
Jaxtasuchus,0.0,0,1,0,0,0
Jesairosaurus,0.0,0,0,1,0,0
Jingshanosaurus,0.0,0,1,0,0,0
Jupijkam,0.0,0,0,1,0,0
Jushatyria,0.0,0,1,0,0,0
Kadimakara,0.0,0,0,0,1,0
Kahneria,0.0,0,0,1,0,0
Kalisuchus,0.0,0,0,0,1,0
Kapes,28.753379999999996,0,1,1,0,0
Keichousaurus,3.4300900000000016,0,0,1,0,0
Kholumolumo,0.0,0,0,0,1,0
Kinelia,5.275570000000002,0,1,0,0,0
Kitchingnathus,0.0,0,0,0,1,0
Kocurypelta,0.0,0,1,0,0,0
Koilamasuchus,0.0,0,0,0,1,0
Koiloskiosaurus,0.0,0,1,0,0,0
Kranosaura,0.0,0,0,0,1,0
Krzyzanowskisaurus,0.36946199999999996,0,0,1,0,0
Kudnu,0.0,0,0,0,1,0
Kuehneosaurus,11.012719999999998,0,1,0,0,0
Kuehneosuchus,0.0,0,1,0,0,0
Kuruxuchampsa,0.0,0,0,0,1,0
Kwangsisaurus,0.0,0,0,1,0,0
Labidosaurikos,3.646764,0,0,1,0,0
Labidosauriscus,0.0,0,0,1,0,0
Labidosaurus,2.2447939999999997,0,0,1,0,0
Lagerpeton,0.0,0,0,0,1,0
Lanceirosphenodon,0.0,0,0,0,1,0
Langeronyx,1.153649999999999,0,1,1,0,0
Langobardisaurus,12.582489999999996,0,1,1,0,0
Lanthaniscus,0.0,0,1,0,0,0
Lanthanolania,0.0,0,1,0,0,0
Lanthanosuchus,0.0,0,1,0,0,0
Laquintasaura,0.0,0,0,1,0,0
Largocephalosaurus,0.0,0,0,1,0,0
Lariosaurus,15.144350000000001,0,1,1,0,0
Lasasaurus,0.0,0,0,0,1,0
Lepidus,0.0,0,0,1,0,0
Leptonectes,5.141100000000002,0,1,0,0,0
Leptopleuron,0.0,0,1,0,0,0
Leptosuchus,5.316909,0,0,1,0,0
Lessemsaurus,0.0,0,0,0,1,0
Lewisuchus,2.0204299999999975,0,0,0,1,0
Leyesaurus,0.0,0,0,0,1,0
Libognathus,0.0,0,0,1,0,0
Liliensternus,11.724089999999997,0,1,0,0,0
Lindwurmia,0.0,0,1,0,0,0
Litorosuchus,0.0,0,0,1,0,0
Lophostropheus,0.0,0,1,0,0,0
Lotosaurus,0.4003099999999975,0,0,1,0,0
Lucasuchus,0.0,0,0,1,0,0
Lucianosaurus,0.0,0,0,1,0,0
Lucianovenator,0.0,0,0,0,1,0
Lufengosaurus,0.0,0,1,0,0,0
Lukousaurus,0.0,0,1,0,0,0
Luopingosaurus,0.0,0,0,1,0,0
Luperosuchus,0.0,0,0,0,1,0
Macgowania,6.932289999999998,0,1,1,0,0
Machaeroprosopus,10.301191999999999,0,0,1,0,0
Macrocnemus,7.10521,0,1,1,0,0
Macrocollum,0.0,0,0,0,1,0
Macroleter,39.998239,0,1,1,0,0
Macroplacus,0.0,0,1,0,0,0
Macroplata,0.0,0,1,0,0,0
Maehary,0.0,0,0,0,1,0
Majiashanosaurus,0.0,0,1,0,0,0
Malerisaurus,0.0,0,0,1,0,0
Malutinisuchus,5.262569999999997,0,1,0,0,0
Mambawakale,0.0,0,0,0,1,0
Mandaphon,0.0,0,0,0,1,0
Mandasuchus,0.0,0,0,0,1,0
Marasuchus,0.0,0,0,0,1,0
Marcianosuchus,0.0,0,0,1,0,0
Massospondylus,0.0,0,0,0,1,0
Mbiresaurus,0.0,0,0,0,1,0
Megachirella,0.0,0,1,0,0,0
Megalancosaurus,12.582489999999996,0,1,1,0,0
Megalosaurus,0.0,0,1,0,0,0
Megapnosaurus,0.0,0,0,1,0,0
Melanorosaurus,0.0,0,0,0,1,0
Merriamosaurus,0.0,0,1,0,0,0
Mesodapedon,0.0,0,0,0,1,0
Mesosaurus,26.13414999999999,0,0,0,1,1
Mesosuchus,0.0,0,0,0,1,0
Metamosaurus,0.0,0,0,1,0,0
Metashastasaurus,0.0,0,1,0,0,0
Microcnemus,20.227229999999995,0,1,0,0,0
Microleter,0.0,0,0,1,0,0
Micromenodon,0.0,0,0,1,0,0
Microsphenodon,0.0,0,0,0,1,0
Mikadocephalus,25.647779999999997,0,1,1,0,0
Milleretta,2.676470000000002,0,0,0,1,0
Millerinoides,0.0,0,0,0,1,0
Milleropsis,2.3086899999999986,0,0,0,1,0
Millerosaurus,2.3086899999999986,0,0,0,1,0
Miodentosaurus,0.0,0,1,0,0,0
Mixosaurus,8.35805,0,0,1,0,0
Moradisaurus,2.8067589999999996,0,0,1,0,0
Mystriosuchus,22.359259999999995,0,1,1,0,0
Nambalia,0.0,0,0,0,1,0
Nanchangosaurus,5.434380000000003,0,0,1,0,0
Nanoparia,2.3086899999999986,0,0,0,1,0
Neoaetosauroides,0.0,0,0,0,1,0
Neoprocolophon,0.0,0,1,0,0,0
Neusticosaurus,8.623429999999999,0,1,1,0,0
Nhandumirim,0.0,0,0,0,1,0
Nicrosaurus,34.632909,0,1,1,0,0
Nochelesaurus,0.0,0,0,0,1,0
Notatesseraeraptor,0.0,0,1,0,0,0
Noteosuchus,0.0,0,0,0,1,0
Nothosaurus,50.172790000000006,0,1,1,0,0
Nundasuchus,0.0,0,0,0,1,0
Nyasasaurus,0.0,0,0,0,1,0
Nycteroleter,0.0,0,1,0,0,0
Nyctiboetus,0.0,0,1,0,0,0
Nyctiphruretus,0.828479999999999,0,1,0,0,0
Obirkovia,0.6175799999999967,0,1,0,0,0
Odoiporosaurus,0.0,0,0,1,0,0
Odontochelys,0.0,0,1,0,0,0
Omphalosaurus,30.45723,0,1,1,0,0
Opisthodontosaurus,0.0,0,0,1,0,0
Orenburgia,16.209310000000002,0,1,0,0,0
Orovenator,0.0,0,0,1,0,0
Oryctorhynchus,0.0,0,0,1,0,0
Oryporan,0.0,0,0,0,1,0
Osmolskina,0.0,0,1,0,0,0
Owenetta,2.3510400000000047,0,0,0,1,0
Ozimek,0.0,0,1,0,0,0
Pachagnathus,0.0,0,0,0,1,0
Pachypleurosaurus,4.9497800000000005,0,1,1,0,0
Pachystropheus,6.895629999999997,0,1,0,0,0
Palacrodon,78.937464,0,0,1,1,1
Palaeagama,0.0,0,0,0,1,0
Palaeochersis,0.0,0,0,0,1,0
Palaeosaurus,0.0,0,1,0,0,0
Paleollanosaurus,39.095419,0,1,1,0,0
Paliguana,0.0,0,0,0,1,0
Pamelaria,0.0,0,0,0,1,0
Pamelina,0.0,0,1,0,0,0
Pampadromaeus,3.3607700000000023,0,0,0,1,0
Panguraptor,0.0,0,1,0,0,0
Panphagia,0.0,0,0,0,1,0
Pantydraco,0.0,0,1,0,0,0
Panzhousaurus,0.0,0,0,1,0,0
Pappochelys,0.0,0,1,0,0,0
Parahupehsuchus,0.0,0,0,1,0,0
Paralonectes,1.1984100000000026,0,1,0,0,0
Paraplacodus,3.547509999999999,0,1,1,0,0
Pararcus,0.0,0,1,0,0,0
Parasaurus,2.021469999999997,0,1,0,0,0
Parasuchus,64.1293,0,1,1,1,0
Paratypothorax,35.947568999999994,0,1,1,0,0
Pareiasaurus,15.375370000000004,0,0,0,1,0
Pareiasuchus,15.375370000000004,0,0,0,1,0
Parringtonia,0.0,0,0,0,1,0
Partanosaurus,0.0,0,1,0,0,0
Parvosuchus,0.0,0,0,0,1,0
Pectodens,0.0,0,0,1,0,0
Pelecymala,0.0,0,1,0,0,0
Pendraig,0.0,0,1,0,0,0
Pentaedrusaurus,0.0,0,1,0,0,0
Permotriturus,0.0,0,1,0,0,0
Pessopteryx,0.506610000000002,0,1,0,0,0
Peteinosaurus,0.0,0,0,1,0,0
Phaanthosaurus,4.14875,0,1,0,0,0
Phalarodon,35.22367,0,1,1,0,0
Phantomosaurus,0.0,0,1,0,0,0
Phonodus,0.0,0,0,0,1,0
Pinheirochampsa,0.0,0,0,0,1,0
Pintosaurus,0.0,0,0,0,1,0
Pisanosaurus,0.0,0,0,0,1,0
Pistosaurus,18.447270000000003,0,1,1,0,0
Placochelys,25.98769,0,1,1,0,0
Placodus,44.344357,0,1,1,0,0
Planocephalosaurus,37.438888999999996,0,1,1,0,0
Plateosauravus,0.0,0,0,0,1,0
Plateosaurus,111.06939,0,1,0,1,0
Plesiosaurus,6.923099999999998,0,1,0,0,0
Polesinesuchus,0.0,0,0,0,1,0
Polonosuchus,0.0,0,1,0,0,0
Polymorphodon,0.0,0,1,0,0,0
Poposaurus,11.102162,0,0,1,0,0
Postosuchus,7.5587670000000005,0,0,1,0,0
Powellvenator,0.0,0,0,0,1,0
Pravusuchus,0.0,0,0,1,0,0
Preondactylus,0.0,0,1,0,0,0
Prestosuchus,6.239959999999996,0,0,0,1,0
Procerosuchus,0.0,0,0,0,1,0
Procolina,0.0,0,1,0,0,0
Procolophon,31.262080000000005,0,0,0,1,1
Procolophonichnium,0.0,0,0,0,1,0
Procompsognathus,0.0,0,1,0,0,0
Proganochelys,41.349518999999994,0,1,1,0,0
Prolacerta,19.49993,0,0,0,1,1
Prolacertoides,0.0,0,1,0,0,0
Prosantosaurus,0.0,0,1,0,0,0
Prosaurosphargis,0.0,0,0,1,0,0
Protanystropheus,6.58079,0,1,1,0,0
Protecovasaurus,0.0,0,0,1,0,0
Protenodontosaurus,0.0,0,1,0,0,0
Proteosaurus,2.002769999999998,0,1,0,0,0
Proterochampsa,0.0,0,0,0,1,0
Proterochersis,5.7967200000000005,0,1,0,0,0
Proterosuchus,123.86668,0,1,0,1,0
Protoavis,0.0,0,0,1,0,0
Protocaptorhinus,2.2508325,0,0,1,0,0
Protoichthyosaurus,0.0,0,1,0,0,0
Protome,0.0,0,0,1,0,0
Protorosaurus,2.021469999999997,0,1,0,0,0
Protorothyris,1.4431420000000001,0,0,1,0,0
Protosuchus,17.676212,0,1,1,0,0
Provelosaurus,2.464269999999999,0,0,0,1,0
Psephochelys,0.0,0,1,0,0,0
Psephoderma,51.085871000000004,0,1,1,0,0
Psephosauriscus,2.8971590000000003,0,0,1,0,0
Psephosaurus,35.767251,0,1,1,0,0
Pseudhesperosuchus,0.0,0,0,0,1,0
Pseudochampsa,0.0,0,0,0,1,0
Pterodactylus,0.0,0,1,0,0,0
Puercosuchus,0.0,0,0,1,0,0
Pumiliopareia,0.0,0,0,0,1,0
Qianichthyosaurus,10.77627,0,1,1,0,0
Qianosuchus,0.0,0,0,1,0,0
Qianxisaurus,0.0,0,0,1,0,0
Quasianosteosaurus,0.0,0,1,0,0,0
Raibliania,0.0,0,1,0,0,0
Rauisuchus,0.0,0,0,0,1,0
Rautiania,0.0,0,1,0,0,0
Redondasuchus,0.0,0,0,1,0,0
Redondavenator,0.0,0,0,1,0,0
Retymaijychampsa,0.0,0,0,0,1,0
Revueltosaurus,8.209111,0,0,1,0,0
Rhaeticosaurus,0.0,0,1,0,0,0
Rhipaeosaurus,2.415140000000001,0,1,0,0,0
Rhomaleosaurus,3.527619999999999,0,1,0,0,0
Rhombopholis,1.153649999999999,0,1,1,0,0
Rioarribasuchus,5.306681,0,0,1,0,0
Riojasaurus,0.0,0,0,0,1,0
Riojasuchus,0.0,0,0,0,1,0
Romeria,0.0,0,0,1,0,0
Rothianiscus,0.0,0,0,1,0,0
Ruehleia,0.0,0,1,0,0,0
Rugarhynchos,0.0,0,0,1,0,0
Ruhuhuaria,0.0,0,0,0,1,0
Rutiodon,13.2635849,0,0,1,0,0
Sacisaurus,0.0,0,0,0,1,0
Saltoposuchus,1.610599999999998,0,1,0,0,0
Sanchiaosaurus,0.0,0,0,1,0,0
Sanchuansaurus,0.0,0,1,0,0,0
Sanjuansaurus,0.0,0,0,0,1,0
Santaisaurus,0.0,0,1,0,0,0
Sarcosaurus,0.0,0,1,0,0,0
Sarmatosuchus,0.0,0,1,0,0,0
Saturnalia,0.9229100000000017,0,0,0,1,0
Saurodektes,4.564619999999998,0,0,0,1,0
Sauropareion,4.564619999999998,0,0,0,1,0
Saurorictus,0.0,0,0,0,1,0
Saurosternon,0.0,0,0,0,1,0
Saurosuchus,0.0,0,0,0,1,0
Scelidosaurus,0.0,0,1,0,0,0
Scharschengia,0.0,0,1,0,0,0
Schleitheimia,0.0,0,1,0,0,0
Schultzsuchus,0.0,0,0,0,1,0
Sclerocormus,0.0,0,1,0,0,0
Sclerosaurus,11.056659999999999,0,0,1,0,0
Sclerostropheus,0.0,0,0,1,0,0
Scoloparia,25.3814,0,1,1,0,0
Scolotosuchus,0.0,0,1,0,0,0
Scutarx,2.823163,0,0,1,0,0
Scutosaurus,4.5411,0,1,0,0,0
Scythosuchus,0.0,0,1,0,0,0
Seazzadactylus,0.0,0,1,0,0,0
Serpianosaurus,7.488620000000001,0,1,1,0,0
Shansisuchus,2.8764600000000016,0,1,0,0,0
Shastasaurus,27.455042,0,1,1,0,0
Shihtienfenia,2.1165499999999966,0,1,0,0,0
Shonisaurus,33.066781,0,1,1,0,0
Shringasaurus,0.0,0,0,0,1,0
Shuangbaisaurus,0.0,0,1,0,0,0
Shuvosaurus,7.5587670000000005,0,0,1,0,0
Sigmala,0.0,0,1,0,0,0
Sikannisuchus,0.0,0,1,0,0,0
Silesaurus,0.0,0,1,0,0,0
Sillosuchus,0.0,0,0,0,1,0
Simosaurus,50.77384,0,1,1,0,0
Sinocyamodus,0.0,0,1,0,0,0
Sinosaurosphargis,0.0,0,0,1,0,0
Sinosaurus,0.0,0,1,0,0,0
Skybalonyx,0.0,0,0,1,0,0
Smilodonterpeton,0.0,0,1,0,0,0
Smilosuchus,2.783462,0,0,1,0,0
Sophineta,0.0,0,1,0,0,0
Soturnia,0.0,0,0,0,1,0
Soumyasaurus,0.0,0,0,1,0,0
Sphenotitan,0.0,0,0,0,1,0
Sphodrosaurus,0.0,0,0,1,0,0
Spinosuchus,2.533447,0,0,1,0,0
Spondylolestes,0.0,0,0,0,1,0
Spondylosoma,0.0,0,0,0,1,0
Stagonolepis,34.784999,0,1,1,0,0
Stagonosuchus,0.0,0,0,0,1,0
Staurikosaurus,0.0,0,0,0,1,0
Stauromatodon,0.0,0,1,0,0,0
Stegomus,2.9737739999999997,0,0,1,0,0
Stenaulorhynchus,0.0,0,0,0,1,0
Stenomyti,0.0,0,0,1,0,0
Stenoscelida,0.0,0,0,0,1,0
Stereosternum,32.16553,0,0,0,1,1
Styracocephalus,0.0,0,0,0,1,0
Suchonosaurus,0.0,0,1,0,0,0
Sumidadectes,0.0,0,0,1,0,0
Syntarsus,0.0,0,0,1,0,0
Syntomiprosopus,0.0,0,0,1,0,0
Tachiraptor,0.0,0,0,1,0,0
Tanaisosaurus,0.0,0,1,0,0,0
Tangasaurus,0.0,0,0,0,1,0
Tanystropheus,52.357031,0,1,1,0,0
Tanytrachelos,5.385948,0,0,1,0,0
Tarjadia,0.0,0,0,0,1,0
Tasmaniosaurus,18.692999999999998,0,0,0,1,1
Tawa,0.0,0,0,1,0,0
Taytalura,0.0,0,0,0,1,0
Technosaurus,0.0,0,0,1,0,0
Tecovasaurus,2.823163,0,0,1,0,0
Tecovasuchus,0.0,0,0,1,0,0
Teleocrater,0.0,0,0,0,1,0
Temnodontosaurus,4.94455,0,1,0,0,0
Teraterpeton,0.0,0,0,1,0,0
Teratophon,0.0,0,0,0,1,0
Teratosaurus,78.08780999999999,0,1,0,1,0
Termatosaurus,5.347680000000004,0,1,0,0,0
Terrestrisuchus,0.0,0,1,0,0,0
Teyujagua,0.0,0,0,0,1,0
Teyumbaita,0.0,0,0,0,1,0
Thadeosaurus,0.0,0,0,0,1,0
Thaisaurus,0.0,0,0,1,0,0
Thalassiodracon,4.238639999999997,0,1,0,0,0
Thalattoarchon,0.0,0,0,1,0,0
Thalattosaurus,0.0,0,1,0,0,0
Thecodontosaurus,11.755419999999997,0,1,0,0,0
Theledectes,0.0,0,0,0,1,0
Thelephon,0.0,0,0,0,1,0
Thelerpeton,0.0,0,0,0,1,0
Tholodus,28.99326,0,1,1,0,0
Threordatoth,0.0,0,1,0,0,0
Thuringothyris,0.0,0,0,1,0,0
Tichvinskia,2.2120200000000025,0,1,0,0,0
Ticinosuchus,0.0,0,0,1,0,0
Tikisuchus,0.0,0,0,0,1,0
Timanophon,1.4599600000000024,0,1,0,0,0
Toretocnemus,0.0,0,0,1,0,0
Trachelosaurus,0.0,0,1,0,0,0
Tramuntanasaurus,0.0,0,0,0,1,0
Trialestes,0.0,0,0,0,1,0
Tricuspisaurus,0.0,0,1,0,0,0
Trilophosaurus,2.823163,0,0,1,0,0
Tropidosuchus,0.0,0,0,0,1,0
Tuebingosaurus,0.0,0,1,0,0,0
Turfanosuchus,0.0,0,1,0,0,0
Typothorax,7.5587670000000005,0,0,1,0,0
Uatchitodon,0.629581,0,0,1,0,0
Unaysaurus,0.0,0,0,0,1,0
Unguinychus,0.0,0,0,1,0,0
Uralosaurus,1.9393200000000022,0,1,0,0,0
Utatsusaurus,14.748650000000001,0,1,1,0,0
Vallesaurus,0.0,0,0,1,0,0
Vancleavea,7.767745,0,0,1,0,0
Variodens,3.5667299999999997,0,1,0,0,0
Vellbergia,0.0,0,1,0,0,0
Velocipes,0.0,0,1,0,0,0
Venaticosuchus,0.0,0,0,0,1,0
Venetoraptor,3.3607700000000023,0,0,0,1,0
Vinitasaura,0.0,0,0,1,0,0
Vivaron,0.0,0,0,1,0,0
Vjushkovisaurus,1.9393200000000022,0,1,0,0,0
Volcanosuchus,0.0,0,0,0,1,0
Vonhuenia,0.0,0,1,0,0,0
Vritramimosaurus,0.0,0,1,0,0,0
Vytshegdosuchus,0.0,0,1,0,0,0
Wahlisaurus,0.0,0,1,0,0,0
Waluchelys,0.0,0,0,0,1,0
Wangosaurus,0.0,0,0,1,0,0
Wannia,0.0,0,0,1,0,0
Wapitisaurus,0.0,0,1,0,0,0
Weigeltisaurus,2.021469999999997,0,1,0,0,0
Whitakersaurus,0.0,0,0,1,0,0
Wimanius,0.0,0,0,1,0,0
Wumengosaurus,0.0,0,0,1,0,0
Xenodiphyodon,0.0,0,0,1,0,0
Xilousuchus,0.0,0,1,0,0,0
Xingxiulong,0.0,0,1,0,0,0
Xinminosaurus,0.0,0,0,1,0,0
Xinpusaurus,8.228819999999999,0,1,1,0,0
Yarasuchus,0.0,0,0,0,1,0
Yelaphomte,0.0,0,0,0,1,0
Yimenosaurus,0.0,0,1,0,0,0
Youngetta,0.0,0,1,0,0,0
Youngina,2.3086899999999986,0,0,0,1,0
Youngosuchus,0.0,0,1,0,0,0
Yunguisaurus,0.0,0,0,1,0,0
Yunnanosaurus,0.0,0,1,0,0,0
Zanclodon,9.851849999999999,0,1,0,0,0
Zhongjiania,0.0,0,1,0,0,0
Zupaysaurus,0.0,0,0,0,1,0
new Neotheropoda,0.0,0,0,0,1,0
new Rhynchocephalia,0.0,0,0,0,1,0
